site,Date,Tmax,Tmin,Prec,LW,RHmax,RHmin,chillState,ChillRate,antiChillState,forcingRate,forcingState,cycleCompletion,bbchCode,bbchPhase,plantSusceptibility,Rule310,Epi,Ipi,Dmcast,Magarey,UCSC,misfits,laore,onsRule310,onsEpi,onsIpi,onsDmcast,onsMagarey,onsUCSC,onsmisfits,onslaore,pressureRule310,pressureEpi,pressureIpi,pressureDmcast,pressureMagarey,pressureUCSC,pressureMisfits,pressureLaore
C:\Users\eleonora.delcavallo\Desktop\workshop modellistica\output_stations\\hourly\Franchetti Tresivio - Melo.csv,1/1/2025 12:00:00 AM,0.33,0.33,0,0,44,44,0,-0,0,0,0,0,0,0,0,0,0,0,0,0,0,0,0,0,0,0,0,0,0,0,0,0,0,0,0,0,0,0,0
C:\Users\eleonora.delcavallo\Desktop\workshop modellistica\output_stations\\hourly\Franchetti Tresivio - Melo.csv,1/2/2025 12:00:00 AM,7.32,-2.53,0,0,76,41,-2.7199187,-2.7199187,0,0,0,0,0,0,0,0,0,0,0,0,0,0,0,0,0,0,0,0,0,0,0,0,0,0,0,0,0,0,0
C:\Users\eleonora.delcavallo\Desktop\workshop modellistica\output_stations\\hourly\Franchetti Tresivio - Melo.csv,1/3/2025 12:00:00 AM,6.64,0.54,0,1,90,39,-5.7699184,-3.05,0,0,0,0,0,0,0,0,0,0,0,0,0,0,0,0,0,0,0,0,0,0,0,0,0,0,0,0,0,0,0
C:\Users\eleonora.delcavallo\Desktop\workshop modellistica\output_stations\\hourly\Franchetti Tresivio - Melo.csv,1/4/2025 12:00:00 AM,8.97,-4.76,0.3,3,78,18,-8.700031,-2.930113,0,0,0,0,0,0,0,0,0,0,0,0,0,0,0,0,0,0,0,0,0,0,0,0,0,0,0,0,0,0,0
C:\Users\eleonora.delcavallo\Desktop\workshop modellistica\output_stations\\hourly\Franchetti Tresivio - Melo.csv,1/5/2025 12:00:00 AM,4.63,-3.55,0,0,60,35,-10.010355,-1.310324,0,0,0,0,0,0,0,0,0,0,0,0,0,0,0,0,0,0,0,0,0,0,0,0,0,0,0,0,0,0,0
C:\Users\eleonora.delcavallo\Desktop\workshop modellistica\output_stations\\hourly\Franchetti Tresivio - Melo.csv,1/6/2025 12:00:00 AM,4.6,-2.88,0,0,83,38,-11.424793,-1.4144385,0,0,0,0,0,0,0,0,0,0,0,0,0,0,0,0,0,0,0,0,0,0,0,0,0,0,0,0,0,0,0
C:\Users\eleonora.delcavallo\Desktop\workshop modellistica\output_stations\\hourly\Franchetti Tresivio - Melo.csv,1/7/2025 12:00:00 AM,3.52,1.85,19.9,23,100,68,-12.259793,-0.8349999,0,0,0,0,0,0,0,0,0,0,0,0,0,0,0,0,0,0,0,0,0,0,0,0,0,0,0,0,0,0,0
C:\Users\eleonora.delcavallo\Desktop\workshop modellistica\output_stations\\hourly\Franchetti Tresivio - Melo.csv,1/8/2025 12:00:00 AM,4.66,0.58,16.699999,11,100,38,-14.299793,-2.04,0,0,0,0,0,0,0,0,0,0,0,0,0,0,0,0,0,0,0,0,0,0,0,0,0,0,0,0,0,0,0
C:\Users\eleonora.delcavallo\Desktop\workshop modellistica\output_stations\\hourly\Franchetti Tresivio - Melo.csv,1/9/2025 12:00:00 AM,7.63,0.23,0.8,1,76,36,-17.999794,-3.7,0,0,0,0,0,0,0,0,0,0,0,0,0,0,0,0,0,0,0,0,0,0,0,0,0,0,0,0,0,0,0
C:\Users\eleonora.delcavallo\Desktop\workshop modellistica\output_stations\\hourly\Franchetti Tresivio - Melo.csv,1/10/2025 12:00:00 AM,7.63,2.34,5.4,10,90,32,-20.644794,-2.6450002,0,0,0,0,0,0,0,0,0,0,0,0,0,0,0,0,0,0,0,0,0,0,0,0,0,0,0,0,0,0,0
C:\Users\eleonora.delcavallo\Desktop\workshop modellistica\output_stations\\hourly\Franchetti Tresivio - Melo.csv,1/11/2025 12:00:00 AM,6.09,-0.22,0.5,1,74,27,-23.58363,-2.9388351,0,0,0,0,0,0,0,0,0,0,0,0,0,0,0,0,0,0,0,0,0,0,0,0,0,0,0,0,0,0,0
C:\Users\eleonora.delcavallo\Desktop\workshop modellistica\output_stations\\hourly\Franchetti Tresivio - Melo.csv,1/12/2025 12:00:00 AM,5.61,-5.51,0,0,62,23,-24.998741,-1.4151124,0,0,0,0,0,0,0,0,0,0,0,0,0,0,0,0,0,0,0,0,0,0,0,0,0,0,0,0,0,0,0
C:\Users\eleonora.delcavallo\Desktop\workshop modellistica\output_stations\\hourly\Franchetti Tresivio - Melo.csv,1/13/2025 12:00:00 AM,5.82,-4.45,0,0,85,42,-26.647835,-1.6490945,0,0,0,0,0,0,0,0,0,0,0,0,0,0,0,0,0,0,0,0,0,0,0,0,0,0,0,0,0,0,0
C:\Users\eleonora.delcavallo\Desktop\workshop modellistica\output_stations\\hourly\Franchetti Tresivio - Melo.csv,1/14/2025 12:00:00 AM,6.69,-2.81,0,0,74,39,-29.003418,-2.3555841,0,0,0,0,0,0,0,0,0,0,0,0,0,0,0,0,0,0,0,0,0,0,0,0,0,0,0,0,0,0,0
C:\Users\eleonora.delcavallo\Desktop\workshop modellistica\output_stations\\hourly\Franchetti Tresivio - Melo.csv,1/15/2025 12:00:00 AM,4.42,-3.2,0,0,83,30,-30.285334,-1.281916,0,0,0,0,0,0,0,0,0,0,0,0,0,0,0,0,0,0,0,0,0,0,0,0,0,0,0,0,0,0,0
C:\Users\eleonora.delcavallo\Desktop\workshop modellistica\output_stations\\hourly\Franchetti Tresivio - Melo.csv,1/16/2025 12:00:00 AM,7.23,-2.9,0,0,79,44,-32.865437,-2.5801036,0,0,0,0,0,0,0,0,0,0,0,0,0,0,0,0,0,0,0,0,0,0,0,0,0,0,0,0,0,0,0
C:\Users\eleonora.delcavallo\Desktop\workshop modellistica\output_stations\\hourly\Franchetti Tresivio - Melo.csv,1/17/2025 12:00:00 AM,7.34,-1.09,0,0,70,45,-36.060905,-3.1954687,0,0,0,0,0,0,0,0,0,0,0,0,0,0,0,0,0,0,0,0,0,0,0,0,0,0,0,0,0,0,0
C:\Users\eleonora.delcavallo\Desktop\workshop modellistica\output_stations\\hourly\Franchetti Tresivio - Melo.csv,1/18/2025 12:00:00 AM,6.2,-2.15,0,0,79,38,-38.3627,-2.3017962,0,0,0,0,0,0,0,0,0,0,0,0,0,0,0,0,0,0,0,0,0,0,0,0,0,0,0,0,0,0,0
C:\Users\eleonora.delcavallo\Desktop\workshop modellistica\output_stations\\hourly\Franchetti Tresivio - Melo.csv,1/19/2025 12:00:00 AM,9.47,-1.67,0,0,57,23,-42.38788,-4.025175,0,0,0,0,0,0,0,0,0,0,0,0,0,0,0,0,0,0,0,0,0,0,0,0,0,0,0,0,0,0,0
C:\Users\eleonora.delcavallo\Desktop\workshop modellistica\output_stations\\hourly\Franchetti Tresivio - Melo.csv,1/20/2025 12:00:00 AM,5.12,1.85,3.9,15,91,38,-44.022877,-1.6349999,0,0,0,0,0,0,0,0,0,0,0,0,0,0,0,0,0,0,0,0,0,0,0,0,0,0,0,0,0,0,0
C:\Users\eleonora.delcavallo\Desktop\workshop modellistica\output_stations\\hourly\Franchetti Tresivio - Melo.csv,1/21/2025 12:00:00 AM,6.1,2.25,2.5,20,91,79,-45.947876,-1.9250002,0,0,0,0,0,0,0,0,0,0,0,0,0,0,0,0,0,0,0,0,0,0,0,0,0,0,0,0,0,0,0
C:\Users\eleonora.delcavallo\Desktop\workshop modellistica\output_stations\\hourly\Franchetti Tresivio - Melo.csv,1/22/2025 12:00:00 AM,10,0.49,0,0,76,48,-50.702877,-4.755,0,0,0,0,0,0,0,0,0,0,0,0,0,0,0,0,0,0,0,0,0,0,0,0,0,0,0,0,0,0,0
C:\Users\eleonora.delcavallo\Desktop\workshop modellistica\output_stations\\hourly\Franchetti Tresivio - Melo.csv,1/23/2025 12:00:00 AM,6.09,0.58,1.3,5,80,48,-53.45788,-2.755,0,0,0,0,0,0,0,0,0,0,0,0,0,0,0,0,0,0,0,0,0,0,0,0,0,0,0,0,0,0,0
C:\Users\eleonora.delcavallo\Desktop\workshop modellistica\output_stations\\hourly\Franchetti Tresivio - Melo.csv,1/24/2025 12:00:00 AM,6.48,1.38,5,16,90,30,-56.007877,-2.5500002,0,0,0,0,0,0,0,0,0,0,0,0,0,0,0,0,0,0,0,0,0,0,0,0,0,0,0,0,0,0,0
C:\Users\eleonora.delcavallo\Desktop\workshop modellistica\output_stations\\hourly\Franchetti Tresivio - Melo.csv,1/25/2025 12:00:00 AM,12.07,1.19,0,0,56,23,-61.25096,-5.243084,0,0,0,0,0,0,0,0,0,0,0,0,0,0,0,0,0,0,0,0,0,0,0,0,0,0,0,0,0,0,0
C:\Users\eleonora.delcavallo\Desktop\workshop modellistica\output_stations\\hourly\Franchetti Tresivio - Melo.csv,1/26/2025 12:00:00 AM,7.59,2.06,3,6,91,61,-64.01596,-2.7649999,0,0,0,0,0,0,0,0,0,0,0,0,0,0,0,0,0,0,0,0,0,0,0,0,0,0,0,0,0,0,0
C:\Users\eleonora.delcavallo\Desktop\workshop modellistica\output_stations\\hourly\Franchetti Tresivio - Melo.csv,1/27/2025 12:00:00 AM,6.84,2.56,26,23,95,49,-66.15596,-2.1399999,0,0,0,0,0,0,0,0,0,0,0,0,0,0,0,0,0,0,0,0,0,0,0,0,0,0,0,0,0,0,0
C:\Users\eleonora.delcavallo\Desktop\workshop modellistica\output_stations\\hourly\Franchetti Tresivio - Melo.csv,1/28/2025 12:00:00 AM,6.11,3.21,24.7,22,95,68,-67.60596,-1.4499998,0,0,0,0,0,0,0,0,0,0,0,0,0,0,0,0,0,0,0,0,0,0,0,0,0,0,0,0,0,0,0
C:\Users\eleonora.delcavallo\Desktop\workshop modellistica\output_stations\\hourly\Franchetti Tresivio - Melo.csv,1/29/2025 12:00:00 AM,7.73,1.86,50,18,87,50,-70.540955,-2.935,0,0,0,0,0,0,0,0,0,0,0,0,0,0,0,0,0,0,0,0,0,0,0,0,0,0,0,0,0,0,0
C:\Users\eleonora.delcavallo\Desktop\workshop modellistica\output_stations\\hourly\Franchetti Tresivio - Melo.csv,1/30/2025 12:00:00 AM,10,1.1,0,0,65,38,-74.99095,-4.4500003,0,0,0,0,0,0,0,0,0,0,0,0,0,0,0,0,0,0,0,0,0,0,0,0,0,0,0,0,0,0,0
C:\Users\eleonora.delcavallo\Desktop\workshop modellistica\output_stations\\hourly\Franchetti Tresivio - Melo.csv,1/31/2025 12:00:00 AM,8.78,1.52,0,0,70,49,-78.62095,-3.6299996,0,0,0,0,0,0,0,0,0,0,0,0,0,0,0,0,0,0,0,0,0,0,0,0,0,0,0,0,0,0,0
C:\Users\eleonora.delcavallo\Desktop\workshop modellistica\output_stations\\hourly\Franchetti Tresivio - Melo.csv,2/1/2025 12:00:00 AM,7.96,1.11,1.5,5,85,60,-82.04595,-3.4249997,0,0,0,0,0,0,0,0,0,0,0,0,0,0,0,0,0,0,0,0,0,0,0,0,0,0,0,0,0,0,0
C:\Users\eleonora.delcavallo\Desktop\workshop modellistica\output_stations\\hourly\Franchetti Tresivio - Melo.csv,2/2/2025 12:00:00 AM,6.12,2.71,3.5,6,85,66,-83.75095,-1.7049999,0,0,0,0,0,0,0,0,0,0,0,0,0,0,0,0,0,0,0,0,0,0,0,0,0,0,0,0,0,0,0
C:\Users\eleonora.delcavallo\Desktop\workshop modellistica\output_stations\\hourly\Franchetti Tresivio - Melo.csv,2/3/2025 12:00:00 AM,12.57,1.27,0,0,76,30,-89.1087,-5.357748,0,0,0,0,0,0,0,0,0,0,0,0,0,0,0,0,0,0,0,0,0,0,0,0,0,0,0,0,0,0,0
C:\Users\eleonora.delcavallo\Desktop\workshop modellistica\output_stations\\hourly\Franchetti Tresivio - Melo.csv,2/4/2025 12:00:00 AM,13.81,1.51,0,0,65,34,-94.66862,-5.559915,0,0,0,0,0,0,0,0,0,0,0,0,0,0,0,0,0,0,0,0,0,0,0,0,0,0,0,0,0,0,0
C:\Users\eleonora.delcavallo\Desktop\workshop modellistica\output_stations\\hourly\Franchetti Tresivio - Melo.csv,2/5/2025 12:00:00 AM,10.78,0.77,0,0,72,31,-99.64323,-4.97461,0,0,0,0,0,0,0,0,0,0,0,0,0,0,0,0,0,0,0,0,0,0,0,0,0,0,0,0,0,0,0
C:\Users\eleonora.delcavallo\Desktop\workshop modellistica\output_stations\\hourly\Franchetti Tresivio - Melo.csv,2/6/2025 12:00:00 AM,13.26,0.74,0,0,63,15,-105.478806,-5.835575,0,0,0,0,0,0,0,0,0,0,0,0,0,0,0,0,0,0,0,0,0,0,0,0,0,0,0,0,0,0,0
C:\Users\eleonora.delcavallo\Desktop\workshop modellistica\output_stations\\hourly\Franchetti Tresivio - Melo.csv,2/7/2025 12:00:00 AM,13.26,0.54,0,0,57,19,-105.06105,-5.9422483,0.41775164,0,0,0,0,0,0,0,0,0,0,0,0,0,0,0,0,0,0,0,0,0,0,0,0,0,0,0,0,0,0
C:\Users\eleonora.delcavallo\Desktop\workshop modellistica\output_stations\\hourly\Franchetti Tresivio - Melo.csv,2/8/2025 12:00:00 AM,7.99,-0.29,0,0,74,49,-105.06105,-3.8550785,0,0,0,0,0,0,0,0,0,0,0,0,0,0,0,0,0,0,0,0,0,0,0,0,0,0,0,0,0,0,0
C:\Users\eleonora.delcavallo\Desktop\workshop modellistica\output_stations\\hourly\Franchetti Tresivio - Melo.csv,2/9/2025 12:00:00 AM,3.22,0.97,4.9,14,94,58,-105.06105,-1.125,0,0,0,0,0,0,0,0,0,0,0,0,0,0,0,0,0,0,0,0,0,0,0,0,0,0,0,0,0,0,0
C:\Users\eleonora.delcavallo\Desktop\workshop modellistica\output_stations\\hourly\Franchetti Tresivio - Melo.csv,2/10/2025 12:00:00 AM,5.2,1.67,20.9,24,99,83,-105.06105,-1.765,0,0,0,0,0,0,0,0,0,0,0,0,0,0,0,0,0,0,0,0,0,0,0,0,0,0,0,0,0,0,0
C:\Users\eleonora.delcavallo\Desktop\workshop modellistica\output_stations\\hourly\Franchetti Tresivio - Melo.csv,2/11/2025 12:00:00 AM,12.56,3.89,0.1,6,93,46,-104.683105,-3.957053,0.37794706,0,0,0,0,0,0,0,0,0,0,0,0,0,0,0,0,0,0,0,0,0,0,0,0,0,0,0,0,0,0
C:\Users\eleonora.delcavallo\Desktop\workshop modellistica\output_stations\\hourly\Franchetti Tresivio - Melo.csv,2/12/2025 12:00:00 AM,9.63,4.43,1.6,6,85,56,-104.683105,-2.6,0,0,0,0,0,0,0,0,0,0,0,0,0,0,0,0,0,0,0,0,0,0,0,0,0,0,0,0,0,0,0
C:\Users\eleonora.delcavallo\Desktop\workshop modellistica\output_stations\\hourly\Franchetti Tresivio - Melo.csv,2/13/2025 12:00:00 AM,9.63,4.43,0.70000005,14,95,71,-104.683105,-2.6,0,0,0,0,0,0,0,0,0,0,0,0,0,0,0,0,0,0,0,0,0,0,0,0,0,0,0,0,0,0,0
C:\Users\eleonora.delcavallo\Desktop\workshop modellistica\output_stations\\hourly\Franchetti Tresivio - Melo.csv,2/14/2025 12:00:00 AM,11.67,3.94,0,11,98,67,-104.50271,-3.6846056,0.18039457,0,0,0,0,0,0,0,0,0,0,0,0,0,0,0,0,0,0,0,0,0,0,0,0,0,0,0,0,0,0
C:\Users\eleonora.delcavallo\Desktop\workshop modellistica\output_stations\\hourly\Franchetti Tresivio - Melo.csv,2/15/2025 12:00:00 AM,9.99,-2.12,0.8,7,93,19,-104.50271,-4.1205654,0,0,0,0,0,0,0,0,0,0,0,0,0,0,0,0,0,0,0,0,0,0,0,0,0,0,0,0,0,0,0
C:\Users\eleonora.delcavallo\Desktop\workshop modellistica\output_stations\\hourly\Franchetti Tresivio - Melo.csv,2/16/2025 12:00:00 AM,11.39,-1.54,0,0,75,25,-104.42799,-5.091423,0.07471388,0,0,0,0,0,0,0,0,0,0,0,0,0,0,0,0,0,0,0,0,0,0,0,0,0,0,0,0,0,0
C:\Users\eleonora.delcavallo\Desktop\workshop modellistica\output_stations\\hourly\Franchetti Tresivio - Melo.csv,2/17/2025 12:00:00 AM,8.42,-1.11,0,0,82,48,-104.42799,-3.7196434,0,0,0,0,0,0,0,0,0,0,0,0,0,0,0,0,0,0,0,0,0,0,0,0,0,0,0,0,0,0,0
C:\Users\eleonora.delcavallo\Desktop\workshop modellistica\output_stations\\hourly\Franchetti Tresivio - Melo.csv,2/18/2025 12:00:00 AM,8.21,1.15,0,0,68,42,-104.42799,-3.5299997,0,0,0,0,0,0,0,0,0,0,0,0,0,0,0,0,0,0,0,0,0,0,0,0,0,0,0,0,0,0,0
C:\Users\eleonora.delcavallo\Desktop\workshop modellistica\output_stations\\hourly\Franchetti Tresivio - Melo.csv,2/19/2025 12:00:00 AM,9.58,1.58,0,0,75,37,-104.42799,-4,0,0,0,0,0,0,0,0,0,0,0,0,0,0,0,0,0,0,0,0,0,0,0,0,0,0,0,0,0,0,0
C:\Users\eleonora.delcavallo\Desktop\workshop modellistica\output_stations\\hourly\Franchetti Tresivio - Melo.csv,2/20/2025 12:00:00 AM,4.81,2.45,0,0,79,71,-104.42799,-1.1800001,0,0,0,0,0,0,0,0,0,0,0,0,0,0,0,0,0,0,0,0,0,0,0,0,0,0,0,0,0,0,0
C:\Users\eleonora.delcavallo\Desktop\workshop modellistica\output_stations\\hourly\Franchetti Tresivio - Melo.csv,2/21/2025 12:00:00 AM,10.88,0,0,0,78,53,-104.3924,-5.404412,0.035588242,0,0,0,0,0,0,0,0,0,0,0,0,0,0,0,0,0,0,0,0,0,0,0,0,0,0,0,0,0,0
C:\Users\eleonora.delcavallo\Desktop\workshop modellistica\output_stations\\hourly\Franchetti Tresivio - Melo.csv,2/22/2025 12:00:00 AM,12.86,0.56,0,0,78,52,-104.0599,-5.8174963,0.332504,0,0,0,0,0,0,0,0,0,0,0,0,0,0,0,0,0,0,0,0,0,0,0,0,0,0,0,0,0,0
C:\Users\eleonora.delcavallo\Desktop\workshop modellistica\output_stations\\hourly\Franchetti Tresivio - Melo.csv,2/23/2025 12:00:00 AM,10.17,3.89,0,0,75,55,-104.057594,-3.1376991,0.0023009575,0,0,0,0,0,0,0,0,0,0,0,0,0,0,0,0,0,0,0,0,0,0,0,0,0,0,0,0,0,0
C:\Users\eleonora.delcavallo\Desktop\workshop modellistica\output_stations\\hourly\Franchetti Tresivio - Melo.csv,2/24/2025 12:00:00 AM,14.68,4.44,0,0,84,43,-102.988144,-4.050547,1.0694532,0,0,0,0,0,0,0,0,0,0,0,0,0,0,0,0,0,0,0,0,0,0,0,0,0,0,0,0,0,0
C:\Users\eleonora.delcavallo\Desktop\workshop modellistica\output_stations\\hourly\Franchetti Tresivio - Melo.csv,2/25/2025 12:00:00 AM,15.96,5,0,0,84,51,-101.36763,-3.8594885,1.6205109,0,0,0,0,0,0,0,0,0,0,0,0,0,0,0,0,0,0,0,0,0,0,0,0,0,0,0,0,0,0
C:\Users\eleonora.delcavallo\Desktop\workshop modellistica\output_stations\\hourly\Franchetti Tresivio - Melo.csv,2/26/2025 12:00:00 AM,11.41,6.28,6.2,13,95,66,-101.17386,-2.3712282,0.1937719,0,0,0,0,0,0,0,0,0,0,0,1,0,0,0,0,0,0,0,0,0,0,0,0,0,0,0,1,0,0
C:\Users\eleonora.delcavallo\Desktop\workshop modellistica\output_stations\\hourly\Franchetti Tresivio - Melo.csv,2/27/2025 12:00:00 AM,14.95,3.63,3.2,11,97,43,-100.09159,-4.577734,1.0822659,0,0,0,0,0,0,0,0,0,0,0,0,0,0,0,0,0,0,0,0,0,0,0,0,0,0,0,0,0,0
C:\Users\eleonora.delcavallo\Desktop\workshop modellistica\output_stations\\hourly\Franchetti Tresivio - Melo.csv,2/28/2025 12:00:00 AM,15.56,2.96,0,0,69,24,-98.86486,-5.07327,1.2267303,0,0,0,0,0,0,0,0,0,0,0,0,0,0,0,0,0,0,0,0,0,0,0,0,0,0,0,0,0,0
C:\Users\eleonora.delcavallo\Desktop\workshop modellistica\output_stations\\hourly\Franchetti Tresivio - Melo.csv,3/1/2025 12:00:00 AM,14.07,1.32,0,0,81,24,-98.215256,-5.7253957,0.64960384,0,0,0,0,0,0,0,0,0,0,0,0,0,0,0,0,0,0,0,0,0,0,0,0,0,0,0,0,0,0
C:\Users\eleonora.delcavallo\Desktop\workshop modellistica\output_stations\\hourly\Franchetti Tresivio - Melo.csv,3/2/2025 12:00:00 AM,11.85,3.67,0,2,88,42,-98.00606,-3.8808007,0.20919934,0,0,0,0,0,0,0,0,0,0,0,0,0,0,0,0,0,0,0,0,0,0,0,0,0,0,0,0,0,0
C:\Users\eleonora.delcavallo\Desktop\workshop modellistica\output_stations\\hourly\Franchetti Tresivio - Melo.csv,3/3/2025 12:00:00 AM,13.84,2.41,0,0,77,29,-97.361015,-5.0699606,0.6450394,0,0,0,0,0,0,0,0,0,0,0,0,0,0,0,0,0,0,0,0,0,0,0,0,0,0,0,0,0,0
C:\Users\eleonora.delcavallo\Desktop\workshop modellistica\output_stations\\hourly\Franchetti Tresivio - Melo.csv,3/4/2025 12:00:00 AM,15.51,0.56,0,0,76,22,-96.34563,-6.459612,1.015388,0,0,0,0,0,0,0,0,0,0,0,0,0,0,0,0,0,0,0,0,0,0,0,0,0,0,0,0,0,0
C:\Users\eleonora.delcavallo\Desktop\workshop modellistica\output_stations\\hourly\Franchetti Tresivio - Melo.csv,3/5/2025 12:00:00 AM,17.04,0.37,0,0,46,27,-94.85908,-6.8484497,1.486551,0,0,0,0,0,0,0,0,0,0,0,0,0,0,0,0,0,0,0,0,0,0,0,0,0,0,0,0,0,0
C:\Users\eleonora.delcavallo\Desktop\workshop modellistica\output_stations\\hourly\Franchetti Tresivio - Melo.csv,3/6/2025 12:00:00 AM,18.53,1.9,0,0,55,27,-92.67144,-6.1273603,2.18764,0,0,0,0,0,0,0,0,0,0,0,0,0,0,0,0,0,0,0,0,0,0,0,0,0,0,0,0,0,0
C:\Users\eleonora.delcavallo\Desktop\workshop modellistica\output_stations\\hourly\Franchetti Tresivio - Melo.csv,3/7/2025 12:00:00 AM,17.6,2.1,0,0,64,27,-90.80821,-5.8867745,1.863226,0,0,0,0,0,0,0,0,0,0,0,0,0,0,0,0,0,0,0,0,0,0,0,0,0,0,0,0,0,0
C:\Users\eleonora.delcavallo\Desktop\workshop modellistica\output_stations\\hourly\Franchetti Tresivio - Melo.csv,3/8/2025 12:00:00 AM,17.12,3.85,0,0,60,20,-88.8981,-4.7248874,1.9101135,0,0,0,0,0,0,0,0,0,0,0,0,0,0,0,0,0,0,0,0,0,0,0,0,0,0,0,0,0,0
C:\Users\eleonora.delcavallo\Desktop\workshop modellistica\output_stations\\hourly\Franchetti Tresivio - Melo.csv,3/9/2025 12:00:00 AM,18.2,2.46,0,0,72,22,-86.762146,-5.7340403,2.1359596,0,0,0,0,0,0,0,0,0,0,0,0,0,0,0,0,0,0,0,0,0,0,0,0,0,0,0,0,0,0
C:\Users\eleonora.delcavallo\Desktop\workshop modellistica\output_stations\\hourly\Franchetti Tresivio - Melo.csv,3/10/2025 12:00:00 AM,16.3,2.97,0.1,1,73,28,-85.2734,-5.176252,1.488747,0,0,0,0,0,0,0,0,0,0,0,0,0,0,0,0,0,0,0,0,0,0,0,0,0,0,0,0,0,0
C:\Users\eleonora.delcavallo\Desktop\workshop modellistica\output_stations\\hourly\Franchetti Tresivio - Melo.csv,3/11/2025 12:00:00 AM,11.91,5.69,18.8,14,94,44,-84.98014,-2.8167446,0.2932556,0,0,0,0,0,0,1,0,0,0,0,0,0,0,0,0,0,0,0,0,0,0,1,0,0,0,0,0,0,0
C:\Users\eleonora.delcavallo\Desktop\workshop modellistica\output_stations\\hourly\Franchetti Tresivio - Melo.csv,3/12/2025 12:00:00 AM,13.58,6.46,4.4,12,92,52,-84.08012,-2.6599724,0.90002805,0,0,0,0,0,0,0,0,0,0,0,0,0,0,0,0,0,0,0,0,0,0,0,0,0,0,0,0,0,0
C:\Users\eleonora.delcavallo\Desktop\workshop modellistica\output_stations\\hourly\Franchetti Tresivio - Melo.csv,3/13/2025 12:00:00 AM,9.99,7.33,17.1,21,95,72,-84.08012,-1.3299999,0,0,0,0,0,0,0,0,0,0,0,0,1,0,0,0,0,0,0,0,0,0,0,0,0,0,0,0,1,0,0
C:\Users\eleonora.delcavallo\Desktop\workshop modellistica\output_stations\\hourly\Franchetti Tresivio - Melo.csv,3/14/2025 12:00:00 AM,12.1,6.55,8.7,20,86,56,-83.682816,-2.3777032,0.39729744,0,0,0,0,0,0,0,0,0,0,0,1,0,0,0,0,0,0,0,0,0,0,0,0,0,0,0,1,0,0
C:\Users\eleonora.delcavallo\Desktop\workshop modellistica\output_stations\\hourly\Franchetti Tresivio - Melo.csv,3/15/2025 12:00:00 AM,12.25,5.81,5.7000003,14,85,61,-83.289764,-2.8269486,0.39305124,0,0,0,0,0,0,0,0,0,0,0,1,0,0,0,0,0,0,0,0,0,0,0,0,0,0,0,1,0,0
C:\Users\eleonora.delcavallo\Desktop\workshop modellistica\output_stations\\hourly\Franchetti Tresivio - Melo.csv,3/16/2025 12:00:00 AM,11.6,7.4,12.6,18,85,72,-82.985,-1.7952379,0.304762,0,0,0,0,0,0,0,0,0,0,0,1,0,0,0,0,0,0,0,0,0,0,0,0,0,0,0,1,0,0
C:\Users\eleonora.delcavallo\Desktop\workshop modellistica\output_stations\\hourly\Franchetti Tresivio - Melo.csv,3/17/2025 12:00:00 AM,12.94,5.14,11.2,15,86,49,-82.43092,-3.3459234,0.5540768,0,0,0,0,0,0,0,0,0,0,0,0,0,0,0,0,0,0,0,0,0,0,0,0,0,0,0,0,0,0
C:\Users\eleonora.delcavallo\Desktop\workshop modellistica\output_stations\\hourly\Franchetti Tresivio - Melo.csv,3/18/2025 12:00:00 AM,17.45,4.23,0,0,80,30,-80.33173,-4.5108128,2.0991871,0,0,0,0,0,0,0,0,0,0,0,0,0,0,0,0,0,0,0,0,0,0,0,0,0,0,0,0,0,0
C:\Users\eleonora.delcavallo\Desktop\workshop modellistica\output_stations\\hourly\Franchetti Tresivio - Melo.csv,3/19/2025 12:00:00 AM,8.62,2.85,0.4,1,74,52,-80.33173,-2.8849998,0,0,0,0,0,0,0,0,0,0,0,0,0,0,0,0,0,0,0,0,0,0,0,0,0,0,0,0,0,0,0
C:\Users\eleonora.delcavallo\Desktop\workshop modellistica\output_stations\\hourly\Franchetti Tresivio - Melo.csv,3/20/2025 12:00:00 AM,13.76,4.19,0,0,73,30,-79.593094,-4.0463586,0.7386417,0,0,0,0,0,0,0,0,0,0,0,0,0,0,0,0,0,0,0,0,0,0,0,0,0,0,0,0,0,0
C:\Users\eleonora.delcavallo\Desktop\workshop modellistica\output_stations\\hourly\Franchetti Tresivio - Melo.csv,3/21/2025 12:00:00 AM,16,2.4,0,0,69,27,-78.26956,-5.4764705,1.3235294,0,0,0,0,0,0,0,0,0,0,0,0,0,0,0,0,0,0,0,0,0,0,0,0,0,0,0,0,0,0
C:\Users\eleonora.delcavallo\Desktop\workshop modellistica\output_stations\\hourly\Franchetti Tresivio - Melo.csv,3/22/2025 12:00:00 AM,13.96,4.02,0,0,71,39,-77.48075,-4.1811867,0.7888129,0,0,0,0,0,0,0,0,0,0,0,0,0,0,0,0,0,0,0,0,0,0,0,0,0,0,0,0,0,0
C:\Users\eleonora.delcavallo\Desktop\workshop modellistica\output_stations\\hourly\Franchetti Tresivio - Melo.csv,3/23/2025 12:00:00 AM,10.98,6.91,7.2000003,17,83,63,-77.36276,-1.9170147,0.11798515,0,0,0,0,0,0,0,0,0,0,0,0,0,0,0,0,0,0,0,0,0,0,0,0,0,0,0,0,0,0
C:\Users\eleonora.delcavallo\Desktop\workshop modellistica\output_stations\\hourly\Franchetti Tresivio - Melo.csv,3/24/2025 12:00:00 AM,12.38,7.22,14,16,95,65,-76.81389,-2.0311244,0.548876,0,0,0,0,0,0,0,0,0,0,0,1,1,0,0,0,0,0,0,0,0,0,0,0,0,0,0,1,1,0
C:\Users\eleonora.delcavallo\Desktop\workshop modellistica\output_stations\\hourly\Franchetti Tresivio - Melo.csv,3/25/2025 12:00:00 AM,16.31,5.57,0.3,1,85,43,-74.96025,-3.5163636,1.8536357,0,0,0,0,0,0,0,0,0,0,0,0,0,0,0,0,0,0,0,0,0,0,0,0,0,0,0,0,0,0
C:\Users\eleonora.delcavallo\Desktop\workshop modellistica\output_stations\\hourly\Franchetti Tresivio - Melo.csv,3/26/2025 12:00:00 AM,18.06,5.71,0,0,76,35,-72.33015,-3.5448952,2.630105,0,0,0,0,0,0,0,0,0,0,0,0,0,0,0,0,0,0,0,0,0,0,0,0,0,0,0,0,0,0
C:\Users\eleonora.delcavallo\Desktop\workshop modellistica\output_stations\\hourly\Franchetti Tresivio - Melo.csv,3/27/2025 12:00:00 AM,21.15,7.9,0,0,75,23,-67.63873,-1.9335847,4.691415,0,0,0,0,0,0,0,0,0,0,0,0,0,0,0,0,0,0,0,0,0,0,0,0,0,0,0,0,0,0
C:\Users\eleonora.delcavallo\Desktop\workshop modellistica\output_stations\\hourly\Franchetti Tresivio - Melo.csv,3/28/2025 12:00:00 AM,21.69,5.17,0,0,74,20,-63.50265,-4.1239195,4.1360807,0,0,0,0,0,0,0,0,0,0,0,0,0,0,0,0,0,0,0,0,0,0,0,0,0,0,0,0,0,0
C:\Users\eleonora.delcavallo\Desktop\workshop modellistica\output_stations\\hourly\Franchetti Tresivio - Melo.csv,3/29/2025 12:00:00 AM,19.79,5.58,0,0,77,27,-60.130234,-3.7325828,3.3724177,0,0,0,0,0,0,0,0,0,0,0,0,0,0,0,0,0,0,0,0,0,0,0,0,0,0,0,0,0,0
C:\Users\eleonora.delcavallo\Desktop\workshop modellistica\output_stations\\hourly\Franchetti Tresivio - Melo.csv,3/30/2025 12:00:00 AM,18.86,9.81,0,0,71,23,-55.79324,-0.18800545,4.336995,0,0,0,0,0,0,0,0,0,0,0,0,0,0,0,0,0,0,0,0,0,0,0,0,0,0,0,0,0,0
C:\Users\eleonora.delcavallo\Desktop\workshop modellistica\output_stations\\hourly\Franchetti Tresivio - Melo.csv,3/31/2025 12:00:00 AM,22.3,6.51,0,0,68,16,-51.00255,-3.1043096,4.79069,0,0,0,0,0,0,0,0,0,0,0,0,0,0,0,0,0,0,0,0,0,0,0,0,0,0,0,0,0,0
C:\Users\eleonora.delcavallo\Desktop\workshop modellistica\output_stations\\hourly\Franchetti Tresivio - Melo.csv,4/1/2025 12:00:00 AM,18.52,9.13,0,0,42,15,-47.137245,-0.8296969,3.8653038,0,0,0,0,0,0,0,0,0,0,0,0,0,0,0,0,0,0,0,0,0,0,0,0,0,0,0,0,0,0
C:\Users\eleonora.delcavallo\Desktop\workshop modellistica\output_stations\\hourly\Franchetti Tresivio - Melo.csv,4/2/2025 12:00:00 AM,16.08,3.48,0,0,54,17,-45.670326,-4.8330793,1.4669206,0,0,0,0,0,0,0,0,0,0,0,0,0,0,0,0,0,0,0,0,0,0,0,0,0,0,0,0,0,0
C:\Users\eleonora.delcavallo\Desktop\workshop modellistica\output_stations\\hourly\Franchetti Tresivio - Melo.csv,4/3/2025 12:00:00 AM,18.13,8.38,0,0,59,31,-42.280743,-1.4854147,3.3895843,0,0,0,0,0,0,0,0,0,0,0,0,0,0,0,0,0,0,0,0,0,0,0,0,0,0,0,0,0,0
C:\Users\eleonora.delcavallo\Desktop\workshop modellistica\output_stations\\hourly\Franchetti Tresivio - Melo.csv,4/4/2025 12:00:00 AM,21.8,6.81,0,0,68,27,-37.636314,-2.8505707,4.6444287,0,0,0,0,0,0,0,0,0,0,0,0,0,0,0,0,0,0,0,0,0,0,0,0,0,0,0,0,0,0
C:\Users\eleonora.delcavallo\Desktop\workshop modellistica\output_stations\\hourly\Franchetti Tresivio - Melo.csv,4/5/2025 12:00:00 AM,22.59,7.34,0,0,74,28,-32.439327,-2.4280128,5.196987,0,0,0,0,0,0,0,0,0,0,0,0,0,0,0,0,0,0,0,0,0,0,0,0,0,0,0,0,0,0
C:\Users\eleonora.delcavallo\Desktop\workshop modellistica\output_stations\\hourly\Franchetti Tresivio - Melo.csv,4/6/2025 12:00:00 AM,24.4,8.91,0,0,78,21,-25.745977,-1.0516486,6.6933503,0,0,0,0,0,0,0,0,0,0,0,0,0,0,0,0,0,0,0,0,0,0,0,0,0,0,0,0,0,0
C:\Users\eleonora.delcavallo\Desktop\workshop modellistica\output_stations\\hourly\Franchetti Tresivio - Melo.csv,4/7/2025 12:00:00 AM,25,7.96,0,0,62,13,-19.143866,-1.9178872,6.6021123,0,0,0,0,0,0,0,0,0,0,0,0,0,0,0,0,0,0,0,0,0,0,0,0,0,0,0,0,0,0
C:\Users\eleonora.delcavallo\Desktop\workshop modellistica\output_stations\\hourly\Franchetti Tresivio - Melo.csv,4/8/2025 12:00:00 AM,17.62,6.02,0,0,68,32,-16.64109,-3.2972245,2.5027761,0,0,0,0,0,0,0,0,0,0,0,0,0,0,0,0,0,0,0,0,0,0,0,0,0,0,0,0,0,0
C:\Users\eleonora.delcavallo\Desktop\workshop modellistica\output_stations\\hourly\Franchetti Tresivio - Melo.csv,4/9/2025 12:00:00 AM,15.48,5.46,0,0,77,37,-15.142568,-3.5114765,1.4985228,0,0,0,0,0,0,0,0,0,0,0,0,0,0,0,0,0,0,0,0,0,0,0,0,0,0,0,0,0,0
C:\Users\eleonora.delcavallo\Desktop\workshop modellistica\output_stations\\hourly\Franchetti Tresivio - Melo.csv,4/10/2025 12:00:00 AM,17.96,6.27,0,0,77,34,-12.432491,-3.1349232,2.7100766,0,0,0,0,0,0,0,0,0,0,0,0,0,0,0,0,0,0,0,0,0,0,0,0,0,0,0,0,0,0
C:\Users\eleonora.delcavallo\Desktop\workshop modellistica\output_stations\\hourly\Franchetti Tresivio - Melo.csv,4/11/2025 12:00:00 AM,21.85,5.07,0,0,84,18,-8.248268,-4.2057767,4.1842227,0,0,0,0,0,0,0,0,0,0,0,0,0,0,0,0,0,0,0,0,0,0,0,0,0,0,0,0,0,0
C:\Users\eleonora.delcavallo\Desktop\workshop modellistica\output_stations\\hourly\Franchetti Tresivio - Melo.csv,4/12/2025 12:00:00 AM,24.93,5.63,0,0,70,20,-2.4735293,-3.8752618,5.774739,0,0,0,0,0,0,0,0,0,0,0,0,0,0,0,0,0,0,0,0,0,0,0,0,0,0,0,0,0,0
C:\Users\eleonora.delcavallo\Desktop\workshop modellistica\output_stations\\hourly\Franchetti Tresivio - Melo.csv,4/13/2025 12:00:00 AM,21.3,6.81,0,0,69,29,0,-2.8388577,4.4061418,7.1018786,7.1018786,0.26303256,10.328791,10,1.9387182,0,0,0,0,0,0,0,0,0,0,0,0,0,0,0,0,0,0,0,0,0,0,0,0
C:\Users\eleonora.delcavallo\Desktop\workshop modellistica\output_stations\\hourly\Franchetti Tresivio - Melo.csv,4/14/2025 12:00:00 AM,14.4,12.63,2.2,14,90,57,0,0,3.5149994,6.3846483,13.4865265,0.499501,10.624376,10,2.1847932,0,0,0,0,0,1,0,0,0,0,0,0,0,0,0,0,0,0,0,0,0,1,0,0
C:\Users\eleonora.delcavallo\Desktop\workshop modellistica\output_stations\\hourly\Franchetti Tresivio - Melo.csv,4/15/2025 12:00:00 AM,15.53,11.5,3.7,9,94,68,0,0,3.5149994,6.3846483,19.871174,0.7359694,10.919962,10,2.4308681,0,0,0,0,0,0,0,0,0,0,0,0,0,0,0,0,0,0,0,0,0,0,0,0
C:\Users\eleonora.delcavallo\Desktop\workshop modellistica\output_stations\\hourly\Franchetti Tresivio - Melo.csv,4/16/2025 12:00:00 AM,16.41,11.11,12,20,96,66,0,0,3.7600002,6.7168827,26.588057,0.9847429,11.115464,11,2.5936239,1,0,0,0,0,1,0,0,0,0,0,0,0,0,0,0,1,0,0,0,0,1,0,0
C:\Users\eleonora.delcavallo\Desktop\workshop modellistica\output_stations\\hourly\Franchetti Tresivio - Melo.csv,4/17/2025 12:00:00 AM,17.2,11.87,8.4,16,93,61,0,0,4.535,7.694027,34.28208,1.2697067,11.293567,11,2.7418942,1,0,0,0,1,1,0,0,0,0,0,0,0,0,0,0,2,0,0,0,1,2,0,0
C:\Users\eleonora.delcavallo\Desktop\workshop modellistica\output_stations\\hourly\Franchetti Tresivio - Melo.csv,4/18/2025 12:00:00 AM,15.6,9.84,24.7,22,95,57,0,-0.15777755,2.7222226,5.225482,39.507565,1.4632431,11.414527,11,2.8425937,1,0,0,0,1,1,1,0,0,0,0,0,0,0,0,0,3,0,0,0,2,3,1,0
C:\Users\eleonora.delcavallo\Desktop\workshop modellistica\output_stations\\hourly\Franchetti Tresivio - Melo.csv,4/19/2025 12:00:00 AM,20.12,8.33,2,3,82,40,0,-1.5517263,4.343274,7.3164067,46.82397,1.7342212,12.055925,12,3.4543407,1,0,0,0,1,1,0,0,0,0,0,0,0,0,0,0,4,0,0,0,3,4,1,0
C:\Users\eleonora.delcavallo\Desktop\workshop modellistica\output_stations\\hourly\Franchetti Tresivio - Melo.csv,4/20/2025 12:00:00 AM,16.2,11.44,0,0,72,53,0,0,3.8199997,6.796507,53.620476,1.9859436,12.1608095,12,3.6875331,0,0,0,0,0,0,0,0,0,0,0,0,0,0,0,0,4,0,0,0,3,4,1,0
C:\Users\eleonora.delcavallo\Desktop\workshop modellistica\output_stations\\hourly\Franchetti Tresivio - Melo.csv,4/21/2025 12:00:00 AM,14.05,10.56,3.8999999,11,76,56,0,0,2.3050003,4.568504,58.18898,2.1551476,12.231312,12,3.844283,0,0,0,0,0,1,0,0,0,0,0,0,0,0,0,0,4,0,0,0,3,5,1,0
C:\Users\eleonora.delcavallo\Desktop\workshop modellistica\output_stations\\hourly\Franchetti Tresivio - Melo.csv,4/22/2025 12:00:00 AM,20.32,9.53,0,0,72,37,0,-0.45976353,4.935236,8.14461,66.33359,2.4567995,13.01775,13,5.5927973,0,0,0,0,0,0,0,0,0,0,0,0,0,0,0,0,4,0,0,0,3,5,1,0
C:\Users\eleonora.delcavallo\Desktop\workshop modellistica\output_stations\\hourly\Franchetti Tresivio - Melo.csv,4/23/2025 12:00:00 AM,24.87,8.38,0,0,85,35,0,-1.5404243,6.7045755,9.802021,76.135605,2.8198373,13.131199,13,5.845032,0,0,0,0,0,0,0,0,0,0,0,0,0,0,0,0,4,0,0,0,3,5,1,0
C:\Users\eleonora.delcavallo\Desktop\workshop modellistica\output_stations\\hourly\Franchetti Tresivio - Melo.csv,4/24/2025 12:00:00 AM,18.34,12.15,2.2,2,86,51,0,0,5.245,8.494309,84.62991,3.1344414,13.229513,13,6.0636177,0,0,0,0,0,1,0,0,0,0,0,0,0,0,0,0,4,0,0,0,3,6,1,0
C:\Users\eleonora.delcavallo\Desktop\workshop modellistica\output_stations\\hourly\Franchetti Tresivio - Melo.csv,4/25/2025 12:00:00 AM,17.36,9.07,6.2000003,7,79,34,0,-0.87783504,3.2671654,5.9620447,90.59196,3.3552575,14.038815,14,7.862964,0,0,0,0,0,1,0,0,0,0,0,0,0,0,0,0,4,0,0,0,3,7,1,0
C:\Users\eleonora.delcavallo\Desktop\workshop modellistica\output_stations\\hourly\Franchetti Tresivio - Melo.csv,4/26/2025 12:00:00 AM,21.99,8.2,0,0,47,24,0,-1.6825228,5.2124767,8.332613,98.92457,3.663873,14.115968,14,8.034502,0,0,0,0,0,0,0,0,0,0,0,0,0,0,0,0,4,0,0,0,3,7,1,0
C:\Users\eleonora.delcavallo\Desktop\workshop modellistica\output_stations\\hourly\Franchetti Tresivio - Melo.csv,4/27/2025 12:00:00 AM,20.54,7.78,4.3,7,82,36,0,-2.0268807,4.35312,7.23501,106.15958,3.9318361,14.182959,14,8.183445,0,0,0,0,0,1,0,0,0,0,0,0,0,0,0,0,4,0,0,0,3,8,1,0
C:\Users\eleonora.delcavallo\Desktop\workshop modellistica\output_stations\\hourly\Franchetti Tresivio - Melo.csv,4/28/2025 12:00:00 AM,20.41,11.72,8.7,19,93,59,0,0,6.0650005,9.309984,115.46956,4.2766504,25.003145,25,23.162033,0,0,0,0,0,1,0,1,0,0,0,0,0,0,0,0,4,0,0,0,3,9,1,1
C:\Users\eleonora.delcavallo\Desktop\workshop modellistica\output_stations\\hourly\Franchetti Tresivio - Melo.csv,4/29/2025 12:00:00 AM,23.84,10.56,0,5,95,46,0,0,7.200001,10.253555,125.723114,4.6564116,39.005333,39,41.58596,0,0,0,0,0,0,0,0,0,0,0,0,0,0,0,0,4,0,0,0,3,9,1,1
C:\Users\eleonora.delcavallo\Desktop\workshop modellistica\output_stations\\hourly\Franchetti Tresivio - Melo.csv,4/30/2025 12:00:00 AM,26.05,11.49,0,1,86,39,0,0,8.77,11.216317,136.93944,5.071831,53.010777,53,60.053883,0,0,0,0,0,0,0,0,1,0,0,0,0,0,0,0,4,0,0,0,3,9,1,1
C:\Users\eleonora.delcavallo\Desktop\workshop modellistica\output_stations\\hourly\Franchetti Tresivio - Melo.csv,5/1/2025 12:00:00 AM,27.42,11.67,0,0,51,33,0,0,9.545,11.5491,148.48854,5.4995756,53.074936,53,60.37468,0,0,0,0,0,0,0,0,1,0,0,0,1,0,0,0,4,0,0,0,3,9,1,1
C:\Users\eleonora.delcavallo\Desktop\workshop modellistica\output_stations\\hourly\Franchetti Tresivio - Melo.csv,5/2/2025 12:00:00 AM,28.89,13.75,0,0,52,30,0,0,11.32,11.965698,160.45424,5.9427495,53.14141,53,60.707054,0,0,0,0,0,0,0,0,1,0,0,0,0,0,1,0,4,0,0,0,3,9,1,1
C:\Users\eleonora.delcavallo\Desktop\workshop modellistica\output_stations\\hourly\Franchetti Tresivio - Melo.csv,5/3/2025 12:00:00 AM,28.89,14.15,0,0,53,27,0,0,11.52,11.9829235,172.43716,6.386562,53.207985,53,61.039925,0,0,0,0,0,0,0,0,1,0,0,0,1,0,0,0,4,0,0,0,3,9,1,1
C:\Users\eleonora.delcavallo\Desktop\workshop modellistica\output_stations\\hourly\Franchetti Tresivio - Melo.csv,5/4/2025 12:00:00 AM,25.49,15.37,0,0,56,34,0,0,10.43,11.816393,184.25356,6.824206,54.018906,54,65.09453,0,0,0,0,0,0,0,0,0,0,0,0,0,0,0,0,4,0,0,0,3,9,1,1
C:\Users\eleonora.delcavallo\Desktop\workshop modellistica\output_stations\\hourly\Franchetti Tresivio - Melo.csv,5/5/2025 12:00:00 AM,23.11,13.17,5.9,7,68,38,0,0,8.139999,10.876884,195.13043,7.2270527,54.067245,54,65.33623,0,0,1,0,0,0,0,0,0,0,0,0,0,0,0,0,4,0,1,0,3,9,1,1
C:\Users\eleonora.delcavallo\Desktop\workshop modellistica\output_stations\\hourly\Franchetti Tresivio - Melo.csv,5/6/2025 12:00:00 AM,16.61,12.43,29.7,24,80,56,0,0,4.5200005,7.676155,202.80658,7.511355,54.101364,54,65.50682,1,0,1,0,1,1,1,1,0,0,0,0,0,0,0,0,5,0,2,0,4,10,2,2
C:\Users\eleonora.delcavallo\Desktop\workshop modellistica\output_stations\\hourly\Franchetti Tresivio - Melo.csv,5/7/2025 12:00:00 AM,18.92,11.48,10.400001,18,74,51,0,0,5.2,8.446211,211.25279,7.8241773,54.1389,54,65.6945,1,0,1,0,1,1,1,0,0,0,0,0,0,0,0,0,6,0,3,0,5,11,3,2
C:\Users\eleonora.delcavallo\Desktop\workshop modellistica\output_stations\\hourly\Franchetti Tresivio - Melo.csv,5/8/2025 12:00:00 AM,16.55,10.79,22.4,23,100,71,0,0,3.67,6.596167,217.84895,8.06848,54.168217,54,65.84108,1,0,1,0,1,1,0,0,0,0,0,0,0,0,0,0,7,0,4,0,6,12,3,2
C:\Users\eleonora.delcavallo\Desktop\workshop modellistica\output_stations\\hourly\Franchetti Tresivio - Melo.csv,5/9/2025 12:00:00 AM,17.75,9.52,5.9,9,75,49,0,-0.466002,3.6489978,6.548807,224.39777,8.3110285,54.197323,54,65.98662,1,0,1,0,1,1,0,0,0,0,0,0,0,0,0,0,8,0,5,0,7,13,3,2
C:\Users\eleonora.delcavallo\Desktop\workshop modellistica\output_stations\\hourly\Franchetti Tresivio - Melo.csv,5/10/2025 12:00:00 AM,17.48,10.95,3.6000001,14,73,48,0,0,4.215,7.303935,231.7017,8.581545,55.024822,55,70.124115,0,0,1,0,1,1,0,0,0,0,0,0,0,0,0,0,8,0,6,0,8,14,3,2
C:\Users\eleonora.delcavallo\Desktop\workshop modellistica\output_stations\\hourly\Franchetti Tresivio - Melo.csv,5/11/2025 12:00:00 AM,21.22,10.4,0,0,60,39,0,0,5.8099995,9.068571,240.77028,8.917418,55.058407,55,70.29204,0,0,0,0,0,0,0,0,0,0,0,0,0,0,0,1,8,0,6,0,8,14,3,2
C:\Users\eleonora.delcavallo\Desktop\workshop modellistica\output_stations\\hourly\Franchetti Tresivio - Melo.csv,5/12/2025 12:00:00 AM,24.86,11.11,0,0,67,35,0,0,7.9850006,10.783798,251.55408,9.316817,55.098347,55,70.49173,0,0,0,0,0,0,0,0,0,0,0,0,0,0,0,0,8,0,6,0,8,14,3,2
C:\Users\eleonora.delcavallo\Desktop\workshop modellistica\output_stations\\hourly\Franchetti Tresivio - Melo.csv,5/13/2025 12:00:00 AM,23.3,13.04,6.1,10,62,37,0,0,8.17,10.894463,262.44855,9.720317,55.1387,55,70.6935,0,0,1,0,0,1,0,0,0,0,0,0,0,0,0,0,8,0,7,0,8,15,3,2
C:\Users\eleonora.delcavallo\Desktop\workshop modellistica\output_stations\\hourly\Franchetti Tresivio - Melo.csv,5/14/2025 12:00:00 AM,19.98,13.36,15.4,22,90,60,0,0,6.67,9.839308,272.28784,10.084735,56.007263,56,75.036316,1,0,1,0,0,1,1,1,0,0,0,0,0,0,0,0,9,0,8,0,8,16,4,3
C:\Users\eleonora.delcavallo\Desktop\workshop modellistica\output_stations\\hourly\Franchetti Tresivio - Melo.csv,5/15/2025 12:00:00 AM,22.75,12.78,0,4,90,51,0,0,7.7649994,10.645128,282.93298,10.478999,56.041058,56,75.20529,1,0,0,0,0,0,0,0,0,0,0,0,0,0,0,0,10,0,8,0,8,16,4,3
C:\Users\eleonora.delcavallo\Desktop\workshop modellistica\output_stations\\hourly\Franchetti Tresivio - Melo.csv,5/16/2025 12:00:00 AM,27,13.18,0.3,1,83,25,0,0,10.09,11.727812,294.6608,10.913363,56.07829,56,75.39145,0,0,0,0,0,0,0,0,0,0,0,0,0,0,0,0,10,0,8,0,8,16,4,3
C:\Users\eleonora.delcavallo\Desktop\workshop modellistica\output_stations\\hourly\Franchetti Tresivio - Melo.csv,5/17/2025 12:00:00 AM,22.97,10.6,0,0,70,27,0,0,6.785,9.933086,304.59387,11.281255,56.10982,56,75.5491,0,0,0,0,0,0,0,0,0,0,0,0,0,0,0,0,10,0,8,0,8,16,4,3
C:\Users\eleonora.delcavallo\Desktop\workshop modellistica\output_stations\\hourly\Franchetti Tresivio - Melo.csv,5/18/2025 12:00:00 AM,23.89,9.59,1.1,6,64,26,0,-0.40412235,6.7458773,9.896649,314.4905,11.647797,56.14124,56,75.70619,0,0,0,0,0,0,0,0,1,0,1,0,0,0,0,0,10,0,8,0,8,16,4,3
C:\Users\eleonora.delcavallo\Desktop\workshop modellistica\output_stations\\hourly\Franchetti Tresivio - Melo.csv,5/19/2025 12:00:00 AM,25.32,11.19,0,0,77,29,0,0,8.254999,10.943496,325.434,12.05311,57.028984,57,80.14492,0,0,0,0,0,0,0,0,1,0,1,0,1,0,1,1,10,0,8,0,8,16,4,3
C:\Users\eleonora.delcavallo\Desktop\workshop modellistica\output_stations\\hourly\Franchetti Tresivio - Melo.csv,5/20/2025 12:00:00 AM,26.04,12.04,0,0,77,39,0,0,9.040001,11.342806,336.7768,12.473214,57.06049,57,80.302444,0,0,0,0,0,0,0,0,1,0,1,0,1,0,0,0,10,0,8,0,8,16,4,3
C:\Users\eleonora.delcavallo\Desktop\workshop modellistica\output_stations\\hourly\Franchetti Tresivio - Melo.csv,5/21/2025 12:00:00 AM,21.24,15.6,0,0,68,41,0,0,8.42,11.035433,347.81223,12.881935,57.091145,57,80.45572,0,0,0,0,0,0,0,0,1,0,1,0,1,0,0,0,10,0,8,0,8,16,4,3
C:\Users\eleonora.delcavallo\Desktop\workshop modellistica\output_stations\\hourly\Franchetti Tresivio - Melo.csv,5/22/2025 12:00:00 AM,22.78,12.65,0,0,71,41,0,0,7.715,10.612539,358.42477,13.274992,57.120625,57,80.60312,0,0,0,0,0,0,0,0,0,0,1,0,1,0,0,0,10,0,8,0,8,16,4,3
C:\Users\eleonora.delcavallo\Desktop\workshop modellistica\output_stations\\hourly\Franchetti Tresivio - Melo.csv,5/23/2025 12:00:00 AM,15.6,11.32,16,18,84,43,0,0,3.46,6.308484,364.73325,13.508638,58.01169,58,85.05844,1,0,1,0,0,0,0,0,0,0,0,0,0,0,0,0,11,0,9,0,8,16,4,3
C:\Users\eleonora.delcavallo\Desktop\workshop modellistica\output_stations\\hourly\Franchetti Tresivio - Melo.csv,5/24/2025 12:00:00 AM,22.22,8.75,0,0,53,27,0,-1.1920009,5.542999,8.744924,373.47818,13.832526,58.03328,58,85.1664,1,0,0,0,0,0,0,0,0,0,0,0,0,0,0,0,12,0,9,0,8,16,4,3
C:\Users\eleonora.delcavallo\Desktop\workshop modellistica\output_stations\\hourly\Franchetti Tresivio - Melo.csv,5/25/2025 12:00:00 AM,22.89,7.85,0,0,57,27,0,-1.9963264,5.5236735,8.626078,382.10425,14.15201,58.054577,58,85.27289,0,0,0,0,0,0,0,0,0,0,0,0,0,0,0,0,12,0,9,0,8,16,4,3
C:\Users\eleonora.delcavallo\Desktop\workshop modellistica\output_stations\\hourly\Franchetti Tresivio - Melo.csv,5/26/2025 12:00:00 AM,23.15,10.63,0,0,57,29,0,0,6.8899994,10.016819,392.12106,14.523003,58.07931,58,85.39656,0,0,0,0,0,0,0,0,1,0,1,0,0,0,1,0,12,0,9,0,8,16,4,3
C:\Users\eleonora.delcavallo\Desktop\workshop modellistica\output_stations\\hourly\Franchetti Tresivio - Melo.csv,5/27/2025 12:00:00 AM,27,13.68,0,0,68,33,0,0,10.34,11.794651,403.9157,14.959841,58.108433,58,85.54216,0,0,0,0,0,0,0,0,1,0,1,0,0,0,1,1,12,0,9,0,8,16,4,3
C:\Users\eleonora.delcavallo\Desktop\workshop modellistica\output_stations\\hourly\Franchetti Tresivio - Melo.csv,5/28/2025 12:00:00 AM,23.49,14.59,1.6,7,94,53,0,0,9.040001,11.342806,415.2585,15.379945,59.022797,59,90.11398,0,0,0,0,0,0,0,0,0,0,0,0,0,0,0,0,12,0,9,0,8,16,4,3
C:\Users\eleonora.delcavallo\Desktop\workshop modellistica\output_stations\\hourly\Franchetti Tresivio - Melo.csv,5/29/2025 12:00:00 AM,24.26,13.14,0,4,89,54,0,0,8.700001,11.181672,426.4402,15.794081,59.047646,59,90.23823,0,0,0,0,0,0,0,0,0,0,0,0,0,0,0,0,12,0,9,0,8,16,4,3
C:\Users\eleonora.delcavallo\Desktop\workshop modellistica\output_stations\\hourly\Franchetti Tresivio - Melo.csv,5/30/2025 12:00:00 AM,28.31,14.98,0,0,71,27,0,0,11.645,11.9906645,438.43085,16.23818,59.07429,59,90.37146,0,0,0,0,0,0,0,0,0,0,0,0,0,0,0,0,12,0,9,0,8,16,4,3
C:\Users\eleonora.delcavallo\Desktop\workshop modellistica\output_stations\\hourly\Franchetti Tresivio - Melo.csv,5/31/2025 12:00:00 AM,28.39,13.95,0,0,77,41,0,0,11.17,11.948859,450.3797,16.680729,60.000767,60,95.00383,0,0,0,0,0,0,0,0,0,0,0,0,0,0,0,0,12,0,9,0,8,16,4,3
C:\Users\eleonora.delcavallo\Desktop\workshop modellistica\output_stations\\hourly\Franchetti Tresivio - Melo.csv,6/1/2025 12:00:00 AM,29.44,15.62,0,0,84,35,0,0,12.530001,11.979269,462.35898,17.124407,60.024967,60,95.12483,0,0,0,0,0,0,0,0,0,0,0,0,0,0,0,0,12,0,9,0,8,16,4,3
C:\Users\eleonora.delcavallo\Desktop\workshop modellistica\output_stations\\hourly\Franchetti Tresivio - Melo.csv,6/2/2025 12:00:00 AM,29.37,18.14,0,0,83,54,0,0,13.755001,11.773803,474.13278,17.560472,60.04875,60,95.24376,0,0,0,0,0,0,0,0,0,0,0,0,0,0,0,0,12,0,9,0,8,16,4,3
C:\Users\eleonora.delcavallo\Desktop\workshop modellistica\output_stations\\hourly\Franchetti Tresivio - Melo.csv,6/3/2025 12:00:00 AM,20.02,17.02,27.5,6,86,62,0,0,8.52,11.08907,485.22186,17.97118,60.071156,60,95.355774,1,0,1,0,0,0,0,0,0,0,0,0,0,0,0,0,13,0,10,0,8,16,4,3
C:\Users\eleonora.delcavallo\Desktop\workshop modellistica\output_stations\\hourly\Franchetti Tresivio - Melo.csv,6/4/2025 12:00:00 AM,23.98,16.58,5.6,13,96,66,0,0,10.279999,11.779473,497.00134,18.407457,61.003708,61,100,1,0,1,0,0,1,0,1,1,0,0,0,0,0,0,0,14,0,11,0,8,17,4,4
C:\Users\eleonora.delcavallo\Desktop\workshop modellistica\output_stations\\hourly\Franchetti Tresivio - Melo.csv,6/5/2025 12:00:00 AM,21.32,16.07,5.7000003,19,95,59,0,0,8.695,11.179168,508.1805,18.8215,61.02441,61,100,0,0,1,0,0,1,0,1,1,0,1,0,0,0,0,0,14,0,12,0,8,18,4,5
C:\Users\eleonora.delcavallo\Desktop\workshop modellistica\output_stations\\hourly\Franchetti Tresivio - Melo.csv,6/6/2025 12:00:00 AM,19.47,16.14,24.1,21,96,62,0,0,7.8050003,10.670914,518.85144,19.21672,61.04417,61,100,1,0,1,0,0,1,0,1,0,0,0,0,0,0,0,0,15,0,13,0,8,19,4,6
C:\Users\eleonora.delcavallo\Desktop\workshop modellistica\output_stations\\hourly\Franchetti Tresivio - Melo.csv,6/7/2025 12:00:00 AM,25.38,16.03,0,10,97,55,0,0,10.705,11.875241,530.7267,19.656544,61.066162,61,100,1,0,0,0,0,0,0,0,0,0,0,0,0,0,0,0,16,0,13,0,8,19,4,6
C:\Users\eleonora.delcavallo\Desktop\workshop modellistica\output_stations\\hourly\Franchetti Tresivio - Melo.csv,6/8/2025 12:00:00 AM,23.75,17.78,0.6,9,93,60,0,0,10.764999,11.886565,542.6132,20.096786,71.0039,71,89.970764,0,0,0,0,0,0,0,0,0,0,0,0,0,0,0,0,16,0,13,0,8,19,4,6
C:\Users\eleonora.delcavallo\Desktop\workshop modellistica\output_stations\\hourly\Franchetti Tresivio - Melo.csv,6/9/2025 12:00:00 AM,26.81,17.35,0.6,5,96,42,0,0,12.08,11.999527,554.61273,20.541212,71.0218,71,89.83652,0,0,0,0,0,1,0,0,0,0,0,0,0,0,0,0,16,0,13,0,8,20,4,6
C:\Users\eleonora.delcavallo\Desktop\workshop modellistica\output_stations\\hourly\Franchetti Tresivio - Melo.csv,6/10/2025 12:00:00 AM,27.05,13.92,0,0,79,35,0,0,10.485001,11.829075,566.44183,20.979326,71.03944,71,89.70422,0,0,0,0,0,0,0,0,0,0,0,0,0,0,0,0,16,0,13,0,8,20,4,6
C:\Users\eleonora.delcavallo\Desktop\workshop modellistica\output_stations\\hourly\Franchetti Tresivio - Melo.csv,6/11/2025 12:00:00 AM,28.11,15.07,0,0,81,43,0,0,11.59,11.987545,578.4294,21.42331,71.05731,71,89.57016,0,0,0,0,0,0,0,0,0,0,0,0,0,0,0,0,16,0,13,0,8,20,4,6
C:\Users\eleonora.delcavallo\Desktop\workshop modellistica\output_stations\\hourly\Franchetti Tresivio - Melo.csv,6/12/2025 12:00:00 AM,30.74,17.25,0,2,88,40,0,0,13.994999,11.707974,590.1373,21.856937,71.074776,71,89.43918,0,0,0,0,0,0,0,0,0,0,0,0,0,0,0,0,16,0,13,0,8,20,4,6
C:\Users\eleonora.delcavallo\Desktop\workshop modellistica\output_stations\\hourly\Franchetti Tresivio - Melo.csv,6/13/2025 12:00:00 AM,29.99,18.73,0,2,86,42,0,0,14.360001,11.591903,601.72925,22.286268,71.092064,71,89.309525,0,0,0,0,0,0,0,0,0,0,0,0,0,0,0,0,16,0,13,0,8,20,4,6
C:\Users\eleonora.delcavallo\Desktop\workshop modellistica\output_stations\\hourly\Franchetti Tresivio - Melo.csv,6/14/2025 12:00:00 AM,32.64,20.98,0,1,86,58,0,0,16.81,10.319242,612.04846,22.66846,71.10745,71,89.19411,0,0,0,0,0,0,0,0,0,0,0,0,0,0,0,0,16,0,13,0,8,20,4,6
C:\Users\eleonora.delcavallo\Desktop\workshop modellistica\output_stations\\hourly\Franchetti Tresivio - Melo.csv,6/15/2025 12:00:00 AM,32.22,19.77,3,4,86,52,0,0,15.995001,10.837381,622.88586,23.069847,71.12362,71,89.07286,0,0,1,0,0,1,0,0,1,0,0,0,0,0,0,0,16,0,14,0,8,21,4,6
C:\Users\eleonora.delcavallo\Desktop\workshop modellistica\output_stations\\hourly\Franchetti Tresivio - Melo.csv,6/16/2025 12:00:00 AM,28.13,16.69,0.1,5,90,42,0,0,12.41,11.98759,634.8735,23.513832,71.141495,71,88.93879,0,0,0,0,0,0,0,0,1,0,1,0,0,0,0,0,16,0,14,0,8,21,4,6
C:\Users\eleonora.delcavallo\Desktop\workshop modellistica\output_stations\\hourly\Franchetti Tresivio - Melo.csv,6/17/2025 12:00:00 AM,29.16,19.15,0,1,88,37,0,0,14.154999,11.659461,646.53296,23.945665,71.15888,71,88.80838,0,0,0,0,0,0,0,0,1,0,1,0,0,0,0,1,16,0,14,0,8,21,4,6
C:\Users\eleonora.delcavallo\Desktop\workshop modellistica\output_stations\\hourly\Franchetti Tresivio - Melo.csv,6/18/2025 12:00:00 AM,27.78,16.11,0,0,77,41,0,0,11.945,11.999776,658.5327,24.3901,71.17678,71,88.67415,0,0,0,0,0,0,0,0,0,0,1,0,0,0,0,1,16,0,14,0,8,21,4,6
C:\Users\eleonora.delcavallo\Desktop\workshop modellistica\output_stations\\hourly\Franchetti Tresivio - Melo.csv,6/19/2025 12:00:00 AM,29.37,18.57,0,0,84,43,0,0,13.970001,11.715221,670.2479,24.823997,71.19425,71,88.543106,0,0,0,0,0,0,0,0,1,0,0,0,0,0,0,0,16,0,14,0,8,21,4,6
C:\Users\eleonora.delcavallo\Desktop\workshop modellistica\output_stations\\hourly\Franchetti Tresivio - Melo.csv,6/20/2025 12:00:00 AM,32.04,19.28,0,1,86,54,0,0,15.66,11.02306,681.271,25.232258,72.01345,72,82.399124,0,0,0,0,0,0,0,0,1,0,1,0,0,0,0,1,16,0,14,0,8,21,4,6
C:\Users\eleonora.delcavallo\Desktop\workshop modellistica\output_stations\\hourly\Franchetti Tresivio - Melo.csv,6/21/2025 12:00:00 AM,32.78,20.05,0,0,78,45,0,0,16.414999,10.582097,691.8531,25.62419,72.02666,72,82.30007,0,0,0,0,0,0,0,0,1,0,0,0,0,0,0,0,16,0,14,0,8,21,4,6
C:\Users\eleonora.delcavallo\Desktop\workshop modellistica\output_stations\\hourly\Franchetti Tresivio - Melo.csv,6/22/2025 12:00:00 AM,30.19,18.73,0.4,5,89,51,0,0,14.459999,11.556751,703.40985,26.052216,72.041084,72,82.191864,0,0,0,0,0,0,0,0,0,0,0,0,0,0,0,0,16,0,14,0,8,21,4,6
C:\Users\eleonora.delcavallo\Desktop\workshop modellistica\output_stations\\hourly\Franchetti Tresivio - Melo.csv,6/23/2025 12:00:00 AM,30.51,16.17,0,2,88,49,0,0,13.34,11.867917,715.2778,26.49177,72.0559,72,82.08075,0,0,0,0,0,0,0,0,0,0,0,0,0,0,0,0,16,0,14,0,8,21,4,6
C:\Users\eleonora.delcavallo\Desktop\workshop modellistica\output_stations\\hourly\Franchetti Tresivio - Melo.csv,6/24/2025 12:00:00 AM,31,19.23,0,0,83,51,0,0,15.115,11.290983,726.5687,26.909954,72.07,72,81.975006,0,0,0,0,0,0,0,0,0,0,0,0,0,0,0,0,16,0,14,0,8,21,4,6
C:\Users\eleonora.delcavallo\Desktop\workshop modellistica\output_stations\\hourly\Franchetti Tresivio - Melo.csv,6/25/2025 12:00:00 AM,32.59,20,0,0,80,47,0,0,16.295,10.657584,737.2263,27.30468,72.083305,72,81.87521,0,0,0,0,0,0,0,0,0,0,0,0,0,0,0,0,16,0,14,0,8,21,4,6
C:\Users\eleonora.delcavallo\Desktop\workshop modellistica\output_stations\\hourly\Franchetti Tresivio - Melo.csv,6/26/2025 12:00:00 AM,33.67,22.59,0,0,83,50,0,0,18.13,9.281652,746.508,27.648443,72.094894,72,81.78829,0,0,0,0,0,0,0,0,0,0,0,0,0,0,0,0,16,0,14,0,8,21,4,6
C:\Users\eleonora.delcavallo\Desktop\workshop modellistica\output_stations\\hourly\Franchetti Tresivio - Melo.csv,6/27/2025 12:00:00 AM,33.15,19.01,3.1,3,85,49,0,0,16.080002,10.787734,757.2957,28.04799,72.10836,72,81.6873,0,0,1,0,0,1,0,0,0,0,0,0,0,0,0,0,16,0,15,0,8,22,4,6
C:\Users\eleonora.delcavallo\Desktop\workshop modellistica\output_stations\\hourly\Franchetti Tresivio - Melo.csv,6/28/2025 12:00:00 AM,32.43,15.96,0,6,95,43,0,0,14.195,11.646756,768.94244,28.47935,72.1229,72,81.57823,0,0,0,0,0,0,0,0,0,0,0,0,0,0,0,0,16,0,15,0,8,22,4,6
C:\Users\eleonora.delcavallo\Desktop\workshop modellistica\output_stations\\hourly\Franchetti Tresivio - Melo.csv,6/29/2025 12:00:00 AM,35,19.03,0,0,83,38,0,0,17.015,10.1741495,779.1166,28.85617,72.135605,72,81.48296,0,0,0,0,0,0,0,0,0,0,0,0,0,0,0,0,16,0,15,0,8,22,4,6
C:\Users\eleonora.delcavallo\Desktop\workshop modellistica\output_stations\\hourly\Franchetti Tresivio - Melo.csv,6/30/2025 12:00:00 AM,34.93,21.5,0,0,79,41,0,0,18.215,9.206478,788.32306,29.197151,72.147095,72,81.39679,0,0,0,0,0,0,0,0,0,0,0,0,0,0,0,0,16,0,15,0,8,22,4,6
C:\Users\eleonora.delcavallo\Desktop\workshop modellistica\output_stations\\hourly\Franchetti Tresivio - Melo.csv,7/1/2025 12:00:00 AM,34.47,23.21,1.3000001,3,82,47,0,0,18.84,8.622815,796.94586,29.516512,72.15786,72,81.316055,0,0,0,0,0,0,0,0,0,0,0,0,0,0,0,0,16,0,15,0,8,22,4,6
C:\Users\eleonora.delcavallo\Desktop\workshop modellistica\output_stations\\hourly\Franchetti Tresivio - Melo.csv,7/2/2025 12:00:00 AM,32.46,20.14,0,0,77,46,0,0,16.3,10.65448,807.60034,29.911125,73.00709,73,74.94684,0,0,0,0,0,0,0,0,0,0,1,0,0,0,0,0,16,0,15,0,8,22,4,6
C:\Users\eleonora.delcavallo\Desktop\workshop modellistica\output_stations\\hourly\Franchetti Tresivio - Melo.csv,7/3/2025 12:00:00 AM,29.14,19.48,0,0,83,44,0,0,14.309999,11.60894,819.2093,30.341085,77.00869,77,39.95655,0,0,0,0,0,0,0,0,0,0,0,0,0,0,0,0,16,0,15,0,8,22,4,6
C:\Users\eleonora.delcavallo\Desktop\workshop modellistica\output_stations\\hourly\Franchetti Tresivio - Melo.csv,7/4/2025 12:00:00 AM,32.02,20.6,0,0,80,47,0,0,16.310001,10.648259,829.85754,30.735466,77.01874,77,39.90631,0,0,0,0,0,0,0,0,0,0,0,0,0,0,0,0,16,0,15,0,8,22,4,6
C:\Users\eleonora.delcavallo\Desktop\workshop modellistica\output_stations\\hourly\Franchetti Tresivio - Melo.csv,7/5/2025 12:00:00 AM,34.46,19.96,0,0,78,36,0,0,17.21,10.030645,839.8882,31.10697,77.028206,77,39.85897,0,0,0,0,0,0,0,0,0,0,0,0,0,0,0,0,16,0,15,0,8,22,4,6
C:\Users\eleonora.delcavallo\Desktop\workshop modellistica\output_stations\\hourly\Franchetti Tresivio - Melo.csv,7/6/2025 12:00:00 AM,26.71,19.85,1,6,92,63,0,0,13.279999,11.879453,851.76764,31.546951,77.03941,77,39.802933,0,0,0,0,0,0,0,0,0,0,0,0,0,0,0,0,16,0,15,0,8,22,4,6
C:\Users\eleonora.delcavallo\Desktop\workshop modellistica\output_stations\\hourly\Franchetti Tresivio - Melo.csv,7/7/2025 12:00:00 AM,27.18,17.64,13.099999,11,93,62,0,0,12.41,11.98759,863.75525,31.990936,77.05073,77,39.74636,1,0,1,0,0,0,1,1,0,0,0,0,0,0,0,0,17,0,16,0,8,22,5,7
C:\Users\eleonora.delcavallo\Desktop\workshop modellistica\output_stations\\hourly\Franchetti Tresivio - Melo.csv,7/8/2025 12:00:00 AM,27.43,15.72,15.6,9,93,51,0,0,11.575001,11.986614,875.7419,32.434883,77.062035,77,39.689827,1,0,1,0,0,0,0,0,0,0,0,0,0,0,0,0,18,0,17,0,8,22,5,7
C:\Users\eleonora.delcavallo\Desktop\workshop modellistica\output_stations\\hourly\Franchetti Tresivio - Melo.csv,7/9/2025 12:00:00 AM,22.76,13.07,13.599999,12,93,34,0,0,7.915001,10.74051,886.4824,32.832684,77.07217,77,39.639168,1,0,1,0,1,0,0,0,0,0,0,0,0,0,0,0,19,0,18,0,9,22,5,7
C:\Users\eleonora.delcavallo\Desktop\workshop modellistica\output_stations\\hourly\Franchetti Tresivio - Melo.csv,7/10/2025 12:00:00 AM,27.07,10.5,0,0,81,29,0,0,8.785,11.223641,897.70605,33.248375,77.08276,77,39.58618,0,0,0,0,0,0,0,0,0,0,0,0,0,0,0,0,19,0,18,0,9,22,5,7
C:\Users\eleonora.delcavallo\Desktop\workshop modellistica\output_stations\\hourly\Franchetti Tresivio - Melo.csv,7/11/2025 12:00:00 AM,28.14,12.49,0,0,55,27,0,0,10.314999,11.788393,909.49445,33.684982,77.09389,77,39.530563,0,0,0,0,0,0,0,0,0,0,0,0,0,0,0,0,19,0,18,0,9,22,5,7
C:\Users\eleonora.delcavallo\Desktop\workshop modellistica\output_stations\\hourly\Franchetti Tresivio - Melo.csv,7/12/2025 12:00:00 AM,28.35,14.99,0.70000005,3,82,34,0,0,11.67,11.991935,921.4864,34.129124,77.1052,77,39.47399,0,0,0,0,0,0,0,0,0,0,1,0,0,0,0,0,19,0,18,0,9,22,5,7
C:\Users\eleonora.delcavallo\Desktop\workshop modellistica\output_stations\\hourly\Franchetti Tresivio - Melo.csv,7/13/2025 12:00:00 AM,28.61,17.26,0.4,5,86,44,0,0,12.935001,11.935589,933.422,34.571186,77.11646,77,39.417686,0,0,0,0,0,0,0,0,0,0,0,0,0,0,0,0,19,0,18,0,9,22,5,7
C:\Users\eleonora.delcavallo\Desktop\workshop modellistica\output_stations\\hourly\Franchetti Tresivio - Melo.csv,7/14/2025 12:00:00 AM,23.54,16.76,1.5,13,95,67,0,0,10.150002,11.744719,945.1667,35.006176,77.12755,77,39.36226,0,0,0,0,0,0,0,1,0,0,0,0,0,0,0,0,19,0,18,0,9,22,5,8
C:\Users\eleonora.delcavallo\Desktop\workshop modellistica\output_stations\\hourly\Franchetti Tresivio - Melo.csv,7/15/2025 12:00:00 AM,28.48,16.2,2.9,9,93,54,0,0,12.34,11.991461,957.15814,35.450302,77.13886,77,39.305687,0,0,1,0,0,0,0,0,0,0,0,0,0,0,0,0,19,0,19,0,9,22,5,8
C:\Users\eleonora.delcavallo\Desktop\workshop modellistica\output_stations\\hourly\Franchetti Tresivio - Melo.csv,7/16/2025 12:00:00 AM,30.16,17.08,8.5,5,82,33,0,0,13.619999,11.807163,968.96533,35.887604,77.15,77,39.249992,0,0,1,0,0,0,0,0,0,0,0,0,0,0,0,0,19,0,20,0,9,22,5,8
C:\Users\eleonora.delcavallo\Desktop\workshop modellistica\output_stations\\hourly\Franchetti Tresivio - Melo.csv,7/17/2025 12:00:00 AM,29.96,18.39,4,8,82,42,0,0,14.174999,11.653138,980.61847,36.319202,77.160995,77,39.195023,1,0,1,0,0,0,0,0,0,0,0,0,0,0,0,0,20,0,21,0,9,22,5,8
C:\Users\eleonora.delcavallo\Desktop\workshop modellistica\output_stations\\hourly\Franchetti Tresivio - Melo.csv,7/18/2025 12:00:00 AM,32.1,18.27,0,0,81,27,0,0,15.184999,11.258944,991.87744,36.736202,77.17162,77,39.141884,0,0,0,0,0,0,0,0,0,0,0,0,0,0,0,0,20,0,21,0,9,22,5,8
C:\Users\eleonora.delcavallo\Desktop\workshop modellistica\output_stations\\hourly\Franchetti Tresivio - Melo.csv,7/19/2025 12:00:00 AM,29.95,15.87,0,0,69,31,0,0,12.91,11.938982,1003.8164,37.178387,77.18289,77,39.08554,0,0,0,0,0,0,0,0,0,0,0,0,0,0,0,0,20,0,21,0,9,22,5,8
C:\Users\eleonora.delcavallo\Desktop\workshop modellistica\output_stations\\hourly\Franchetti Tresivio - Melo.csv,7/20/2025 12:00:00 AM,29.38,18.4,0.5,5,85,44,0,0,13.889999,11.737801,1015.5542,37.613117,77.19396,77,39.03019,0,0,0,0,0,0,0,0,1,0,1,0,0,0,1,1,20,0,21,0,9,22,5,8
C:\Users\eleonora.delcavallo\Desktop\workshop modellistica\output_stations\\hourly\Franchetti Tresivio - Melo.csv,7/21/2025 12:00:00 AM,29.75,19.2,0.3,7,91,55,0,0,14.475,11.551355,1027.1056,38.040947,77.204865,77,38.975677,0,0,0,0,0,0,0,0,1,0,1,0,0,0,0,0,20,0,21,0,9,22,5,8
C:\Users\eleonora.delcavallo\Desktop\workshop modellistica\output_stations\\hourly\Franchetti Tresivio - Melo.csv,7/22/2025 12:00:00 AM,25.1,17.81,20.1,17,94,63,0,0,11.455,11.977979,1039.0836,38.48458,77.21617,77,38.919144,1,0,1,0,0,0,0,1,1,0,1,0,1,0,0,0,21,0,22,0,9,22,5,9
C:\Users\eleonora.delcavallo\Desktop\workshop modellistica\output_stations\\hourly\Franchetti Tresivio - Melo.csv,7/23/2025 12:00:00 AM,30.51,16.26,0,4,91,38,0,0,13.385,11.858921,1050.9425,38.923798,77.227356,77,38.86322,1,0,0,0,0,0,0,0,0,0,0,0,0,0,0,0,22,0,22,0,9,22,5,9
C:\Users\eleonora.delcavallo\Desktop\workshop modellistica\output_stations\\hourly\Franchetti Tresivio - Melo.csv,7/24/2025 12:00:00 AM,28.08,18.13,0.2,2,85,44,0,0,13.105,11.910099,1062.8527,39.364914,78.00237,78,34.988136,0,0,0,0,0,0,0,0,0,0,0,0,0,0,0,0,22,0,22,0,9,22,5,9
C:\Users\eleonora.delcavallo\Desktop\workshop modellistica\output_stations\\hourly\Franchetti Tresivio - Melo.csv,7/25/2025 12:00:00 AM,23.42,17.95,12.8,16,76,56,0,0,10.685001,11.871347,1074.724,39.804592,78.01144,78,34.942818,1,0,1,0,0,0,0,1,0,0,0,0,0,0,0,0,23,0,23,0,9,22,5,10
C:\Users\eleonora.delcavallo\Desktop\workshop modellistica\output_stations\\hourly\Franchetti Tresivio - Melo.csv,7/26/2025 12:00:00 AM,22.18,16.2,4.4,12,73,54,0,0,9.190001,11.408192,1086.1322,40.22712,78.02015,78,34.899254,1,0,1,0,1,0,0,1,0,0,0,0,0,0,0,0,24,0,24,0,10,22,5,11
C:\Users\eleonora.delcavallo\Desktop\workshop modellistica\output_stations\\hourly\Franchetti Tresivio - Melo.csv,7/27/2025 12:00:00 AM,19.56,15.23,19.4,13,76,53,0,0,7.3950005,10.394495,1096.5267,40.612103,78.02808,78,34.85958,1,0,1,0,0,0,0,1,0,0,0,0,0,0,0,1,25,0,25,0,10,22,5,12
C:\Users\eleonora.delcavallo\Desktop\workshop modellistica\output_stations\\hourly\Franchetti Tresivio - Melo.csv,7/28/2025 12:00:00 AM,27.54,14.19,2.7,7,63,32,0,0,10.865,11.904237,1108.431,41.053,78.03718,78,34.81411,1,0,0,0,0,0,0,0,0,0,1,0,0,0,0,0,26,0,25,0,10,22,5,12
C:\Users\eleonora.delcavallo\Desktop\workshop modellistica\output_stations\\hourly\Franchetti Tresivio - Melo.csv,7/29/2025 12:00:00 AM,23.46,16.92,1.7,5,62,37,0,0,10.189999,11.755685,1120.1868,41.4884,78.04615,78,34.76925,0,0,0,0,1,0,0,0,1,0,1,0,0,0,0,0,26,0,25,0,11,22,5,12
C:\Users\eleonora.delcavallo\Desktop\workshop modellistica\output_stations\\hourly\Franchetti Tresivio - Melo.csv,7/30/2025 12:00:00 AM,29.23,13.19,0,0,55,26,0,0,11.209999,11.953679,1132.1405,41.93113,78.05528,78,34.723587,0,0,0,0,0,0,0,0,1,0,1,0,0,0,0,0,26,0,25,0,11,22,5,12
C:\Users\eleonora.delcavallo\Desktop\workshop modellistica\output_stations\\hourly\Franchetti Tresivio - Melo.csv,7/31/2025 12:00:00 AM,25.25,15.11,1.6,4,78,47,0,0,10.18,11.752967,1143.8934,42.366425,78.064255,78,34.678726,0,0,0,0,0,0,0,0,0,0,0,0,0,0,0,0,26,0,25,0,11,22,5,12
C:\Users\eleonora.delcavallo\Desktop\workshop modellistica\output_stations\\hourly\Franchetti Tresivio - Melo.csv,8/1/2025 12:00:00 AM,28.6,15.24,0,0,83,44,0,0,11.92,11.999526,1155.893,42.81085,78.07342,78,34.63291,0,0,0,0,0,0,0,0,0,0,0,0,0,0,0,0,26,0,25,0,11,22,5,12
C:\Users\eleonora.delcavallo\Desktop\workshop modellistica\output_stations\\hourly\Franchetti Tresivio - Melo.csv,8/2/2025 12:00:00 AM,24.87,17.48,1.5,10,90,46,0,0,11.174999,11.949474,1167.8424,43.25342,78.08254,78,34.587288,0,0,0,0,0,0,0,0,0,0,0,0,0,0,0,0,26,0,25,0,11,22,5,12
C:\Users\eleonora.delcavallo\Desktop\workshop modellistica\output_stations\\hourly\Franchetti Tresivio - Melo.csv,8/3/2025 12:00:00 AM,23.64,15.54,19.7,16,95,51,0,0,9.59,11.565578,1179.408,43.681778,78.09138,78,34.543114,1,0,1,0,0,0,0,1,1,0,1,0,0,0,0,1,27,0,26,0,11,22,5,13
C:\Users\eleonora.delcavallo\Desktop\workshop modellistica\output_stations\\hourly\Franchetti Tresivio - Melo.csv,8/4/2025 12:00:00 AM,28.53,12.87,0,0,56,30,0,0,10.700001,11.874272,1191.2822,44.121563,78.10044,78,34.497795,1,0,0,0,0,0,0,0,1,0,0,0,0,0,0,0,28,0,26,0,11,22,5,13
C:\Users\eleonora.delcavallo\Desktop\workshop modellistica\output_stations\\hourly\Franchetti Tresivio - Melo.csv,8/5/2025 12:00:00 AM,26.03,14.5,0,0,61,32,0,0,10.264999,11.775595,1203.0579,44.5577,78.109436,78,34.45282,0,0,0,0,0,0,0,0,1,0,0,0,0,0,0,0,28,0,26,0,11,22,5,13
C:\Users\eleonora.delcavallo\Desktop\workshop modellistica\output_stations\\hourly\Franchetti Tresivio - Melo.csv,8/6/2025 12:00:00 AM,29.25,15.22,0,0,67,42,0,0,12.235001,11.995919,1215.0538,45.00199,78.1186,78,34.407005,0,0,0,0,0,0,0,0,1,0,1,0,0,0,0,1,28,0,26,0,11,22,5,13
C:\Users\eleonora.delcavallo\Desktop\workshop modellistica\output_stations\\hourly\Franchetti Tresivio - Melo.csv,8/7/2025 12:00:00 AM,28.72,18.38,0.4,1,65,40,0,0,13.549999,11.823421,1226.8772,45.439896,78.127625,78,34.361877,0,0,0,0,0,0,0,0,0,0,1,0,1,0,0,1,28,0,26,0,11,22,5,13
C:\Users\eleonora.delcavallo\Desktop\workshop modellistica\output_stations\\hourly\Franchetti Tresivio - Melo.csv,8/8/2025 12:00:00 AM,29.61,19.34,0,0,68,43,0,0,14.475,11.551355,1238.4286,45.867725,78.13645,78,34.31774,0,0,0,0,0,0,0,0,1,0,0,0,0,0,0,1,28,0,26,0,11,22,5,13
C:\Users\eleonora.delcavallo\Desktop\workshop modellistica\output_stations\\hourly\Franchetti Tresivio - Melo.csv,8/9/2025 12:00:00 AM,31.84,18.52,0,0,71,43,0,0,15.18,11.261254,1249.6898,46.284805,78.14505,78,34.27475,0,0,0,0,0,0,0,0,1,0,1,0,0,0,0,0,28,0,26,0,11,22,5,13
C:\Users\eleonora.delcavallo\Desktop\workshop modellistica\output_stations\\hourly\Franchetti Tresivio - Melo.csv,8/10/2025 12:00:00 AM,33.69,20.58,0,0,70,41,0,0,17.134998,10.0864725,1259.7762,46.65838,78.15275,78,34.23626,0,0,0,0,0,0,0,0,0,0,0,0,1,0,0,0,28,0,26,0,11,22,5,13
C:\Users\eleonora.delcavallo\Desktop\workshop modellistica\output_stations\\hourly\Franchetti Tresivio - Melo.csv,8/11/2025 12:00:00 AM,35.62,22.15,0,0,53,23,0,0,18.884998,8.578695,1268.355,46.97611,78.1593,78,34.20349,0,0,0,0,0,0,0,0,0,0,0,0,0,0,0,0,28,0,26,0,11,22,5,13
C:\Users\eleonora.delcavallo\Desktop\workshop modellistica\output_stations\\hourly\Franchetti Tresivio - Melo.csv,8/12/2025 12:00:00 AM,35.15,22.69,0,0,84,43,0,0,18.920002,8.544182,1276.8992,47.292564,78.165825,78,34.170876,0,0,0,0,0,0,0,0,0,0,0,0,0,0,0,0,28,0,26,0,11,22,5,13
C:\Users\eleonora.delcavallo\Desktop\workshop modellistica\output_stations\\hourly\Franchetti Tresivio - Melo.csv,8/13/2025 12:00:00 AM,34.38,22.31,0,0,83,52,0,0,18.345001,9.089555,1285.9888,47.62921,78.17277,78,34.13616,0,0,0,0,0,0,0,0,0,0,0,0,0,0,0,0,28,0,26,0,11,22,5,13
C:\Users\eleonora.delcavallo\Desktop\workshop modellistica\output_stations\\hourly\Franchetti Tresivio - Melo.csv,8/14/2025 12:00:00 AM,35.42,24.43,0,0,84,48,0,0,19.925,7.480856,1293.4696,47.906284,78.17848,78,34.10759,0,0,0,0,0,0,0,0,0,0,0,0,0,0,0,0,28,0,26,0,11,22,5,13
C:\Users\eleonora.delcavallo\Desktop\workshop modellistica\output_stations\\hourly\Franchetti Tresivio - Melo.csv,8/15/2025 12:00:00 AM,32.74,22.07,0,0,69,34,0,0,17.405,9.881797,1303.3514,48.272278,78.18603,78,34.069862,0,0,0,0,0,0,0,0,0,0,0,0,0,0,0,0,28,0,26,0,11,22,5,13
C:\Users\eleonora.delcavallo\Desktop\workshop modellistica\output_stations\\hourly\Franchetti Tresivio - Melo.csv,8/16/2025 12:00:00 AM,34.64,19.91,1.1,1,83,38,0,0,17.275,9.981623,1313.333,48.64196,79.00246,79,29.987717,0,0,0,0,0,0,0,0,0,0,0,0,0,0,0,0,28,0,26,0,11,22,5,13
C:\Users\eleonora.delcavallo\Desktop\workshop modellistica\output_stations\\hourly\Franchetti Tresivio - Melo.csv,8/17/2025 12:00:00 AM,32.13,17.74,0,0,64,35,0,0,14.935001,11.370148,1324.7031,49.063076,79.00975,79,29.951248,0,0,0,0,0,0,0,0,0,0,0,0,0,0,0,0,28,0,26,0,11,22,5,13
C:\Users\eleonora.delcavallo\Desktop\workshop modellistica\output_stations\\hourly\Franchetti Tresivio - Melo.csv,8/18/2025 12:00:00 AM,34.29,19.24,0,0,55,26,0,0,16.765,10.350298,1335.0535,49.446426,79.01639,79,29.91806,0,0,0,0,0,0,0,0,0,0,0,0,0,0,0,0,28,0,26,0,11,22,5,13
C:\Users\eleonora.delcavallo\Desktop\workshop modellistica\output_stations\\hourly\Franchetti Tresivio - Melo.csv,8/19/2025 12:00:00 AM,31.52,19.9,0,0,51,34,0,0,15.709999,10.996361,1346.0498,49.8537,79.02344,79,29.882812,0,0,0,0,0,0,0,0,1,0,0,0,0,0,0,0,28,0,26,0,11,22,5,13
C:\Users\eleonora.delcavallo\Desktop\workshop modellistica\output_stations\\hourly\Franchetti Tresivio - Melo.csv,8/20/2025 12:00:00 AM,31.44,20.81,0.3,1,69,38,0,0,16.125,10.761036,1356.8108,50.252254,79.03034,79,29.84829,0,0,0,0,0,0,0,0,1,0,1,0,0,0,0,1,28,0,26,0,11,22,5,13
C:\Users\eleonora.delcavallo\Desktop\workshop modellistica\output_stations\\hourly\Franchetti Tresivio - Melo.csv,8/21/2025 12:00:00 AM,25.78,18.89,15.8,12,74,52,0,0,12.334999,11.991711,1368.8025,50.696392,79.03803,79,29.809837,1,0,1,0,0,0,0,1,1,0,0,0,0,0,0,0,29,0,27,0,11,22,5,14
C:\Users\eleonora.delcavallo\Desktop\workshop modellistica\output_stations\\hourly\Franchetti Tresivio - Melo.csv,8/22/2025 12:00:00 AM,23.85,16.74,0.7,3,74,51,0,0,10.295,11.783319,1380.5858,51.13281,79.04559,79,29.772034,1,0,0,0,0,0,0,0,0,0,0,0,0,0,0,0,30,0,27,0,11,22,5,14
C:\Users\eleonora.delcavallo\Desktop\workshop modellistica\output_stations\\hourly\Franchetti Tresivio - Melo.csv,8/23/2025 12:00:00 AM,30.45,15.4,0,0,64,32,0,0,12.924999,11.936956,1392.5228,51.57492,79.053246,79,29.733772,0,0,0,0,0,0,0,0,0,0,0,0,0,0,0,0,30,0,27,0,11,22,5,14
C:\Users\eleonora.delcavallo\Desktop\workshop modellistica\output_stations\\hourly\Franchetti Tresivio - Melo.csv,8/24/2025 12:00:00 AM,27.47,17.42,0,0,63,36,0,0,12.445,11.98538,1404.5082,52.01882,79.06093,79,29.695358,0,0,0,0,0,0,0,0,0,0,0,0,0,0,0,0,30,0,27,0,11,22,5,14
C:\Users\eleonora.delcavallo\Desktop\workshop modellistica\output_stations\\hourly\Franchetti Tresivio - Melo.csv,8/25/2025 12:00:00 AM,25.74,15.81,0,0,58,39,0,0,10.775,11.8884,1416.3966,52.459133,79.06856,79,29.657211,0,0,0,0,0,0,0,0,0,0,0,0,0,0,0,0,30,0,27,0,11,22,5,14
C:\Users\eleonora.delcavallo\Desktop\workshop modellistica\output_stations\\hourly\Franchetti Tresivio - Melo.csv,8/26/2025 12:00:00 AM,28.05,16.57,0,0,65,38,0,0,12.309999,11.992901,1428.3895,52.90332,79.07625,79,29.61876,0,0,0,0,0,0,0,0,0,0,0,0,0,0,0,0,30,0,27,0,11,22,5,14
C:\Users\eleonora.delcavallo\Desktop\workshop modellistica\output_stations\\hourly\Franchetti Tresivio - Melo.csv,8/27/2025 12:00:00 AM,29.58,18.07,0,0,68,35,0,0,13.825001,11.755465,1440.145,53.338707,84.001366,84,12.496586,0,0,0,0,0,0,0,0,0,0,0,0,0,0,0,0,30,0,27,0,11,22,5,14
C:\Users\eleonora.delcavallo\Desktop\workshop modellistica\output_stations\\hourly\Franchetti Tresivio - Melo.csv,8/28/2025 12:00:00 AM,26.11,19.44,4.3,1,72,51,0,0,12.775002,11.955718,1452.1007,53.78151,84.00818,84,12.479553,0,0,1,0,0,0,0,0,0,0,0,0,0,0,0,0,30,0,28,0,11,22,5,14
C:\Users\eleonora.delcavallo\Desktop\workshop modellistica\output_stations\\hourly\Franchetti Tresivio - Melo.csv,8/29/2025 12:00:00 AM,20.51,17.84,83,24,95,64,0,0,9.174999,11.40181,1463.5026,54.203796,84.01467,84,12.463322,1,0,1,0,1,0,1,1,0,0,0,0,0,0,0,0,31,0,29,0,12,22,6,15
C:\Users\eleonora.delcavallo\Desktop\workshop modellistica\output_stations\\hourly\Franchetti Tresivio - Melo.csv,8/30/2025 12:00:00 AM,19.56,13.57,20.4,19,87,68,0,0,6.5649986,9.751786,1473.2544,54.564976,84.02023,84,12.449417,1,0,1,0,1,0,1,1,0,0,0,0,0,0,0,0,32,0,30,0,13,22,7,16
C:\Users\eleonora.delcavallo\Desktop\workshop modellistica\output_stations\\hourly\Franchetti Tresivio - Melo.csv,8/31/2025 12:00:00 AM,23.61,14.2,24.5,10,95,52,0,0,8.905001,11.280977,1484.5354,54.98279,84.02666,84,12.433357,1,0,1,0,1,0,0,0,0,0,0,0,0,0,0,0,33,0,31,0,14,22,7,16
C:\Users\eleonora.delcavallo\Desktop\workshop modellistica\output_stations\\hourly\Franchetti Tresivio - Melo.csv,9/1/2025 12:00:00 AM,23.6,11.26,0,0,85,47,0,0,7.4300003,10.419144,1494.9546,55.368687,84.03259,84,12.418518,1,0,0,0,0,0,0,0,0,0,0,0,0,0,0,0,34,0,31,0,14,22,7,16
C:\Users\eleonora.delcavallo\Desktop\workshop modellistica\output_stations\\hourly\Franchetti Tresivio - Melo.csv,9/2/2025 12:00:00 AM,17.7,14.81,15.3,9,88,46,0,0,6.255001,9.482768,1504.4374,55.719902,84.038,84,12.404995,1,0,1,0,0,0,0,0,1,0,1,0,0,0,0,1,35,0,32,0,14,22,7,16
C:\Users\eleonora.delcavallo\Desktop\workshop modellistica\output_stations\\hourly\Franchetti Tresivio - Melo.csv,9/3/2025 12:00:00 AM,19.76,14.09,13,6,84,61,0,0,6.924999,10.04433,1514.4817,56.091915,88.00108,88,2.4972916,1,0,1,0,1,0,0,0,0,0,0,0,0,0,0,0,36,0,33,0,15,22,7,16
C:\Users\eleonora.delcavallo\Desktop\workshop modellistica\output_stations\\hourly\Franchetti Tresivio - Melo.csv,9/4/2025 12:00:00 AM,24,12.2,0,1,86,49,0,0,8.1,10.853226,1525.335,56.49389,88.00581,88,2.485466,1,0,0,0,0,0,0,0,0,0,0,0,0,0,0,0,37,0,33,0,15,22,7,16
C:\Users\eleonora.delcavallo\Desktop\workshop modellistica\output_stations\\hourly\Franchetti Tresivio - Melo.csv,9/5/2025 12:00:00 AM,25.36,13.67,0,0,84,55,0,0,9.514999,11.537942,1536.8729,56.92122,88.01084,88,2.4728966,0,0,0,0,0,0,0,0,0,0,0,0,0,0,0,0,37,0,33,0,15,22,7,16
C:\Users\eleonora.delcavallo\Desktop\workshop modellistica\output_stations\\hourly\Franchetti Tresivio - Melo.csv,9/6/2025 12:00:00 AM,20.33,12.29,13.6,7,86,60,0,0,6.3099995,9.53166,1546.4045,57.27424,88.01499,88,2.4625206,1,0,1,0,0,0,0,0,0,0,0,0,0,0,0,0,38,0,34,0,15,22,7,16
C:\Users\eleonora.delcavallo\Desktop\workshop modellistica\output_stations\\hourly\Franchetti Tresivio - Melo.csv,9/7/2025 12:00:00 AM,24.53,10.11,0,0,80,23,0,0,7.3199997,10.341012,1556.7456,57.65724,88.0195,88,2.4512482,1,0,0,0,0,0,0,0,0,0,0,0,0,0,0,0,39,0,34,0,15,22,7,16
C:\Users\eleonora.delcavallo\Desktop\workshop modellistica\output_stations\\hourly\Franchetti Tresivio - Melo.csv,9/8/2025 12:00:00 AM,23.8,11.97,0,0,81,39,0,0,7.885,10.72172,1567.4673,58.054344,88.02417,88,2.4395752,0,0,0,0,0,0,0,0,0,0,1,0,0,0,0,0,39,0,34,0,15,22,7,16
C:\Users\eleonora.delcavallo\Desktop\workshop modellistica\output_stations\\hourly\Franchetti Tresivio - Melo.csv,9/9/2025 12:00:00 AM,24.76,13.19,0,0,72,36,0,0,8.975,11.31339,1578.7806,58.473354,88.0291,88,2.4272537,0,0,0,0,0,0,0,0,1,0,0,0,1,0,1,0,39,0,34,0,15,22,7,16
C:\Users\eleonora.delcavallo\Desktop\workshop modellistica\output_stations\\hourly\Franchetti Tresivio - Melo.csv,9/10/2025 12:00:00 AM,22.89,16.66,3.9,3,75,60,0,0,9.775,11.630056,1590.4106,58.9041,88.034164,88,2.414589,0,0,1,0,0,0,0,0,1,0,1,0,1,0,1,1,39,0,35,0,15,22,7,16
C:\Users\eleonora.delcavallo\Desktop\workshop modellistica\output_stations\\hourly\Franchetti Tresivio - Melo.csv,9/11/2025 12:00:00 AM,20.49,15.87,12.7,12,81,60,0,0,8.18,10.900291,1601.3109,59.307816,88.03892,88,2.4027061,1,0,1,0,0,0,0,0,1,0,1,0,1,0,0,1,40,0,36,0,15,22,7,16
C:\Users\eleonora.delcavallo\Desktop\workshop modellistica\output_stations\\hourly\Franchetti Tresivio - Melo.csv,9/12/2025 12:00:00 AM,25.26,13.79,0,0,83,44,0,0,9.525,11.541677,1612.8525,59.73528,88.043945,88,2.3901367,1,0,0,0,0,0,0,0,1,0,1,0,0,0,0,0,41,0,36,0,15,22,7,16
C:\Users\eleonora.delcavallo\Desktop\workshop modellistica\output_stations\\hourly\Franchetti Tresivio - Melo.csv,9/13/2025 12:00:00 AM,22.48,15.52,0,0,63,49,0,0,9,11.324781,1624.1774,60.154716,88.04888,88,2.3777962,0,0,0,0,0,0,0,0,1,0,1,0,0,0,0,0,41,0,36,0,15,22,7,16
C:\Users\eleonora.delcavallo\Desktop\workshop modellistica\output_stations\\hourly\Franchetti Tresivio - Melo.csv,9/14/2025 12:00:00 AM,19.56,15.58,2.2,6,74,60,0,0,7.5699997,10.515771,1634.6931,60.544186,88.05346,88,2.366352,0,0,0,0,0,0,0,0,1,0,1,0,1,0,0,0,41,0,36,0,15,22,7,16
C:\Users\eleonora.delcavallo\Desktop\workshop modellistica\output_stations\\hourly\Franchetti Tresivio - Melo.csv,9/15/2025 12:00:00 AM,24.61,14.19,0,0,78,41,0,0,9.4,11.49389,1646.187,60.96989,88.05847,88,2.3538208,0,0,0,0,0,0,0,0,1,0,0,0,0,0,0,0,41,0,36,0,15,22,7,16
C:\Users\eleonora.delcavallo\Desktop\workshop modellistica\output_stations\\hourly\Franchetti Tresivio - Melo.csv,9/16/2025 12:00:00 AM,26.08,13.89,0,0,72,46,0,0,9.985001,11.696908,1657.8839,61.403107,88.06357,88,2.3410797,0,0,0,0,0,0,0,0,0,0,0,0,0,0,0,0,41,0,36,0,15,22,7,16
C:\Users\eleonora.delcavallo\Desktop\workshop modellistica\output_stations\\hourly\Franchetti Tresivio - Melo.csv,9/17/2025 12:00:00 AM,26.64,17.04,0,0,76,30,0,0,11.84,11.998104,1669.882,61.847477,88.068794,88,2.3280144,0,0,0,0,0,0,0,0,1,0,0,0,0,0,0,0,41,0,36,0,15,22,7,16
C:\Users\eleonora.delcavallo\Desktop\workshop modellistica\output_stations\\hourly\Franchetti Tresivio - Melo.csv,9/18/2025 12:00:00 AM,25.65,14.68,0,0,53,29,0,0,10.165001,11.74886,1681.6309,62.282623,88.07391,88,2.315216,0,0,0,0,0,0,0,0,1,0,1,0,0,0,0,0,41,0,36,0,15,22,7,16
C:\Users\eleonora.delcavallo\Desktop\workshop modellistica\output_stations\\hourly\Franchetti Tresivio - Melo.csv,9/19/2025 12:00:00 AM,26.58,14.04,0,0,76,42,0,0,10.309999,11.787129,1693.418,62.719185,88.07905,88,2.3023796,0,0,0,0,0,0,0,0,0,0,0,0,0,0,0,0,41,0,36,0,15,22,7,16
C:\Users\eleonora.delcavallo\Desktop\workshop modellistica\output_stations\\hourly\Franchetti Tresivio - Melo.csv,9/20/2025 12:00:00 AM,27.75,15.49,0,0,77,34,0,0,11.619999,11.989302,1705.4072,63.16323,88.084274,88,2.2893143,0,0,0,0,0,0,0,0,0,0,0,0,0,0,0,0,41,0,36,0,15,22,7,16
C:\Users\eleonora.delcavallo\Desktop\workshop modellistica\output_stations\\hourly\Franchetti Tresivio - Melo.csv,9/21/2025 12:00:00 AM,28.33,15.64,0,0,58,38,0,0,11.985001,11.999984,1717.4072,63.607674,88.0895,88,2.276249,0,0,0,0,0,0,0,0,0,0,0,0,0,0,0,0,41,0,36,0,15,22,7,16
C:\Users\eleonora.delcavallo\Desktop\workshop modellistica\output_stations\\hourly\Franchetti Tresivio - Melo.csv,9/22/2025 12:00:00 AM,25.53,16.28,0,0,61,43,0,0,10.905001,11.910883,1729.3181,64.04882,88.09469,88,2.263279,0,0,0,0,0,0,0,0,1,0,1,0,0,0,0,0,41,0,36,0,15,22,7,16
C:\Users\eleonora.delcavallo\Desktop\workshop modellistica\output_stations\\hourly\Franchetti Tresivio - Melo.csv,9/23/2025 12:00:00 AM,19.91,15.96,41.399998,8,72,53,0,0,7.9349995,10.752956,1740.071,64.447075,88.09938,88,2.2515488,1,0,1,0,0,0,0,0,1,0,1,0,0,0,0,0,42,0,37,0,15,22,7,16
C:\Users\eleonora.delcavallo\Desktop\workshop modellistica\output_stations\\hourly\Franchetti Tresivio - Melo.csv,9/24/2025 12:00:00 AM,20.7,14.97,18.400002,6,73,58,0,0,7.835001,10.690085,1750.7611,64.843,88.104034,88,2.239914,1,0,1,0,1,0,0,0,0,0,0,0,0,0,0,0,43,0,38,0,16,22,7,16
C:\Users\eleonora.delcavallo\Desktop\workshop modellistica\output_stations\\hourly\Franchetti Tresivio - Melo.csv,9/25/2025 12:00:00 AM,14.94,12.22,5.6,5,80,63,0,0,3.58,6.4739103,1757.235,65.08278,88.10686,88,2.2328568,1,0,1,0,1,0,0,0,0,0,0,0,0,0,0,0,44,0,39,0,17,22,7,16
C:\Users\eleonora.delcavallo\Desktop\workshop modellistica\output_stations\\hourly\Franchetti Tresivio - Melo.csv,9/26/2025 12:00:00 AM,16.51,10.35,0.5,1,85,49,0,0,3.4300003,6.266693,1763.5017,65.31488,88.10959,88,2.2260284,0,0,0,0,1,0,0,0,0,0,0,0,0,0,0,0,44,0,39,0,18,22,7,16
C:\Users\eleonora.delcavallo\Desktop\workshop modellistica\output_stations\\hourly\Franchetti Tresivio - Melo.csv,9/27/2025 12:00:00 AM,13.94,9.64,0.4,1,73,48,0,-0.34492993,1.8050697,3.6995463,1767.2013,65.451904,88.1112,88,2.222004,0,0,0,0,0,0,0,0,0,0,0,0,0,0,0,0,44,0,39,0,18,22,7,16
C:\Users\eleonora.delcavallo\Desktop\workshop modellistica\output_stations\\hourly\Franchetti Tresivio - Melo.csv,9/28/2025 12:00:00 AM,13.33,10.64,3.9,7,81,54,0,0,1.9850006,4.0358734,1771.2372,65.60138,88.11296,88,2.217598,0,0,1,0,0,0,0,0,0,0,0,0,0,0,0,0,44,0,40,0,18,22,7,16
C:\Users\eleonora.delcavallo\Desktop\workshop modellistica\output_stations\\hourly\Franchetti Tresivio - Melo.csv,9/29/2025 12:00:00 AM,20.72,8.41,0,0,65,38,0,-1.4873152,4.6676846,7.7296486,1778.9668,65.88766,88.116325,88,2.2091866,0,0,0,0,0,0,0,0,0,0,0,0,0,0,0,0,44,0,40,0,18,22,7,16
C:\Users\eleonora.delcavallo\Desktop\workshop modellistica\output_stations\\hourly\Franchetti Tresivio - Melo.csv,9/30/2025 12:00:00 AM,21.81,9.2,0,0,68,35,0,-0.7746229,5.5303764,8.76536,1787.7322,66.2123,88.12015,88,2.1996307,0,0,0,0,0,0,0,0,0,0,0,0,0,0,0,0,44,0,40,0,18,22,7,16
C:\Users\eleonora.delcavallo\Desktop\workshop modellistica\output_stations\\hourly\Franchetti Tresivio - Melo.csv,10/1/2025 12:00:00 AM,18.81,12,0,0,69,44,0,0,5.4049997,8.662488,1796.3947,66.533134,88.12392,88,2.1902084,0,0,0,0,0,0,0,0,0,0,0,0,0,0,0,0,44,0,40,0,18,22,7,16
C:\Users\eleonora.delcavallo\Desktop\workshop modellistica\output_stations\\hourly\Franchetti Tresivio - Melo.csv,10/2/2025 12:00:00 AM,21.1,10.44,0,0,69,30,0,0,5.7700005,9.029709,1805.4243,66.86757,88.12785,88,2.1803665,0,0,0,0,0,0,0,0,0,0,0,0,0,0,0,0,44,0,40,0,18,22,7,16
C:\Users\eleonora.delcavallo\Desktop\workshop modellistica\output_stations\\hourly\Franchetti Tresivio - Melo.csv,10/3/2025 12:00:00 AM,18.76,9.12,0,0,84,41,0,-0.8398347,3.980166,6.9537296,1812.378,67.125114,88.13088,88,2.1727943,0,0,0,0,0,0,0,0,0,0,0,0,0,0,0,0,44,0,40,0,18,22,7,16
C:\Users\eleonora.delcavallo\Desktop\workshop modellistica\output_stations\\hourly\Franchetti Tresivio - Melo.csv,10/4/2025 12:00:00 AM,15.97,7.66,0,2,86,37,0,-2.0105422,2.1444585,3.7431812,1816.1212,67.26375,88.132515,88,2.1687126,0,0,0,0,0,0,0,0,0,0,0,0,0,0,0,0,44,0,40,0,18,22,7,16
C:\Users\eleonora.delcavallo\Desktop\workshop modellistica\output_stations\\hourly\Franchetti Tresivio - Melo.csv,10/5/2025 12:00:00 AM,18.26,7.83,1,7,90,38,0,-1.944262,3.2707381,5.7146854,1821.8359,67.4754,88.135,88,2.1624947,0,0,0,0,0,0,0,0,0,0,0,0,0,0,0,0,44,0,40,0,18,22,7,16
C:\Users\eleonora.delcavallo\Desktop\workshop modellistica\output_stations\\hourly\Franchetti Tresivio - Melo.csv,10/6/2025 12:00:00 AM,19.12,9.87,6.1,9,87,27,0,-0.12908697,4.495914,7.6462784,1829.4822,67.7586,88.138336,88,2.1541595,0,0,1,0,0,0,0,0,0,0,0,0,0,0,0,0,44,0,41,0,18,22,7,16
C:\Users\eleonora.delcavallo\Desktop\workshop modellistica\output_stations\\hourly\Franchetti Tresivio - Melo.csv,10/7/2025 12:00:00 AM,20.64,6.06,0,0,56,26,0,-3.4076405,3.882359,6.1543922,1835.6366,67.98654,88.14102,88,2.1474457,0,0,0,0,0,0,0,0,0,0,0,0,0,0,0,0,44,0,41,0,18,22,7,16
C:\Users\eleonora.delcavallo\Desktop\workshop modellistica\output_stations\\hourly\Franchetti Tresivio - Melo.csv,10/8/2025 12:00:00 AM,22.28,8.88,0,0,65,38,0,-1.0731936,5.6268063,8.841392,1844.478,68.314,88.14487,88,2.1378326,0,0,0,0,0,0,0,0,1,0,0,0,0,0,0,0,44,0,41,0,18,22,7,16
C:\Users\eleonora.delcavallo\Desktop\workshop modellistica\output_stations\\hourly\Franchetti Tresivio - Melo.csv,10/9/2025 12:00:00 AM,21.53,9.77,0,0,76,40,0,-0.2277503,5.65225,8.911487,1853.3895,68.64406,88.14875,88,2.1281242,0,0,0,0,0,0,0,0,1,0,1,0,1,0,0,0,44,0,41,0,18,22,7,16
C:\Users\eleonora.delcavallo\Desktop\workshop modellistica\output_stations\\hourly\Franchetti Tresivio - Melo.csv,10/10/2025 12:00:00 AM,21.84,11.33,0,4,87,51,0,0,6.584999,9.768598,1863.1581,69.00585,88.15301,88,2.1174812,0,0,0,0,0,0,0,0,1,0,1,0,1,0,0,0,44,0,41,0,18,22,7,16
C:\Users\eleonora.delcavallo\Desktop\workshop modellistica\output_stations\\hourly\Franchetti Tresivio - Melo.csv,10/11/2025 12:00:00 AM,23.54,13.2,0,0,61,29,0,0,8.370001,11.008025,1874.1661,69.41356,88.15781,88,2.105484,0,0,0,0,0,0,0,0,1,0,1,0,1,0,0,0,44,0,41,0,18,22,7,16
C:\Users\eleonora.delcavallo\Desktop\workshop modellistica\output_stations\\hourly\Franchetti Tresivio - Melo.csv,10/12/2025 12:00:00 AM,22.18,10.92,0,0,84,41,0,0,6.549999,9.739136,1883.9053,69.77427,88.16205,88,2.0948792,0,0,0,0,0,0,0,0,0,0,0,0,0,0,0,0,44,0,41,0,18,22,7,16
C:\Users\eleonora.delcavallo\Desktop\workshop modellistica\output_stations\\hourly\Franchetti Tresivio - Melo.csv,10/13/2025 12:00:00 AM,21.82,9.99,0,5,88,57,0,-0.009996414,5.9050035,9.15979,1893.0651,70.113525,88.16604,88,2.0849037,0,0,0,0,0,0,0,0,0,0,0,0,0,0,0,0,44,0,41,0,18,22,7,16
C:\Users\eleonora.delcavallo\Desktop\workshop modellistica\output_stations\\hourly\Franchetti Tresivio - Melo.csv,10/14/2025 12:00:00 AM,21.62,11.22,0,0,85,54,0,0,6.42,9.627938,1902.693,70.470116,88.170235,88,2.0744133,0,0,0,0,0,0,0,0,0,0,1,0,0,0,0,0,44,0,41,0,18,22,7,16
C:\Users\eleonora.delcavallo\Desktop\workshop modellistica\output_stations\\hourly\Franchetti Tresivio - Melo.csv,10/15/2025 12:00:00 AM,20.06,13.04,0,4,87,63,0,0,6.549999,9.739136,1912.4321,70.830826,88.17448,88,2.0638084,0,0,0,0,0,0,0,0,0,0,0,0,0,0,0,0,44,0,41,0,18,22,7,16
C:\Users\eleonora.delcavallo\Desktop\workshop modellistica\output_stations\\hourly\Franchetti Tresivio - Melo.csv,10/16/2025 12:00:00 AM,20.71,12.64,0,4,87,58,0,0,6.674999,9.8434305,1922.2755,71.19539,88.17877,88,2.05307,0,0,0,0,0,0,0,0,0,0,0,0,0,0,0,0,44,0,41,0,18,22,7,16
C:\Users\eleonora.delcavallo\Desktop\workshop modellistica\output_stations\\hourly\Franchetti Tresivio - Melo.csv,10/17/2025 12:00:00 AM,20.34,12.38,0.2,2,69,43,0,0,6.3600006,9.575672,1931.8512,71.55004,88.182945,88,2.0426369,0,0,0,0,0,0,0,0,0,0,0,0,0,0,0,0,44,0,41,0,18,22,7,16
C:\Users\eleonora.delcavallo\Desktop\workshop modellistica\output_stations\\hourly\Franchetti Tresivio - Melo.csv,10/18/2025 12:00:00 AM,18.64,11.23,0,0,75,43,0,0,4.9349995,8.15581,1940.007,71.85211,88.18649,88,2.0337677,0,0,0,0,0,0,0,0,0,0,0,0,0,0,0,0,44,0,41,0,18,22,7,16
C:\Users\eleonora.delcavallo\Desktop\workshop modellistica\output_stations\\hourly\Franchetti Tresivio - Melo.csv,10/19/2025 12:00:00 AM,19.27,9.81,0,0,68,35,0,-0.18809223,4.5419083,7.699976,1947.7069,72.13729,88.18985,88,2.0253754,0,0,0,0,0,0,0,0,0,0,1,0,0,0,0,0,44,0,41,0,18,22,7,16
C:\Users\eleonora.delcavallo\Desktop\workshop modellistica\output_stations\\hourly\Franchetti Tresivio - Melo.csv,10/20/2025 12:00:00 AM,16.4,10.64,0,0,71,54,0,0,3.5200005,6.3915443,1954.0985,72.374016,88.192635,88,2.0184135,0,0,0,0,0,0,0,0,0,0,0,0,0,0,0,0,44,0,41,0,18,22,7,16
C:\Users\eleonora.delcavallo\Desktop\workshop modellistica\output_stations\\hourly\Franchetti Tresivio - Melo.csv,10/21/2025 12:00:00 AM,12.32,10.28,3.8,9,74,52,0,0,1.2999992,2.8118825,1956.9104,72.478165,88.19386,88,2.0153427,0,0,1,0,0,0,0,0,0,0,0,0,0,0,0,0,44,0,42,0,18,22,7,16
C:\Users\eleonora.delcavallo\Desktop\workshop modellistica\output_stations\\hourly\Franchetti Tresivio - Melo.csv,10/22/2025 12:00:00 AM,15.9,10.27,0.4,2,71,52,0,0,3.085,5.773408,1962.6838,72.69199,88.19637,88,2.0090675,0,0,0,0,0,0,0,0,0,0,0,0,0,0,0,0,44,0,42,0,18,22,7,16
C:\Users\eleonora.delcavallo\Desktop\workshop modellistica\output_stations\\hourly\Franchetti Tresivio - Melo.csv,10/23/2025 12:00:00 AM,16.76,10.79,0,0,76,51,0,0,3.7749996,6.7368517,1969.4207,72.941505,88.19931,88,2.0017242,0,0,0,0,0,0,0,0,0,0,0,0,0,0,0,0,44,0,42,0,18,22,7,16
C:\Users\eleonora.delcavallo\Desktop\workshop modellistica\output_stations\\hourly\Franchetti Tresivio - Melo.csv,10/24/2025 12:00:00 AM,12.7,8.71,8.7,21,100,63,0,-1.0814662,0.91353375,1.6385297,1971.0592,73.0022,88.20003,88,1.9999313,0,0,1,0,0,0,0,0,0,0,0,0,0,0,0,0,44,0,43,0,18,22,7,16
C:\Users\eleonora.delcavallo\Desktop\workshop modellistica\output_stations\\hourly\Franchetti Tresivio - Melo.csv,10/25/2025 12:00:00 AM,18.48,5.85,0,6,92,34,0,-3.468191,2.8468091,4.338354,1975.3976,73.16287,88.20192,88,1.9952011,0,0,0,0,0,0,0,0,0,0,0,0,0,0,0,0,44,0,43,0,18,22,7,16
C:\Users\eleonora.delcavallo\Desktop\workshop modellistica\output_stations\\hourly\Franchetti Tresivio - Melo.csv,10/26/2025 12:00:00 AM,16.1,5.79,0,0,84,38,0,-3.350441,1.8045588,2.1261675,1977.5238,73.24162,88.20284,88,1.9928932,0,0,0,0,0,0,0,0,0,0,0,0,0,0,0,0,44,0,43,0,18,22,7,16
C:\Users\eleonora.delcavallo\Desktop\workshop modellistica\output_stations\\hourly\Franchetti Tresivio - Melo.csv,10/27/2025 12:00:00 AM,18.34,5.04,0,5,90,29,-4.0351286,-4.0351286,0,0,0,0,0,0,0,0,0,0,0,0,0,0,0,0,0,0,0,0,0,0,0,0,0,0,0,0,0,0,0
C:\Users\eleonora.delcavallo\Desktop\workshop modellistica\output_stations\\hourly\Franchetti Tresivio - Melo.csv,10/28/2025 12:00:00 AM,14.14,4.29,1.12,6,50,31,-8.090098,-4.05497,0,0,0,0,0,0,0,0,0,0,0,0,0,0,0,0,0,0,0,0,0,0,0,0,0,0,0,0,0,0,0
C:\Users\eleonora.delcavallo\Desktop\workshop modellistica\output_stations\\hourly\Franchetti Tresivio - Melo.csv,10/29/2025 12:00:00 AM,18.14,5.13,0,0,66,33,-12.048612,-3.958513,0,0,0,0,0,0,0,0,0,0,0,0,0,0,0,0,0,0,0,0,0,0,0,0,0,0,0,0,0,0,0
C:\Users\eleonora.delcavallo\Desktop\workshop modellistica\output_stations\\hourly\Franchetti Tresivio - Melo.csv,10/30/2025 12:00:00 AM,11.51,5.39,3.1000001,6,80,51,-14.922329,-2.8737173,0,0,0,0,0,0,0,0,0,0,0,0,0,0,0,0,0,0,0,0,0,0,0,0,0,0,0,0,0,0,0
C:\Users\eleonora.delcavallo\Desktop\workshop modellistica\output_stations\\hourly\Franchetti Tresivio - Melo.csv,10/31/2025 12:00:00 AM,15.43,9.08,9.7,17,97,65,-15.775683,-0.85335445,0,0,0,0,0,0,0,1,0,1,0,0,0,0,0,0,0,0,0,0,0,0,0,1,0,1,0,0,0,0,0
C:\Users\eleonora.delcavallo\Desktop\workshop modellistica\output_stations\\hourly\Franchetti Tresivio - Melo.csv,11/1/2025 12:00:00 AM,15.61,10.76,0,0,81,60,-15.775683,0,0,0,0,0,0,0,0,0,0,0,0,0,0,0,0,0,0,0,0,0,0,0,0,0,0,0,0,0,0,0,0
C:\Users\eleonora.delcavallo\Desktop\workshop modellistica\output_stations\\hourly\Franchetti Tresivio - Melo.csv,11/2/2025 12:00:00 AM,16.94,11.82,0,0,83,53,-15.775683,0,0,0,0,0,0,0,0,0,0,0,0,0,0,0,0,0,0,0,0,0,0,0,0,0,0,0,0,0,0,0,0
C:\Users\eleonora.delcavallo\Desktop\workshop modellistica\output_stations\\hourly\Franchetti Tresivio - Melo.csv,11/3/2025 12:00:00 AM,13.66,7.77,33.899998,11,76,58,-17.583536,-1.8078526,0,0,0,0,0,0,0,1,0,1,0,0,0,0,0,0,0,0,0,0,0,0,0,1,0,1,0,0,0,0,0
C:\Users\eleonora.delcavallo\Desktop\workshop modellistica\output_stations\\hourly\Franchetti Tresivio - Melo.csv,11/4/2025 12:00:00 AM,15.28,5.64,0,7,94,26,-20.957561,-3.374025,0,0,0,0,0,0,0,1,0,0,0,0,0,0,0,0,0,0,0,0,0,0,0,1,0,0,0,0,0,0,0
C:\Users\eleonora.delcavallo\Desktop\workshop modellistica\output_stations\\hourly\Franchetti Tresivio - Melo.csv,11/5/2025 12:00:00 AM,15.12,4.24,0,0,81,37,-25.192856,-4.235295,0,0,0,0,0,0,0,0,0,0,0,0,0,0,0,0,0,0,0,0,0,0,0,0,0,0,0,0,0,0,0
C:\Users\eleonora.delcavallo\Desktop\workshop modellistica\output_stations\\hourly\Franchetti Tresivio - Melo.csv,11/6/2025 12:00:00 AM,15.24,4.11,0,0,84,10,-29.52436,-4.331505,0,0,0,0,0,0,0,0,0,0,0,0,0,0,0,0,0,0,0,0,0,0,0,0,0,0,0,0,0,0,0
C:\Users\eleonora.delcavallo\Desktop\workshop modellistica\output_stations\\hourly\Franchetti Tresivio - Melo.csv,11/7/2025 12:00:00 AM,16.11,3.86,0,0,81,29,-34.125603,-4.6012416,0,0,0,0,0,0,0,0,0,0,0,0,0,0,0,0,0,0,0,0,0,0,0,0,0,0,0,0,0,0,0
C:\Users\eleonora.delcavallo\Desktop\workshop modellistica\output_stations\\hourly\Franchetti Tresivio - Melo.csv,11/8/2025 12:00:00 AM,14.51,3.96,0,0,78,42,-38.43662,-4.3110147,0,0,0,0,0,0,0,0,0,0,0,0,0,0,0,0,0,0,0,0,0,0,0,0,0,0,0,0,0,0,0
C:\Users\eleonora.delcavallo\Desktop\workshop modellistica\output_stations\\hourly\Franchetti Tresivio - Melo.csv,11/9/2025 12:00:00 AM,13.39,2.22,0,1,88,48,-43.507202,-5.070582,0,0,0,0,0,0,0,0,0,0,0,0,0,0,0,0,0,0,0,0,0,0,0,0,0,0,0,0,0,0,0
C:\Users\eleonora.delcavallo\Desktop\workshop modellistica\output_stations\\hourly\Franchetti Tresivio - Melo.csv,11/10/2025 12:00:00 AM,13.29,2.78,0,2,86,53,-48.24726,-4.740057,0,0,0,0,0,0,0,0,0,0,0,0,0,0,0,0,0,0,0,0,0,0,0,0,0,0,0,0,0,0,0
C:\Users\eleonora.delcavallo\Desktop\workshop modellistica\output_stations\\hourly\Franchetti Tresivio - Melo.csv,11/11/2025 12:00:00 AM,15.89,3.41,0,1,86,40,-53.097355,-4.850093,0,0,0,0,0,0,0,0,0,0,0,0,0,0,0,0,0,0,0,0,0,0,0,0,0,0,0,0,0,0,0
C:\Users\eleonora.delcavallo\Desktop\workshop modellistica\output_stations\\hourly\Franchetti Tresivio - Melo.csv,11/12/2025 12:00:00 AM,14.69,4.1,0,0,78,45,-57.353825,-4.2564683,0,0,0,0,0,0,0,0,0,0,0,0,0,0,0,0,0,0,0,0,0,0,0,0,0,0,0,0,0,0,0
C:\Users\eleonora.delcavallo\Desktop\workshop modellistica\output_stations\\hourly\Franchetti Tresivio - Melo.csv,11/13/2025 12:00:00 AM,15.41,3.63,0,0,85,44,-62.001545,-4.6477213,0,0,0,0,0,0,0,0,0,0,0,0,0,0,0,0,0,0,0,0,0,0,0,0,0,0,0,0,0,0,0
C:\Users\eleonora.delcavallo\Desktop\workshop modellistica\output_stations\\hourly\Franchetti Tresivio - Melo.csv,11/14/2025 12:00:00 AM,15.41,5.19,0,0,79,47,-65.67964,-3.678097,0,0,0,0,0,0,0,0,0,0,0,0,0,0,0,0,0,0,0,0,0,0,0,0,0,0,0,0,0,0,0
C:\Users\eleonora.delcavallo\Desktop\workshop modellistica\output_stations\\hourly\Franchetti Tresivio - Melo.csv,11/15/2025 12:00:00 AM,14.44,5.04,0,0,82,53,-69.33105,-3.6514044,0,0,0,0,0,0,0,0,0,0,0,0,0,0,0,0,0,0,0,0,0,0,0,0,0,0,0,0,0,0,0
C:\Users\eleonora.delcavallo\Desktop\workshop modellistica\output_stations\\hourly\Franchetti Tresivio - Melo.csv,11/16/2025 12:00:00 AM,10.3,8.17,5.7000003,22,95,71,-70.37492,-1.0438738,0,0,0,0,0,0,0,0,0,0,0,0,0,0,0,0,0,0,0,0,0,0,0,0,0,0,0,0,0,0,0
C:\Users\eleonora.delcavallo\Desktop\workshop modellistica\output_stations\\hourly\Franchetti Tresivio - Melo.csv,11/17/2025 12:00:00 AM,11.09,9.63,8.6,23,96,78,-70.698044,-0.32311684,0,0,0,0,0,0,0,1,0,0,0,0,0,0,0,0,0,0,0,0,0,0,0,1,0,0,0,0,0,0,0
C:\Users\eleonora.delcavallo\Desktop\workshop modellistica\output_stations\\hourly\Franchetti Tresivio - Melo.csv,11/18/2025 12:00:00 AM,14.3,4.41,0,13,96,38,-74.70826,-4.010217,0,0,0,0,0,0,0,0,0,0,0,0,0,0,0,0,0,0,0,0,0,0,0,0,0,0,0,0,0,0,0
C:\Users\eleonora.delcavallo\Desktop\workshop modellistica\output_stations\\hourly\Franchetti Tresivio - Melo.csv,11/19/2025 12:00:00 AM,10.48,2.67,0,0,77,37,-78.59851,-3.8902495,0,0,0,0,0,0,0,0,0,0,0,0,0,0,0,0,0,0,0,0,0,0,0,0,0,0,0,0,0,0,0
C:\Users\eleonora.delcavallo\Desktop\workshop modellistica\output_stations\\hourly\Franchetti Tresivio - Melo.csv,11/20/2025 12:00:00 AM,8.46,3.38,0.18,1,62,33,-81.13851,-2.54,0,0,0,0,0,0,0,0,0,0,0,0,0,0,0,0,0,0,0,0,0,0,0,0,0,0,0,0,0,0,0
C:\Users\eleonora.delcavallo\Desktop\workshop modellistica\output_stations\\hourly\Franchetti Tresivio - Melo.csv,11/21/2025 12:00:00 AM,9.38,2.84,5.2,15,79,47,-84.40851,-3.2700002,0,0,0,0,0,0,0,0,0,0,0,0,0,0,0,0,0,0,0,0,0,0,0,0,0,0,0,0,0,0,0
C:\Users\eleonora.delcavallo\Desktop\workshop modellistica\output_stations\\hourly\Franchetti Tresivio - Melo.csv,11/22/2025 12:00:00 AM,4.38,-0.02,9.63,20,93,35,-86.588554,-2.1800454,0,0,0,0,0,0,0,0,0,0,0,0,0,0,0,0,0,0,0,0,0,0,0,0,0,0,0,0,0,0,0
C:\Users\eleonora.delcavallo\Desktop\workshop modellistica\output_stations\\hourly\Franchetti Tresivio - Melo.csv,11/23/2025 12:00:00 AM,5.33,-3.07,0,6,92,32,-88.279564,-1.691006,0,0,0,0,0,0,0,0,0,0,0,0,0,0,0,0,0,0,0,0,0,0,0,0,0,0,0,0,0,0,0
C:\Users\eleonora.delcavallo\Desktop\workshop modellistica\output_stations\\hourly\Franchetti Tresivio - Melo.csv,11/24/2025 12:00:00 AM,4.24,-2.78,0,0,77,36,-89.56002,-1.2804558,0,0,0,0,0,0,0,0,0,0,0,0,0,0,0,0,0,0,0,0,0,0,0,0,0,0,0,0,0,0,0
C:\Users\eleonora.delcavallo\Desktop\workshop modellistica\output_stations\\hourly\Franchetti Tresivio - Melo.csv,11/25/2025 12:00:00 AM,3.85,0.2,10.42,20,99,30,-91.38502,-1.8249998,0,0,0,0,0,0,0,0,0,0,0,0,0,0,0,0,0,0,0,0,0,0,0,0,0,0,0,0,0,0,0
C:\Users\eleonora.delcavallo\Desktop\workshop modellistica\output_stations\\hourly\Franchetti Tresivio - Melo.csv,11/26/2025 12:00:00 AM,6.96,-0.72,5.54,11,100,40,-94.538765,-3.15375,0,0,0,0,0,0,0,0,0,0,0,0,0,0,0,0,0,0,0,0,0,0,0,0,0,0,0,0,0,0,0
C:\Users\eleonora.delcavallo\Desktop\workshop modellistica\output_stations\\hourly\Franchetti Tresivio - Melo.csv,11/27/2025 12:00:00 AM,9.86,-1.16,0,0,60,29,-98.949814,-4.4110527,0,0,0,0,0,0,0,0,0,0,0,0,0,0,0,0,0,0,0,0,0,0,0,0,0,0,0,0,0,0,0
C:\Users\eleonora.delcavallo\Desktop\workshop modellistica\output_stations\\hourly\Franchetti Tresivio - Melo.csv,11/28/2025 12:00:00 AM,7.57,-0.93,0,0,51,26,-102.320694,-3.3708766,0,0,0,0,0,0,0,0,0,0,0,0,0,0,0,0,0,0,0,0,0,0,0,0,0,0,0,0,0,0,0
C:\Users\eleonora.delcavallo\Desktop\workshop modellistica\output_stations\\hourly\Franchetti Tresivio - Melo.csv,11/29/2025 12:00:00 AM,7.77,-0.94,0,0,61,14,-102.320694,-3.4657233,0,0,0,0,0,0,0,0,0,0,0,0,0,0,0,0,0,0,0,0,0,0,0,0,0,0,0,0,0,0,0
C:\Users\eleonora.delcavallo\Desktop\workshop modellistica\output_stations\\hourly\Franchetti Tresivio - Melo.csv,11/30/2025 12:00:00 AM,9.49,1.15,0,1,89,21,-102.320694,-4.1699996,0,0,0,0,0,0,0,0,0,0,0,0,0,0,0,0,0,0,0,0,0,0,0,0,0,0,0,0,0,0,0
C:\Users\eleonora.delcavallo\Desktop\workshop modellistica\output_stations\\hourly\Franchetti Tresivio - Melo.csv,12/1/2025 12:00:00 AM,6.39,0.9,0,0,85,53,-102.320694,-2.745,0,0,0,0,0,0,0,0,0,0,0,0,0,0,0,0,0,0,0,0,0,0,0,0,0,0,0,0,0,0,0
C:\Users\eleonora.delcavallo\Desktop\workshop modellistica\output_stations\\hourly\Franchetti Tresivio - Melo.csv,12/2/2025 12:00:00 AM,8.45,4.67,0,0,83,59,-102.320694,-1.8899999,0,0,0,0,0,0,0,0,0,0,0,0,0,0,0,0,0,0,0,0,0,0,0,0,0,0,0,0,0,0,0
C:\Users\eleonora.delcavallo\Desktop\workshop modellistica\output_stations\\hourly\Franchetti Tresivio - Melo.csv,12/3/2025 12:00:00 AM,9.11,5.3,0,0,73,50,-102.320694,-1.9049997,0,0,0,0,0,0,0,0,0,0,0,0,0,0,0,0,0,0,0,0,0,0,0,0,0,0,0,0,0,0,0
C:\Users\eleonora.delcavallo\Desktop\workshop modellistica\output_stations\\hourly\Franchetti Tresivio - Melo.csv,12/4/2025 12:00:00 AM,8.82,5.69,0,0,82,69,-102.320694,-1.565,0,0,0,0,0,0,0,0,0,0,0,0,0,0,0,0,0,0,0,0,0,0,0,0,0,0,0,0,0,0,0
C:\Users\eleonora.delcavallo\Desktop\workshop modellistica\output_stations\\hourly\Franchetti Tresivio - Melo.csv,12/5/2025 12:00:00 AM,9.8,5.02,0.9,6,93,65,-102.320694,-2.3899999,0,0,0,0,0,0,0,0,0,0,0,0,0,0,0,0,0,0,0,0,0,0,0,0,0,0,0,0,0,0,0
C:\Users\eleonora.delcavallo\Desktop\workshop modellistica\output_stations\\hourly\Franchetti Tresivio - Melo.csv,12/6/2025 12:00:00 AM,8.47,3.41,0.84,11,93,75,-102.320694,-2.53,0,0,0,0,0,0,0,0,0,0,0,0,0,0,0,0,0,0,0,0,0,0,0,0,0,0,0,0,0,0,0
C:\Users\eleonora.delcavallo\Desktop\workshop modellistica\output_stations\\hourly\Franchetti Tresivio - Melo.csv,12/7/2025 12:00:00 AM,8.63,3.25,0,0,83,66,-102.320694,-2.69,0,0,0,0,0,0,0,0,0,0,0,0,0,0,0,0,0,0,0,0,0,0,0,0,0,0,0,0,0,0,0
C:\Users\eleonora.delcavallo\Desktop\workshop modellistica\output_stations\\hourly\Franchetti Tresivio - Melo.csv,12/8/2025 12:00:00 AM,10,4.39,0,0,80,61,-102.320694,-2.8049998,0,0,0,0,0,0,0,0,0,0,0,0,0,0,0,0,0,0,0,0,0,0,0,0,0,0,0,0,0,0,0
C:\Users\eleonora.delcavallo\Desktop\workshop modellistica\output_stations\\hourly\Franchetti Tresivio - Melo.csv,12/9/2025 12:00:00 AM,12.63,6.74,0,0,84,65,-101.73352,-2.3578265,0.5871732,0,0,0,0,0,0,0,0,0,0,0,0,0,0,0,0,0,0,0,0,0,0,0,0,0,0,0,0,0,0
C:\Users\eleonora.delcavallo\Desktop\workshop modellistica\output_stations\\hourly\Franchetti Tresivio - Melo.csv,12/10/2025 12:00:00 AM,12,6.29,0,0,79,61,-101.383255,-2.5047379,0.3502627,0,0,0,0,0,0,0,0,0,0,0,0,0,0,0,0,0,0,0,0,0,0,0,0,0,0,0,0,0,0
C:\Users\eleonora.delcavallo\Desktop\workshop modellistica\output_stations\\hourly\Franchetti Tresivio - Melo.csv,12/11/2025 12:00:00 AM,10.62,5.23,0,0,76,65,-101.347595,-2.6593416,0.035658617,0,0,0,0,0,0,0,0,0,0,0,0,0,0,0,0,0,0,0,0,0,0,0,0,0,0,0,0,0,0
C:\Users\eleonora.delcavallo\Desktop\workshop modellistica\output_stations\\hourly\Franchetti Tresivio - Melo.csv,12/12/2025 12:00:00 AM,11.3,4.85,0,0,72,62,-101.21659,-3.0939922,0.13100779,0,0,0,0,0,0,0,0,0,0,0,0,0,0,0,0,0,0,0,0,0,0,0,0,0,0,0,0,0,0
