"site","year","month","day","tmax","tmin","prec"
"MC001_Montefano",2019,1,1,12.59,-1.11,0
"MC001_Montefano",2019,1,2,7.28,2.06,2.6
"MC001_Montefano",2019,1,3,7,0.17,0
"MC001_Montefano",2019,1,4,5.12,-1.95,0
"MC001_Montefano",2019,1,5,10.49,-1.39,0
"MC001_Montefano",2019,1,6,11.22,-2.04,0
"MC001_Montefano",2019,1,7,10.57,-3.24,0
"MC001_Montefano",2019,1,8,13.27,-0.17,2
"MC001_Montefano",2019,1,9,8.59,4.1,0
"MC001_Montefano",2019,1,10,9.24,1.64,8.3
"MC001_Montefano",2019,1,11,7.33,-0.24,4.3
"MC001_Montefano",2019,1,12,10.95,-1.62,0
"MC001_Montefano",2019,1,13,11.38,1.5,0
"MC001_Montefano",2019,1,14,12.21,1.44,0
"MC001_Montefano",2019,1,15,13.43,-2.07,0
"MC001_Montefano",2019,1,16,16.78,2.2,0
"MC001_Montefano",2019,1,17,13.74,7.18,0
"MC001_Montefano",2019,1,18,13.46,3.63,2.4
"MC001_Montefano",2019,1,19,11.82,5.1,2.2
"MC001_Montefano",2019,1,20,8.79,4.73,15.6
"MC001_Montefano",2019,1,21,4.55,3.48,12.2
"MC001_Montefano",2019,1,22,3.3,2.68,6.3
"MC001_Montefano",2019,1,23,5.21,2.63,5.3
"MC001_Montefano",2019,1,24,9.92,4.14,2.4
"MC001_Montefano",2019,1,25,5.89,2.55,0
"MC001_Montefano",2019,1,26,8.95,-1.37,0
"MC001_Montefano",2019,1,27,15.21,2.07,1
"MC001_Montefano",2019,1,28,9.78,0.89,2.5
"MC001_Montefano",2019,1,29,7.38,0.17,0
"MC001_Montefano",2019,1,30,8.47,1.44,0
"MC001_Montefano",2019,1,31,9.55,5.2,0
"MC001_Montefano",2019,2,1,15.6,9.65,0
"MC001_Montefano",2019,2,2,13.84,4.86,4.7
"MC001_Montefano",2019,2,3,13.26,7.52,5.1
"MC001_Montefano",2019,2,4,12.44,5.31,0
"MC001_Montefano",2019,2,5,10.02,5.8,0
"MC001_Montefano",2019,2,6,11.94,0.41,0
"MC001_Montefano",2019,2,7,13.34,1.73,0
"MC001_Montefano",2019,2,8,12.15,-0.84,0
"MC001_Montefano",2019,2,9,16.74,1.49,0
"MC001_Montefano",2019,2,10,17.48,8.33,0
"MC001_Montefano",2019,2,11,13.32,0.92,0
"MC001_Montefano",2019,2,12,13.22,-2.01,0
"MC001_Montefano",2019,2,13,11.54,0.33,0
"MC001_Montefano",2019,2,14,13.93,0.73,0
"MC001_Montefano",2019,2,15,13.78,0.45,0
"MC001_Montefano",2019,2,16,14.96,-0.37,0
"MC001_Montefano",2019,2,17,18.18,-0.28,0
"MC001_Montefano",2019,2,18,17.85,-0.51,0
"MC001_Montefano",2019,2,19,15.72,-0.34,0
"MC001_Montefano",2019,2,20,14.59,-0.01,0
"MC001_Montefano",2019,2,21,14.89,0.6,0
"MC001_Montefano",2019,2,22,15.3,4.04,0
"MC001_Montefano",2019,2,23,7.33,4.02,0
"MC001_Montefano",2019,2,24,9.69,3.86,0
"MC001_Montefano",2019,2,25,13.85,3.59,0
"MC001_Montefano",2019,2,26,17.22,3.62,0
"MC001_Montefano",2019,2,27,18.03,0.28,0
"MC001_Montefano",2019,2,28,23.54,1.95,0
"MC001_Montefano",2019,3,1,17.28,8.15,0
"MC001_Montefano",2019,3,2,19.16,2.27,0
"MC001_Montefano",2019,3,3,18.69,2.34,0
"MC001_Montefano",2019,3,4,23.6,15.52,0
"MC001_Montefano",2019,3,5,18.99,1.46,0
"MC001_Montefano",2019,3,6,19.76,6.47,0
"MC001_Montefano",2019,3,7,23.77,11.73,0
"MC001_Montefano",2019,3,8,20.28,3.77,0
"MC001_Montefano",2019,3,9,20.52,3.08,0
"MC001_Montefano",2019,3,10,20.59,9.04,0
"MC001_Montefano",2019,3,11,21.05,5.71,4
"MC001_Montefano",2019,3,12,13.48,-2.04,0
"MC001_Montefano",2019,3,13,17.24,6.88,18.1
"MC001_Montefano",2019,3,14,15.88,4.78,0
"MC001_Montefano",2019,3,15,21.55,6.51,0
"MC001_Montefano",2019,3,16,21.55,4.72,0
"MC001_Montefano",2019,3,17,19.26,6.12,0
"MC001_Montefano",2019,3,18,19.89,7.95,5.4
"MC001_Montefano",2019,3,19,11.66,8.48,0.7
"MC001_Montefano",2019,3,20,13.85,2.46,0
"MC001_Montefano",2019,3,21,15.3,1.74,0
"MC001_Montefano",2019,3,22,17.09,3.16,0
"MC001_Montefano",2019,3,23,19.42,4.07,0
"MC001_Montefano",2019,3,24,22.92,4.26,0
"MC001_Montefano",2019,3,25,24.87,8.17,4.5
"MC001_Montefano",2019,3,26,12.63,1.69,0
"MC001_Montefano",2019,3,27,14.37,1.4,0
"MC001_Montefano",2019,3,28,14.52,2.03,0
"MC001_Montefano",2019,3,29,16.9,2.68,0
"MC001_Montefano",2019,3,30,18.31,2.14,0
"MC001_Montefano",2019,3,31,20.54,3.37,0
"MC001_Montefano",2019,4,1,21.31,6.05,0
"MC001_Montefano",2019,4,2,21.6,10.84,0
"MC001_Montefano",2019,4,3,20.22,6.13,0
"MC001_Montefano",2019,4,4,19.52,8.68,8.7
"MC001_Montefano",2019,4,5,15.57,2.46,0
"MC001_Montefano",2019,4,6,17.17,7.73,0
"MC001_Montefano",2019,4,7,17.88,9.37,0
"MC001_Montefano",2019,4,8,15.72,10.18,3.3
"MC001_Montefano",2019,4,9,19.09,5.96,0
"MC001_Montefano",2019,4,10,20.43,8.47,2.3
"MC001_Montefano",2019,4,11,16.31,8.51,5.8
"MC001_Montefano",2019,4,12,15.04,8.67,0
"MC001_Montefano",2019,4,13,14.69,9.2,0
"MC001_Montefano",2019,4,14,15.74,9.82,1.3
"MC001_Montefano",2019,4,15,17.16,4.74,0
"MC001_Montefano",2019,4,16,19.19,4.54,0
"MC001_Montefano",2019,4,17,20.85,4.42,0
"MC001_Montefano",2019,4,18,20.4,5.01,0
"MC001_Montefano",2019,4,19,20.36,5.29,0
"MC001_Montefano",2019,4,20,22.02,5.5,0
"MC001_Montefano",2019,4,21,20.86,10.2,0
"MC001_Montefano",2019,4,22,17.19,14.99,11.6
"MC001_Montefano",2019,4,23,20.82,10.88,0
"MC001_Montefano",2019,4,24,23.17,11.34,0
"MC001_Montefano",2019,4,25,23.79,13.98,0
"MC001_Montefano",2019,4,26,22.28,10.09,0
"MC001_Montefano",2019,4,27,22.11,6.58,0
"MC001_Montefano",2019,4,28,21.37,4.19,20.3
"MC001_Montefano",2019,4,29,15.43,9.55,8.8
"MC001_Montefano",2019,4,30,20.29,12.05,0
"MC001_Montefano",2019,5,1,21.39,6.05,0
"MC001_Montefano",2019,5,2,25.32,15.23,0
"MC001_Montefano",2019,5,3,22.68,11.06,0.8
"MC001_Montefano",2019,5,4,18.57,9.51,2
"MC001_Montefano",2019,5,5,15.72,8.59,63
"MC001_Montefano",2019,5,6,14.68,8.66,0
"MC001_Montefano",2019,5,7,18.91,5.2,0
"MC001_Montefano",2019,5,8,21.55,12.42,3.2
"MC001_Montefano",2019,5,9,20.89,7.05,1.9
"MC001_Montefano",2019,5,10,22.45,7.53,0
"MC001_Montefano",2019,5,11,24.16,12.27,21.1
"MC001_Montefano",2019,5,12,14.72,12.39,25.2
"MC001_Montefano",2019,5,13,13.41,10.84,18.6
"MC001_Montefano",2019,5,14,13.68,7.97,1.7
"MC001_Montefano",2019,5,15,15.4,6.43,0
"MC001_Montefano",2019,5,16,18.01,6.56,0
"MC001_Montefano",2019,5,17,19.34,14.51,0
"MC001_Montefano",2019,5,18,20.21,13.62,27
"MC001_Montefano",2019,5,19,21.45,11.73,4.3
"MC001_Montefano",2019,5,20,21.55,10.88,0
"MC001_Montefano",2019,5,21,23.91,11.36,0
"MC001_Montefano",2019,5,22,22.72,12.46,0
"MC001_Montefano",2019,5,23,24.18,11.09,0
"MC001_Montefano",2019,5,24,24.73,11.42,0
"MC001_Montefano",2019,5,25,24.31,16.3,4.7
"MC001_Montefano",2019,5,26,19.45,15.69,9.3
"MC001_Montefano",2019,5,27,20.54,15.6,1.4
"MC001_Montefano",2019,5,28,22.7,15.31,9.5
"MC001_Montefano",2019,5,29,19.23,14.46,3
"MC001_Montefano",2019,5,30,17.71,13.46,10.7
"MC001_Montefano",2019,5,31,21.97,10.74,0
"MC001_Montefano",2019,6,1,25.82,14.95,0
"MC001_Montefano",2019,6,2,27.28,14.77,0
"MC001_Montefano",2019,6,3,30,15.52,0
"MC001_Montefano",2019,6,4,28.95,15.13,0
"MC001_Montefano",2019,6,5,30.18,14.72,0
"MC001_Montefano",2019,6,6,26.03,14.74,0
"MC001_Montefano",2019,6,7,27.79,16.92,0
"MC001_Montefano",2019,6,8,29.51,17.3,0
"MC001_Montefano",2019,6,9,30.38,17.22,0
"MC001_Montefano",2019,6,10,32.4,18.92,0
"MC001_Montefano",2019,6,11,31.55,19.66,0
"MC001_Montefano",2019,6,12,31.51,19.22,0
"MC001_Montefano",2019,6,13,29.88,17.51,0
"MC001_Montefano",2019,6,14,30.91,21.76,0
"MC001_Montefano",2019,6,15,33.88,17.28,0
"MC001_Montefano",2019,6,16,30.59,17.57,0
"MC001_Montefano",2019,6,17,30.85,17.6,0
"MC001_Montefano",2019,6,18,30.25,18.57,0
"MC001_Montefano",2019,6,19,31.46,17.36,0
"MC001_Montefano",2019,6,20,32.95,16.02,0
"MC001_Montefano",2019,6,21,31.08,19.67,1.4
"MC001_Montefano",2019,6,22,29.81,17.63,0
"MC001_Montefano",2019,6,23,29.13,17.69,0
"MC001_Montefano",2019,6,24,29.37,18.85,0
"MC001_Montefano",2019,6,25,31.3,19.77,0
"MC001_Montefano",2019,6,26,33.09,19.73,0
"MC001_Montefano",2019,6,27,36.39,20.6,0
"MC001_Montefano",2019,6,28,33.41,18.43,0
"MC001_Montefano",2019,6,29,31.48,16.34,0
"MC001_Montefano",2019,6,30,32.06,17.77,0
"MC001_Montefano",2019,7,1,33.08,19.18,0
"MC001_Montefano",2019,7,2,34.34,20.99,0
"MC001_Montefano",2019,7,3,33.74,20.7,0
"MC001_Montefano",2019,7,4,31.26,19.62,0
"MC001_Montefano",2019,7,5,33.14,18.8,0
"MC001_Montefano",2019,7,6,35.13,19.93,0
"MC001_Montefano",2019,7,7,35.94,22,0
"MC001_Montefano",2019,7,8,32.96,22.53,0
"MC001_Montefano",2019,7,9,33.1,19.16,22.6
"MC001_Montefano",2019,7,10,25.26,14.69,48.2
"MC001_Montefano",2019,7,11,28.25,19.93,0
"MC001_Montefano",2019,7,12,27.84,18.62,0
"MC001_Montefano",2019,7,13,26.91,16.32,4.9
"MC001_Montefano",2019,7,14,27.67,18.92,0
"MC001_Montefano",2019,7,15,25.39,18.24,0.7
"MC001_Montefano",2019,7,16,27.74,14.28,0
"MC001_Montefano",2019,7,17,29.73,14.81,0
"MC001_Montefano",2019,7,18,30.24,19.3,0
"MC001_Montefano",2019,7,19,29.99,18.51,0
"MC001_Montefano",2019,7,20,31.79,19.59,0
"MC001_Montefano",2019,7,21,33.42,19.86,0
"MC001_Montefano",2019,7,22,32.62,20.05,0
"MC001_Montefano",2019,7,23,33.79,19.17,0
"MC001_Montefano",2019,7,24,34.64,20.12,0
"MC001_Montefano",2019,7,25,34.43,20.83,0
"MC001_Montefano",2019,7,26,36.06,22.76,0
"MC001_Montefano",2019,7,27,33.83,20.47,22.9
"MC001_Montefano",2019,7,28,28.42,19.64,0.8
"MC001_Montefano",2019,7,29,31.46,20.46,0
"MC001_Montefano",2019,7,30,32.03,21.07,0
"MC001_Montefano",2019,7,31,34.16,18.14,0
"MC001_Montefano",2019,8,1,33.23,19.79,0
"MC001_Montefano",2019,8,2,33.05,18.23,3.8
"MC001_Montefano",2019,8,3,28.91,16.08,0
"MC001_Montefano",2019,8,4,29.86,17.09,0
"MC001_Montefano",2019,8,5,31.36,17.61,0
"MC001_Montefano",2019,8,6,34.37,19.83,0
"MC001_Montefano",2019,8,7,33.26,20.78,0
"MC001_Montefano",2019,8,8,32.45,21.72,0
"MC001_Montefano",2019,8,9,32.7,21.43,0
"MC001_Montefano",2019,8,10,35.68,20.67,0
"MC001_Montefano",2019,8,11,35.77,20.48,0
"MC001_Montefano",2019,8,12,36.94,24.42,0
"MC001_Montefano",2019,8,13,34.39,23.31,7.7
"MC001_Montefano",2019,8,14,28.72,19.26,0
"MC001_Montefano",2019,8,15,29.17,16.87,0
"MC001_Montefano",2019,8,16,28.44,14.83,0
"MC001_Montefano",2019,8,17,29.93,17.52,0
"MC001_Montefano",2019,8,18,31.9,18.48,0
"MC001_Montefano",2019,8,19,33.36,18.57,0
"MC001_Montefano",2019,8,20,34.32,18.96,0
"MC001_Montefano",2019,8,21,33.71,22.67,0
"MC001_Montefano",2019,8,22,31.27,20.86,0
"MC001_Montefano",2019,8,23,27.55,22.5,0
"MC001_Montefano",2019,8,24,30.7,22.11,0
"MC001_Montefano",2019,8,25,30.75,20.21,0
"MC001_Montefano",2019,8,26,31.31,19.6,0
"MC001_Montefano",2019,8,27,32.15,19.44,0
"MC001_Montefano",2019,8,28,32.23,22.09,0
"MC001_Montefano",2019,8,29,31.72,19.79,0
"MC001_Montefano",2019,8,30,33.07,19.88,0
"MC001_Montefano",2019,8,31,32.4,21.05,0
"MC001_Montefano",2019,9,1,31.85,19.57,0
"MC001_Montefano",2019,9,2,30.79,20.31,15.6
"MC001_Montefano",2019,9,3,25.52,16.66,5
"MC001_Montefano",2019,9,4,26.11,14.98,0
"MC001_Montefano",2019,9,5,28.25,17.98,0
"MC001_Montefano",2019,9,6,25.48,16.92,19
"MC001_Montefano",2019,9,7,24.87,15.49,8.2
"MC001_Montefano",2019,9,8,28.79,15.53,0
"MC001_Montefano",2019,9,9,25.18,13.63,0
"MC001_Montefano",2019,9,10,25.39,14.64,0
"MC001_Montefano",2019,9,11,26.3,13.91,0
"MC001_Montefano",2019,9,12,26.6,15.33,0
"MC001_Montefano",2019,9,13,28.02,15.13,0
"MC001_Montefano",2019,9,14,28.5,15.79,0
"MC001_Montefano",2019,9,15,28.54,16.14,0
"MC001_Montefano",2019,9,16,29.25,16.69,0
"MC001_Montefano",2019,9,17,31.31,17.24,0
"MC001_Montefano",2019,9,18,29.66,20.34,11.6
"MC001_Montefano",2019,9,19,22.36,14.29,13.6
"MC001_Montefano",2019,9,20,22.23,9.89,0
"MC001_Montefano",2019,9,21,23.49,13.33,0
"MC001_Montefano",2019,9,22,23.85,17.78,0
"MC001_Montefano",2019,9,23,25.72,16.59,34
"MC001_Montefano",2019,9,24,23.5,13.88,0
"MC001_Montefano",2019,9,25,26.31,14.6,2.6
"MC001_Montefano",2019,9,26,25.15,14.79,0
"MC001_Montefano",2019,9,27,26.07,17.61,0
"MC001_Montefano",2019,9,28,29.45,15.93,0
"MC001_Montefano",2019,9,29,27.74,15.67,0
"MC001_Montefano",2019,9,30,29.31,14.99,0
"MC001_Montefano",2019,10,1,27.29,15.65,0
"MC001_Montefano",2019,10,2,27.65,14.23,14.2
"MC001_Montefano",2019,10,3,16.35,10.81,3.1
"MC001_Montefano",2019,10,4,19.87,10.67,2.3
"MC001_Montefano",2019,10,5,20.61,10.71,3.7
"MC001_Montefano",2019,10,6,20.81,13.16,3.8
"MC001_Montefano",2019,10,7,21.07,10.4,0
"MC001_Montefano",2019,10,8,21.15,8.63,0
"MC001_Montefano",2019,10,9,23.65,17.11,0
"MC001_Montefano",2019,10,10,27.68,15.23,0
"MC001_Montefano",2019,10,11,21.77,11.27,0
"MC001_Montefano",2019,10,12,23.92,14.83,0
"MC001_Montefano",2019,10,13,22.82,12.59,0
"MC001_Montefano",2019,10,14,22.48,13.18,0
"MC001_Montefano",2019,10,15,24.51,16.03,0
"MC001_Montefano",2019,10,16,25.43,9.87,0
"MC001_Montefano",2019,10,17,23.17,9.44,0
"MC001_Montefano",2019,10,18,23.91,9.71,0
"MC001_Montefano",2019,10,19,24.38,9.72,0
"MC001_Montefano",2019,10,20,24.75,10.91,0
"MC001_Montefano",2019,10,21,24.61,11.44,0
"MC001_Montefano",2019,10,22,23.94,12.57,0
"MC001_Montefano",2019,10,23,22.21,11.65,0
"MC001_Montefano",2019,10,24,21.79,12.77,0
"MC001_Montefano",2019,10,25,22.92,12.63,0
"MC001_Montefano",2019,10,26,23.95,8.33,0
"MC001_Montefano",2019,10,27,24.17,7.77,0
"MC001_Montefano",2019,10,28,24.53,11.57,0
"MC001_Montefano",2019,10,29,24.51,12.67,1.4
"MC001_Montefano",2019,10,30,20.86,15.3,10.3
"MC001_Montefano",2019,10,31,16.42,13.59,1.6
"MC001_Montefano",2019,11,1,15.88,13.24,0
"MC001_Montefano",2019,11,2,19.52,13.33,1.9
"MC001_Montefano",2019,11,3,23.45,14.02,5.6
"MC001_Montefano",2019,11,4,22.04,14.38,0
"MC001_Montefano",2019,11,5,24.77,10.8,0
"MC001_Montefano",2019,11,6,19.92,7.99,0.9
"MC001_Montefano",2019,11,7,18.47,6.35,0
"MC001_Montefano",2019,11,8,17.71,11.02,1.4
"MC001_Montefano",2019,11,9,17.68,9.81,2.1
"MC001_Montefano",2019,11,10,16.22,9.31,0
"MC001_Montefano",2019,11,11,15.99,9.96,8.5
"MC001_Montefano",2019,11,12,13.34,9.34,7.2
"MC001_Montefano",2019,11,13,17.04,7.31,0
"MC001_Montefano",2019,11,14,15.75,9.12,0
"MC001_Montefano",2019,11,15,19.18,11.07,7.9
"MC001_Montefano",2019,11,16,18.5,11.55,7.2
"MC001_Montefano",2019,11,17,15.09,5.38,1.1
"MC001_Montefano",2019,11,18,17.42,8.59,0
"MC001_Montefano",2019,11,19,14.45,8.85,5.8
"MC001_Montefano",2019,11,20,16.34,7.98,0.8
"MC001_Montefano",2019,11,21,16.32,4.97,0
"MC001_Montefano",2019,11,22,17,4.62,0
"MC001_Montefano",2019,11,23,17.38,9.52,0
"MC001_Montefano",2019,11,24,17.58,12.35,9.9
"MC001_Montefano",2019,11,25,19.29,7.6,0
"MC001_Montefano",2019,11,26,19.09,7.06,0
"MC001_Montefano",2019,11,27,16.59,9.49,0
"MC001_Montefano",2019,11,28,18.45,8.09,0
"MC001_Montefano",2019,11,29,20.25,9.92,0
"MC001_Montefano",2019,11,30,13.69,6.07,0
"MC001_Montefano",2019,12,1,15.87,8.78,0
"MC001_Montefano",2019,12,2,14.55,9.42,19.6
"MC001_Montefano",2019,12,3,13.35,2.68,0
"MC001_Montefano",2019,12,4,12.05,2.51,0
"MC001_Montefano",2019,12,5,11.64,4.61,0
"MC001_Montefano",2019,12,6,11.08,6.15,0
"MC001_Montefano",2019,12,7,13.11,4.42,0
"MC001_Montefano",2019,12,8,15.3,6.52,0
"MC001_Montefano",2019,12,9,18.17,7.97,0
"MC001_Montefano",2019,12,10,12.09,3.49,4.5
"MC001_Montefano",2019,12,11,10.53,-0.84,0
"MC001_Montefano",2019,12,12,6.39,-0.99,0
"MC001_Montefano",2019,12,13,10.93,3.84,11.3
"MC001_Montefano",2019,12,14,16.8,4.49,0
"MC001_Montefano",2019,12,15,19.47,4.17,0
"MC001_Montefano",2019,12,16,18.71,4.71,0
"MC001_Montefano",2019,12,17,16.83,6.98,0
"MC001_Montefano",2019,12,18,16.69,9.49,0
"MC001_Montefano",2019,12,19,12.5,4.93,0.7
"MC001_Montefano",2019,12,20,19.36,7.53,0
"MC001_Montefano",2019,12,21,21.26,12.01,6
"MC001_Montefano",2019,12,22,14.73,4.9,1.1
"MC001_Montefano",2019,12,23,17.29,3.27,0
"MC001_Montefano",2019,12,24,18.75,3.8,0
"MC001_Montefano",2019,12,25,17.02,2.97,0
"MC001_Montefano",2019,12,26,14.74,2.75,0
"MC001_Montefano",2019,12,27,12.89,1.69,0
"MC001_Montefano",2019,12,28,10.69,1.25,0
"MC001_Montefano",2019,12,29,8.77,3.02,0
"MC001_Montefano",2019,12,30,8.63,-1.4,0
"MC001_Montefano",2019,12,31,10.76,-0.64,0
"MC001_Montefano",2020,1,1,13.11,0.19,0
"MC001_Montefano",2020,1,2,13.63,-0.79,0
"MC001_Montefano",2020,1,3,13.51,1.03,0
"MC001_Montefano",2020,1,4,11.57,1.61,0
"MC001_Montefano",2020,1,5,13.11,-0.53,0
"MC001_Montefano",2020,1,6,10.72,-0.82,0
"MC001_Montefano",2020,1,7,10.61,-0.43,0
"MC001_Montefano",2020,1,8,10.12,-2.18,0
"MC001_Montefano",2020,1,9,13.39,-1.94,0
"MC001_Montefano",2020,1,10,16.3,0.65,0
"MC001_Montefano",2020,1,11,10.54,1.04,0
"MC001_Montefano",2020,1,12,11.97,-2.12,0
"MC001_Montefano",2020,1,13,12.95,-1.27,0
"MC001_Montefano",2020,1,14,14.92,-1.13,0
"MC001_Montefano",2020,1,15,14.71,-0.59,0
"MC001_Montefano",2020,1,16,12.93,0.43,0
"MC001_Montefano",2020,1,17,14.44,0.94,0
"MC001_Montefano",2020,1,18,11.47,6.23,2.9
"MC001_Montefano",2020,1,19,11.35,2.5,0
"MC001_Montefano",2020,1,20,11.48,2.26,0
"MC001_Montefano",2020,1,21,9.78,0.06,0
"MC001_Montefano",2020,1,22,11.82,-0.85,0
"MC001_Montefano",2020,1,23,13.58,-0.14,0
"MC001_Montefano",2020,1,24,12.4,1.31,0
"MC001_Montefano",2020,1,25,11.24,3.6,0
"MC001_Montefano",2020,1,26,8.43,1.68,0
"MC001_Montefano",2020,1,27,15.81,4.02,0
"MC001_Montefano",2020,1,28,18.43,10.5,0
"MC001_Montefano",2020,1,29,17.36,2.5,0
"MC001_Montefano",2020,1,30,15.7,3.81,0
"MC001_Montefano",2020,1,31,18.02,9.27,0
"MC001_Montefano",2020,2,1,19.19,5.62,0
"MC001_Montefano",2020,2,2,17.84,5.3,0
"MC001_Montefano",2020,2,3,22.24,4.55,0
"MC001_Montefano",2020,2,4,21.06,6.96,3.5
"MC001_Montefano",2020,2,5,12.68,6.73,0
"MC001_Montefano",2020,2,6,11,-3.35,0
"MC001_Montefano",2020,2,7,14.13,-2.82,0
"MC001_Montefano",2020,2,8,13.56,-1.14,0
"MC001_Montefano",2020,2,9,15.44,3.36,0
"MC001_Montefano",2020,2,10,19.77,15.7,0
"MC001_Montefano",2020,2,11,21.26,8.3,0
"MC001_Montefano",2020,2,12,19.28,0.02,0
"MC001_Montefano",2020,2,13,19.11,8.61,9.7
"MC001_Montefano",2020,2,14,14.71,2.02,0
"MC001_Montefano",2020,2,15,16.62,0.92,0
"MC001_Montefano",2020,2,16,17.24,1.56,0
"MC001_Montefano",2020,2,17,18.15,4.88,0
"MC001_Montefano",2020,2,18,18.1,9.46,0
"MC001_Montefano",2020,2,19,15.31,4.31,3.2
"MC001_Montefano",2020,2,20,13.77,-0.84,0
"MC001_Montefano",2020,2,21,16.39,0.55,0
"MC001_Montefano",2020,2,22,15.19,1.58,0
"MC001_Montefano",2020,2,23,19.43,3.65,0
"MC001_Montefano",2020,2,24,18.19,3.99,0
"MC001_Montefano",2020,2,25,17.47,8.85,0
"MC001_Montefano",2020,2,26,17.55,4.56,5.2
"MC001_Montefano",2020,2,27,14.5,8.87,1.7
"MC001_Montefano",2020,2,28,15.19,-1.85,0
"MC001_Montefano",2020,2,29,16.33,4.88,0
"MC001_Montefano",2020,3,1,15.7,8.27,1.4
"MC001_Montefano",2020,3,2,17.02,11.98,0
"MC001_Montefano",2020,3,3,16.65,3.77,0
"MC001_Montefano",2020,3,4,11.43,1.14,0.9
"MC001_Montefano",2020,3,5,14.42,9.34,2.9
"MC001_Montefano",2020,3,6,16.4,5.05,7.6
"MC001_Montefano",2020,3,7,12.24,4.48,0
"MC001_Montefano",2020,3,8,13.96,-0.06,0
"MC001_Montefano",2020,3,9,14.41,5.35,0
"MC001_Montefano",2020,3,10,14.87,3.08,0
"MC001_Montefano",2020,3,11,19.23,3.76,0
"MC001_Montefano",2020,3,12,20.27,4.84,0
"MC001_Montefano",2020,3,13,20.7,7.18,0
"MC001_Montefano",2020,3,14,18.09,8.97,0
"MC001_Montefano",2020,3,15,14.39,0.12,0
"MC001_Montefano",2020,3,16,15.38,1.69,0
"MC001_Montefano",2020,3,17,17.11,1.6,0
"MC001_Montefano",2020,3,18,17.46,3.24,0
"MC001_Montefano",2020,3,19,20.47,3.08,0
"MC001_Montefano",2020,3,20,18.53,4.53,0
"MC001_Montefano",2020,3,21,19.29,9.65,0
"MC001_Montefano",2020,3,22,15.13,5.89,0
"MC001_Montefano",2020,3,23,7.21,4.92,0
"MC001_Montefano",2020,3,24,7.84,1.84,4.5
"MC001_Montefano",2020,3,25,7.88,3.33,12.1
"MC001_Montefano",2020,3,26,10.07,7.56,28.1
"MC001_Montefano",2020,3,27,11.26,9.23,9.3
"MC001_Montefano",2020,3,28,16.27,3.28,0
"MC001_Montefano",2020,3,29,18.19,3.06,0
"MC001_Montefano",2020,3,30,16.33,7.65,1.6
"MC001_Montefano",2020,3,31,9.75,4.78,0
"MC001_Montefano",2020,4,1,9.92,-0.28,0
"MC001_Montefano",2020,4,2,12.44,-1.32,0
"MC001_Montefano",2020,4,3,14.36,1.38,0
"MC001_Montefano",2020,4,4,17.79,4.49,0
"MC001_Montefano",2020,4,5,18.12,5.85,0
"MC001_Montefano",2020,4,6,20.04,3.8,0
"MC001_Montefano",2020,4,7,19.86,3.29,0
"MC001_Montefano",2020,4,8,20.09,1.83,0
"MC001_Montefano",2020,4,9,21.72,2.67,0
"MC001_Montefano",2020,4,10,23.46,4.38,0
"MC001_Montefano",2020,4,11,24.9,5.12,0
"MC001_Montefano",2020,4,12,24.42,6.14,0
"MC001_Montefano",2020,4,13,24.5,12.87,0
"MC001_Montefano",2020,4,14,14.35,2.53,0
"MC001_Montefano",2020,4,15,15.36,0.29,0
"MC001_Montefano",2020,4,16,19.46,3.52,0
"MC001_Montefano",2020,4,17,21.91,7.36,0
"MC001_Montefano",2020,4,18,23.59,8.7,0
"MC001_Montefano",2020,4,19,24.3,14.99,0.6
"MC001_Montefano",2020,4,20,16.5,12.41,25.3
"MC001_Montefano",2020,4,21,13.01,11.62,13.8
"MC001_Montefano",2020,4,22,15.73,7.9,1.1
"MC001_Montefano",2020,4,23,19.83,5.53,0
"MC001_Montefano",2020,4,24,22.79,7.08,0
"MC001_Montefano",2020,4,25,25.73,8.06,0
"MC001_Montefano",2020,4,26,21.86,7.65,0
"MC001_Montefano",2020,4,27,24,9.8,0
"MC001_Montefano",2020,4,28,22.67,12.06,9.2
"MC001_Montefano",2020,4,29,23.63,8.27,3.7
"MC001_Montefano",2020,4,30,23.89,14.4,0
"MC001_Montefano",2020,5,1,23.72,15.52,0
"MC001_Montefano",2020,5,2,22.73,12.21,7.5
"MC001_Montefano",2020,5,3,20.38,5.57,0
"MC001_Montefano",2020,5,4,23.53,8.26,0
"MC001_Montefano",2020,5,5,26.82,13.89,0
"MC001_Montefano",2020,5,6,20.93,5.44,0
"MC001_Montefano",2020,5,7,22.32,6.09,0
"MC001_Montefano",2020,5,8,26,9.08,0
"MC001_Montefano",2020,5,9,25.91,11.27,0
"MC001_Montefano",2020,5,10,25.55,15.45,0
"MC001_Montefano",2020,5,11,24.62,16.82,0
"MC001_Montefano",2020,5,12,24.89,11.07,0
"MC001_Montefano",2020,5,13,25.47,15.47,0
"MC001_Montefano",2020,5,14,26.2,14.35,0
"MC001_Montefano",2020,5,15,26.32,14.69,0
"MC001_Montefano",2020,5,16,22.09,16.78,1
"MC001_Montefano",2020,5,17,24.95,13.62,0
"MC001_Montefano",2020,5,18,23.58,16.07,0
"MC001_Montefano",2020,5,19,25.17,14.31,40.1
"MC001_Montefano",2020,5,20,22.28,14.94,4.4
"MC001_Montefano",2020,5,21,23.3,9.96,0
"MC001_Montefano",2020,5,22,27.31,13.83,0
"MC001_Montefano",2020,5,23,30.34,17.07,6.3
"MC001_Montefano",2020,5,24,24.24,10.19,0
"MC001_Montefano",2020,5,25,24.93,11.95,0
"MC001_Montefano",2020,5,26,22.07,12.13,0
"MC001_Montefano",2020,5,27,22.38,8.78,0
"MC001_Montefano",2020,5,28,24.17,10.22,3.1
"MC001_Montefano",2020,5,29,17.38,12.78,12.3
"MC001_Montefano",2020,5,30,21.4,9.4,0
"MC001_Montefano",2020,5,31,22.6,10.68,0
"MC001_Montefano",2020,6,1,23.84,10.36,0
"MC001_Montefano",2020,6,2,26.75,12.95,0
"MC001_Montefano",2020,6,3,27.5,14.11,0
"MC001_Montefano",2020,6,4,22.61,17.19,20.6
"MC001_Montefano",2020,6,5,25.25,12.8,0
"MC001_Montefano",2020,6,6,26.33,13.99,0
"MC001_Montefano",2020,6,7,26.81,18.44,2
"MC001_Montefano",2020,6,8,23.75,15.22,14
"MC001_Montefano",2020,6,9,24.73,12.88,0.7
"MC001_Montefano",2020,6,10,23.94,14.45,7.4
"MC001_Montefano",2020,6,11,24.06,11.54,0
"MC001_Montefano",2020,6,12,27.33,13.45,0
"MC001_Montefano",2020,6,13,28.12,17.1,2.7
"MC001_Montefano",2020,6,14,22.44,14.34,9.4
"MC001_Montefano",2020,6,15,25.8,17.75,13.6
"MC001_Montefano",2020,6,16,25.81,15.42,0
"MC001_Montefano",2020,6,17,28.28,13.67,0
"MC001_Montefano",2020,6,18,28.64,13.49,0
"MC001_Montefano",2020,6,19,27.96,14.57,0
"MC001_Montefano",2020,6,20,25.73,13.03,0
"MC001_Montefano",2020,6,21,27.16,19.7,0
"MC001_Montefano",2020,6,22,29.99,16.15,0
"MC001_Montefano",2020,6,23,29.45,15.03,0
"MC001_Montefano",2020,6,24,29.45,16.23,0
"MC001_Montefano",2020,6,25,30.06,18.96,0
"MC001_Montefano",2020,6,26,30.67,17.47,0
"MC001_Montefano",2020,6,27,31.75,17.77,0
"MC001_Montefano",2020,6,28,32.25,18.3,0
"MC001_Montefano",2020,6,29,35.19,19.41,0
"MC001_Montefano",2020,6,30,32.44,20.8,0
"MC001_Montefano",2020,7,1,33.19,20.6,0
"MC001_Montefano",2020,7,2,32.22,19.63,0
"MC001_Montefano",2020,7,3,30.73,19.59,9.6
"MC001_Montefano",2020,7,4,29.18,16.6,0
"MC001_Montefano",2020,7,5,30.29,15.91,0
"MC001_Montefano",2020,7,6,31.89,17.71,0
"MC001_Montefano",2020,7,7,26.61,13.55,0
"MC001_Montefano",2020,7,8,28.26,14.9,0
"MC001_Montefano",2020,7,9,30.2,17.07,0
"MC001_Montefano",2020,7,10,32.03,18.24,0
"MC001_Montefano",2020,7,11,35.59,20.61,0
"MC001_Montefano",2020,7,12,28.61,14.02,0
"MC001_Montefano",2020,7,13,27.25,14.69,0
"MC001_Montefano",2020,7,14,26.53,13.21,0
"MC001_Montefano",2020,7,15,27.99,15.62,0
"MC001_Montefano",2020,7,16,29.23,16.89,2.4
"MC001_Montefano",2020,7,17,25.25,16.53,9.2
"MC001_Montefano",2020,7,18,25.13,13.42,0
"MC001_Montefano",2020,7,19,28.14,13.71,0
"MC001_Montefano",2020,7,20,30.85,17.58,0
"MC001_Montefano",2020,7,21,32.65,18.06,0
"MC001_Montefano",2020,7,22,34.1,20.28,0
"MC001_Montefano",2020,7,23,31.31,19.79,0
"MC001_Montefano",2020,7,24,33.49,18.14,21.2
"MC001_Montefano",2020,7,25,28.83,15.22,0
"MC001_Montefano",2020,7,26,32.37,17.14,0
"MC001_Montefano",2020,7,27,31.63,19.18,0
"MC001_Montefano",2020,7,28,32.8,20.52,0
"MC001_Montefano",2020,7,29,35.07,21.39,0
"MC001_Montefano",2020,7,30,35.72,21.3,0
"MC001_Montefano",2020,7,31,36.81,23.3,0
"MC001_Montefano",2020,8,1,36.13,22.34,0
"MC001_Montefano",2020,8,2,33.71,20.56,0
"MC001_Montefano",2020,8,3,34.25,20.69,8.4
"MC001_Montefano",2020,8,4,29.56,17.26,27.1
"MC001_Montefano",2020,8,5,25.61,18.93,3.5
"MC001_Montefano",2020,8,6,28.29,20.82,0
"MC001_Montefano",2020,8,7,30.05,20.82,0
"MC001_Montefano",2020,8,8,31.49,20.86,0
"MC001_Montefano",2020,8,9,34.54,19.29,0
"MC001_Montefano",2020,8,10,33.29,19.25,0
"MC001_Montefano",2020,8,11,33.8,20.81,0
"MC001_Montefano",2020,8,12,33.36,20.24,0
"MC001_Montefano",2020,8,13,34.93,20.11,0
"MC001_Montefano",2020,8,14,32.84,20.14,0
"MC001_Montefano",2020,8,15,31.57,19.27,0
"MC001_Montefano",2020,8,16,32.18,18.97,0
"MC001_Montefano",2020,8,17,33.37,20.31,0
"MC001_Montefano",2020,8,18,31.42,19.01,0
"MC001_Montefano",2020,8,19,30.73,18.31,0
"MC001_Montefano",2020,8,20,31.92,18.54,0
"MC001_Montefano",2020,8,21,33.24,19.64,0
"MC001_Montefano",2020,8,22,35.91,21.06,0
"MC001_Montefano",2020,8,23,33.16,22.95,0
"MC001_Montefano",2020,8,24,30.51,21.4,0
"MC001_Montefano",2020,8,25,30.03,17.7,0
"MC001_Montefano",2020,8,26,32.89,18.84,0
"MC001_Montefano",2020,8,27,32.69,18.66,0
"MC001_Montefano",2020,8,28,32.04,19.72,0
"MC001_Montefano",2020,8,29,34.01,20.28,0
"MC001_Montefano",2020,8,30,30.26,20.43,4.5
"MC001_Montefano",2020,8,31,21.6,13.84,7.4
"MC001_Montefano",2020,9,1,26.62,13.53,0
"MC001_Montefano",2020,9,2,26.5,14.92,0
"MC001_Montefano",2020,9,3,27.52,14.41,0
"MC001_Montefano",2020,9,4,28.45,14.19,0
"MC001_Montefano",2020,9,5,30.86,16.36,0
"MC001_Montefano",2020,9,6,31.1,16.61,0
"MC001_Montefano",2020,9,7,29.1,18.36,0
"MC001_Montefano",2020,9,8,28.58,16.01,0
"MC001_Montefano",2020,9,9,29.99,17.9,0
"MC001_Montefano",2020,9,10,30.29,20.25,0
"MC001_Montefano",2020,9,11,30.3,19.46,0
"MC001_Montefano",2020,9,12,29.81,17.88,0
"MC001_Montefano",2020,9,13,30.78,18.37,0
"MC001_Montefano",2020,9,14,30.73,19.03,0
"MC001_Montefano",2020,9,15,29.57,17.69,0
"MC001_Montefano",2020,9,16,31.04,17.32,0
"MC001_Montefano",2020,9,17,30.13,21.08,0
"MC001_Montefano",2020,9,18,28.85,18.45,0
"MC001_Montefano",2020,9,19,28.17,15.46,0
"MC001_Montefano",2020,9,20,28.14,19.44,4.8
"MC001_Montefano",2020,9,21,27.34,17.58,42.6
"MC001_Montefano",2020,9,22,25.92,18.57,4.7
"MC001_Montefano",2020,9,23,27.68,16.7,6.4
"MC001_Montefano",2020,9,24,29.42,17.93,11
"MC001_Montefano",2020,9,25,27.62,10.81,11.5
"MC001_Montefano",2020,9,26,18.95,10.15,6.4
"MC001_Montefano",2020,9,27,16.99,11.78,20.2
"MC001_Montefano",2020,9,28,21.8,9.48,0
"MC001_Montefano",2020,9,29,22.8,10.79,0
"MC001_Montefano",2020,9,30,23.48,11.73,0
"MC001_Montefano",2020,10,1,24.6,12.88,0
"MC001_Montefano",2020,10,2,24.68,16.05,0
"MC001_Montefano",2020,10,3,23.8,16.69,2.9
"MC001_Montefano",2020,10,4,23.92,13.35,1.6
"MC001_Montefano",2020,10,5,25.39,10.25,0
"MC001_Montefano",2020,10,6,23.64,15.31,1.2
"MC001_Montefano",2020,10,7,22.82,9.64,0
"MC001_Montefano",2020,10,8,22.97,9.08,0
"MC001_Montefano",2020,10,9,23.93,11.09,0
"MC001_Montefano",2020,10,10,25.12,12.09,0
"MC001_Montefano",2020,10,11,20.41,9.38,0.8
"MC001_Montefano",2020,10,12,15.91,10.24,13.3
"MC001_Montefano",2020,10,13,18,6.78,0
"MC001_Montefano",2020,10,14,20.57,13.81,15.1
"MC001_Montefano",2020,10,15,20.42,12.03,1.1
"MC001_Montefano",2020,10,16,17.55,7.94,4.8
"MC001_Montefano",2020,10,17,18.89,6.86,0
"MC001_Montefano",2020,10,18,19.35,6.66,0
"MC001_Montefano",2020,10,19,19.84,7.15,0
"MC001_Montefano",2020,10,20,20.15,6.43,0
"MC001_Montefano",2020,10,21,21.66,6.57,0
"MC001_Montefano",2020,10,22,21.75,8.83,0
"MC001_Montefano",2020,10,23,23.58,15.41,1.3
"MC001_Montefano",2020,10,24,16.86,10.54,11.9
"MC001_Montefano",2020,10,25,21.65,9.75,0
"MC001_Montefano",2020,10,26,22.06,11.58,1.1
"MC001_Montefano",2020,10,27,20.53,9.08,0
"MC001_Montefano",2020,10,28,18.98,6.07,0
"MC001_Montefano",2020,10,29,19.27,8.32,0
"MC001_Montefano",2020,10,30,21.23,7.73,0
"MC001_Montefano",2020,10,31,21.98,9.04,0
"MC001_Montefano",2020,11,1,20.88,7.23,0
"MC001_Montefano",2020,11,2,20.89,9.12,0
"MC001_Montefano",2020,11,3,20.48,15.12,0
"MC001_Montefano",2020,11,4,18.82,14.84,0
"MC001_Montefano",2020,11,5,16.93,14.74,0
"MC001_Montefano",2020,11,6,18.55,6.67,0
"MC001_Montefano",2020,11,7,19.5,5.69,0
"MC001_Montefano",2020,11,8,20.25,6.84,0
"MC001_Montefano",2020,11,9,19.71,6.99,0
"MC001_Montefano",2020,11,10,18.93,6.02,0
"MC001_Montefano",2020,11,11,17.26,7.55,0
"MC001_Montefano",2020,11,12,16.71,10.28,0
"MC001_Montefano",2020,11,13,18.36,7.89,0
"MC001_Montefano",2020,11,14,15.03,11.13,0
"MC001_Montefano",2020,11,15,17.16,9.54,1.6
"MC001_Montefano",2020,11,16,16.1,12.26,24.7
"MC001_Montefano",2020,11,17,17.01,9.13,0
"MC001_Montefano",2020,11,18,17.27,4.4,0
"MC001_Montefano",2020,11,19,16.84,5.92,5.3
"MC001_Montefano",2020,11,20,12.35,9.36,11.1
"MC001_Montefano",2020,11,21,11.71,0.31,0
"MC001_Montefano",2020,11,22,12.27,0.64,0
"MC001_Montefano",2020,11,23,13.53,5.77,0
"MC001_Montefano",2020,11,24,12.05,4.1,0
"MC001_Montefano",2020,11,25,14.03,2.77,0
"MC001_Montefano",2020,11,26,14.08,5.35,0
"MC001_Montefano",2020,11,27,14.31,8.67,0
"MC001_Montefano",2020,11,28,14.42,9.34,1.5
"MC001_Montefano",2020,11,29,12.26,8.46,1.5
"MC001_Montefano",2020,11,30,12.18,2.17,0
"MC001_Montefano",2020,12,1,10.7,7.83,4.2
"MC001_Montefano",2020,12,2,10.26,5.2,9.6
"MC001_Montefano",2020,12,3,8.44,1.18,0
"MC001_Montefano",2020,12,4,11.64,3.71,0
"MC001_Montefano",2020,12,5,17.18,5.7,9.4
"MC001_Montefano",2020,12,6,14.12,3.06,7
"MC001_Montefano",2020,12,7,14.43,3.68,1.3
"MC001_Montefano",2020,12,8,10.94,4.62,4.3
"MC001_Montefano",2020,12,9,15.02,6.91,5.3
"MC001_Montefano",2020,12,10,11.35,6.68,2.5
"MC001_Montefano",2020,12,11,11.2,2.76,0
"MC001_Montefano",2020,12,12,12.68,3.68,0
"MC001_Montefano",2020,12,13,12.13,3.5,0
"MC001_Montefano",2020,12,14,13.85,0.7,0
"MC001_Montefano",2020,12,15,9.85,0.7,0
"MC001_Montefano",2020,12,16,13.3,0.54,0
"MC001_Montefano",2020,12,17,14.46,3.89,0
"MC001_Montefano",2020,12,18,13.66,6.85,0
"MC001_Montefano",2020,12,19,12.88,5,0
"MC001_Montefano",2020,12,20,10.59,6.12,0
"MC001_Montefano",2020,12,21,11.04,5.14,0
"MC001_Montefano",2020,12,22,15.01,3.91,0
"MC001_Montefano",2020,12,23,17.75,7.69,0
"MC001_Montefano",2020,12,24,18.61,12.17,7.3
"MC001_Montefano",2020,12,25,12.99,5.64,5.3
"MC001_Montefano",2020,12,26,9.26,5.36,21
"MC001_Montefano",2020,12,27,7.34,0.39,0
"MC001_Montefano",2020,12,28,14.5,6.66,15.4
"MC001_Montefano",2020,12,29,16.24,7.38,0
"MC001_Montefano",2020,12,30,12.19,4.73,0.6
"MC001_Montefano",2020,12,31,11.25,1.03,0
"MC001_Montefano",2021,1,1,8.97,1.02,0
"MC001_Montefano",2021,1,2,13.95,3.5,0
"MC001_Montefano",2021,1,3,14.52,5.36,8.9
"MC001_Montefano",2021,1,4,13.26,1.84,0
"MC001_Montefano",2021,1,5,8.84,0.82,2.7
"MC001_Montefano",2021,1,6,11.42,0.54,0
"MC001_Montefano",2021,1,7,9.71,0.31,0
"MC001_Montefano",2021,1,8,6.08,3.63,7.7
"MC001_Montefano",2021,1,9,5.88,2.72,2.2
"MC001_Montefano",2021,1,10,5.81,4.39,15.5
"MC001_Montefano",2021,1,11,5.5,3.72,0.7
"MC001_Montefano",2021,1,12,7.31,-0.32,0
"MC001_Montefano",2021,1,13,9.81,-1.12,0
"MC001_Montefano",2021,1,14,13.82,-0.91,0
"MC001_Montefano",2021,1,15,8.44,0.59,0
"MC001_Montefano",2021,1,16,7.3,-1.87,0
"MC001_Montefano",2021,1,17,6.7,-2.16,2.8
"MC001_Montefano",2021,1,18,9.38,0.68,1.2
"MC001_Montefano",2021,1,19,13.15,-1.68,0
"MC001_Montefano",2021,1,20,14.61,0.18,0
"MC001_Montefano",2021,1,21,11.56,1.2,0
"MC001_Montefano",2021,1,22,16.35,3.98,1.9
"MC001_Montefano",2021,1,23,14.16,9.35,0
"MC001_Montefano",2021,1,24,13.46,6.24,11.9
"MC001_Montefano",2021,1,25,7.96,0.17,7.3
"MC001_Montefano",2021,1,26,9.61,0.34,0
"MC001_Montefano",2021,1,27,10.14,-1.73,0
"MC001_Montefano",2021,1,28,11.08,-1.64,0
"MC001_Montefano",2021,1,29,12.43,1.12,0
"MC001_Montefano",2021,1,30,19.29,0.19,0
"MC001_Montefano",2021,1,31,11.94,7.95,8.1
"MC001_Montefano",2021,2,1,11.88,7.53,2.1
"MC001_Montefano",2021,2,2,12.82,3.72,0.9
"MC001_Montefano",2021,2,3,17.74,3.01,0
"MC001_Montefano",2021,2,4,18.03,6.84,0
"MC001_Montefano",2021,2,5,13.92,9.12,0
"MC001_Montefano",2021,2,6,13.7,7.62,0
"MC001_Montefano",2021,2,7,15.56,10.62,0
"MC001_Montefano",2021,2,8,15.81,9.92,0
"MC001_Montefano",2021,2,9,17.18,11.22,0
"MC001_Montefano",2021,2,10,20.18,7.04,3.1
"MC001_Montefano",2021,2,11,13.72,7.09,2.5
"MC001_Montefano",2021,2,12,6.6,3.1,3.7
"MC001_Montefano",2021,2,13,3.08,0.9,11
"MC001_Montefano",2021,2,14,5.16,-0.01,0
"MC001_Montefano",2021,2,15,8.46,-1.93,0
"MC001_Montefano",2021,2,16,12.87,-2.38,0
"MC001_Montefano",2021,2,17,14.79,0.52,0
"MC001_Montefano",2021,2,18,16.4,1.54,0
"MC001_Montefano",2021,2,19,17.16,2.59,0
"MC001_Montefano",2021,2,20,17.62,2.64,0
"MC001_Montefano",2021,2,21,15.32,1.5,0
"MC001_Montefano",2021,2,22,13.92,3.74,0
"MC001_Montefano",2021,2,23,16.25,6.28,0
"MC001_Montefano",2021,2,24,19.44,5.11,0
"MC001_Montefano",2021,2,25,20.83,4.01,0
"MC001_Montefano",2021,2,26,20.82,3.89,0
"MC001_Montefano",2021,2,27,19.22,3.01,0
"MC001_Montefano",2021,2,28,13.84,2.15,0
"MC001_Montefano",2021,3,1,13.88,-0.3,0
"MC001_Montefano",2021,3,2,16.01,0.29,0
"MC001_Montefano",2021,3,3,16.44,-0.2,0
"MC001_Montefano",2021,3,4,19.94,0.19,0
"MC001_Montefano",2021,3,5,17.48,2.22,0
"MC001_Montefano",2021,3,6,10.75,1.6,6.6
"MC001_Montefano",2021,3,7,11.44,-0.71,0
"MC001_Montefano",2021,3,8,11.07,1.18,0
"MC001_Montefano",2021,3,9,9.46,7.23,15.1
"MC001_Montefano",2021,3,10,11.76,1.57,0
"MC001_Montefano",2021,3,11,16.83,-0.87,0
"MC001_Montefano",2021,3,12,17.38,12.12,0
"MC001_Montefano",2021,3,13,19.44,4.94,0
"MC001_Montefano",2021,3,14,17.69,7.02,1.4
"MC001_Montefano",2021,3,15,14.23,0.99,0
"MC001_Montefano",2021,3,16,13.9,0.63,0
"MC001_Montefano",2021,3,17,13.41,-0.13,0
"MC001_Montefano",2021,3,18,9.09,-0.78,0.9
"MC001_Montefano",2021,3,19,10.17,-1,0
"MC001_Montefano",2021,3,20,10.65,-1,0
"MC001_Montefano",2021,3,21,9.4,1.16,0
"MC001_Montefano",2021,3,22,12.04,3.31,0
"MC001_Montefano",2021,3,23,11.41,0.74,0
"MC001_Montefano",2021,3,24,15.12,-1.02,0
"MC001_Montefano",2021,3,25,17.78,-0.02,0
"MC001_Montefano",2021,3,26,18.44,1.89,0
"MC001_Montefano",2021,3,27,18.28,4.52,0
"MC001_Montefano",2021,3,28,18.74,4.12,0
"MC001_Montefano",2021,3,29,20.04,6.03,0
"MC001_Montefano",2021,3,30,22.46,5.16,0
"MC001_Montefano",2021,3,31,23.36,6.76,0
"MC001_Montefano",2021,4,1,25.5,7.33,0
"MC001_Montefano",2021,4,2,26.71,7.42,0
"MC001_Montefano",2021,4,3,19.93,6.88,1
"MC001_Montefano",2021,4,4,13.85,2.15,0
"MC001_Montefano",2021,4,5,14.62,-0.04,0
"MC001_Montefano",2021,4,6,16.4,2.93,5.9
"MC001_Montefano",2021,4,7,10.22,0.15,0
"MC001_Montefano",2021,4,8,16.36,-1.92,0
"MC001_Montefano",2021,4,9,17.56,0.06,0
"MC001_Montefano",2021,4,10,17.33,2.3,0
"MC001_Montefano",2021,4,11,17.23,8.88,0
"MC001_Montefano",2021,4,12,17.92,11.6,7.4
"MC001_Montefano",2021,4,13,13.13,7.83,0.9
"MC001_Montefano",2021,4,14,12.28,3.58,0
"MC001_Montefano",2021,4,15,12.54,2.64,0
"MC001_Montefano",2021,4,16,13.2,1.47,0
"MC001_Montefano",2021,4,17,14.61,1.69,0
"MC001_Montefano",2021,4,18,14.32,2.14,0
"MC001_Montefano",2021,4,19,15.37,3.06,0
"MC001_Montefano",2021,4,20,17.17,3.11,0
"MC001_Montefano",2021,4,21,18.99,1.98,0
"MC001_Montefano",2021,4,22,17.11,10.34,0
"MC001_Montefano",2021,4,23,18.47,6.99,0
"MC001_Montefano",2021,4,24,20.4,4.74,0
"MC001_Montefano",2021,4,25,22.08,2.04,0
"MC001_Montefano",2021,4,26,18.52,6.49,0
"MC001_Montefano",2021,4,27,16.05,12.61,5.4
"MC001_Montefano",2021,4,28,16.26,12.69,1.3
"MC001_Montefano",2021,4,29,21.45,9.46,0
"MC001_Montefano",2021,4,30,23.86,11.24,0
"MC001_Montefano",2021,5,1,22.43,12.99,2.8
"MC001_Montefano",2021,5,2,23.38,13.18,0
"MC001_Montefano",2021,5,3,20.91,8.45,0
"MC001_Montefano",2021,5,4,22.29,7.34,0
"MC001_Montefano",2021,5,5,22.8,6.21,0
"MC001_Montefano",2021,5,6,24.51,9.68,0
"MC001_Montefano",2021,5,7,25.93,16.14,0
"MC001_Montefano",2021,5,8,20.58,8.88,0
"MC001_Montefano",2021,5,9,23.04,7.48,0
"MC001_Montefano",2021,5,10,23.91,10.7,0
"MC001_Montefano",2021,5,11,25.31,11.76,2.3
"MC001_Montefano",2021,5,12,23.08,11.44,0
"MC001_Montefano",2021,5,13,22.2,11.9,0
"MC001_Montefano",2021,5,14,22.65,9.55,9.5
"MC001_Montefano",2021,5,15,20.76,12.09,1
"MC001_Montefano",2021,5,16,20.01,10.5,7.3
"MC001_Montefano",2021,5,17,25.37,11.12,0.9
"MC001_Montefano",2021,5,18,26.19,7.58,0
"MC001_Montefano",2021,5,19,18.46,10.15,3
"MC001_Montefano",2021,5,20,22.34,6.58,0
"MC001_Montefano",2021,5,21,26.5,6.96,0
"MC001_Montefano",2021,5,22,22.71,14.17,0
"MC001_Montefano",2021,5,23,26.14,12.1,0
"MC001_Montefano",2021,5,24,22.4,18.22,1.3
"MC001_Montefano",2021,5,25,26.74,13.03,0
"MC001_Montefano",2021,5,26,23.69,8.81,0
"MC001_Montefano",2021,5,27,26.24,11.03,0
"MC001_Montefano",2021,5,28,24.61,11.53,0
"MC001_Montefano",2021,5,29,24.7,10.28,0
"MC001_Montefano",2021,5,30,22.78,12.21,0
"MC001_Montefano",2021,5,31,22.42,9.91,0
"MC001_Montefano",2021,6,1,23.8,8.03,0
"MC001_Montefano",2021,6,2,26.42,10.59,0
"MC001_Montefano",2021,6,3,28.2,12.22,0
"MC001_Montefano",2021,6,4,29.17,14.25,0
"MC001_Montefano",2021,6,5,30.9,14.92,0
"MC001_Montefano",2021,6,6,27.71,20.11,0
"MC001_Montefano",2021,6,7,24.55,17.45,2.8
"MC001_Montefano",2021,6,8,25.68,15.69,0
"MC001_Montefano",2021,6,9,29.17,17.54,0
"MC001_Montefano",2021,6,10,29.24,15.99,0
"MC001_Montefano",2021,6,11,28.72,15.49,0
"MC001_Montefano",2021,6,12,29.42,15.86,0
"MC001_Montefano",2021,6,13,32.56,14.74,0
"MC001_Montefano",2021,6,14,25.94,15.06,0
"MC001_Montefano",2021,6,15,27.6,13.03,0
"MC001_Montefano",2021,6,16,30.86,12.15,0
"MC001_Montefano",2021,6,17,31.94,14.19,0
"MC001_Montefano",2021,6,18,31.74,17.09,4.3
"MC001_Montefano",2021,6,19,33.44,17.77,0
"MC001_Montefano",2021,6,20,33.57,18.99,0
"MC001_Montefano",2021,6,21,35.26,22.34,0
"MC001_Montefano",2021,6,22,32.61,22.06,0
"MC001_Montefano",2021,6,23,32.09,19.87,0
"MC001_Montefano",2021,6,24,34.03,22.07,0
"MC001_Montefano",2021,6,25,30.91,19.68,0
"MC001_Montefano",2021,6,26,31.41,16.95,0
"MC001_Montefano",2021,6,27,31.75,17.61,0
"MC001_Montefano",2021,6,28,32.2,18.55,0
"MC001_Montefano",2021,6,29,35.69,19.4,0
"MC001_Montefano",2021,6,30,35.29,22.47,0
"MC001_Montefano",2021,7,1,32.15,17.7,0
"MC001_Montefano",2021,7,2,31.12,17.22,0
"MC001_Montefano",2021,7,3,30.71,17.69,0
"MC001_Montefano",2021,7,4,30.99,21.2,9.4
"MC001_Montefano",2021,7,5,29.13,20.05,0
"MC001_Montefano",2021,7,6,31.75,17.28,0
"MC001_Montefano",2021,7,7,34.43,19.65,0
"MC001_Montefano",2021,7,8,36.3,21.57,0
"MC001_Montefano",2021,7,9,32.5,20.29,0
"MC001_Montefano",2021,7,10,31.62,17.53,0
"MC001_Montefano",2021,7,11,33.99,17.36,0
"MC001_Montefano",2021,7,12,32.32,18.64,0
"MC001_Montefano",2021,7,13,31.68,21.09,0
"MC001_Montefano",2021,7,14,30.63,19.76,0
"MC001_Montefano",2021,7,15,30.09,17.07,0
"MC001_Montefano",2021,7,16,27.57,22.1,2.6
"MC001_Montefano",2021,7,17,26.67,20.03,34.4
"MC001_Montefano",2021,7,18,28.72,22.7,5.5
"MC001_Montefano",2021,7,19,29.17,21.15,0
"MC001_Montefano",2021,7,20,31.98,18.95,0
"MC001_Montefano",2021,7,21,31.51,18.67,0
"MC001_Montefano",2021,7,22,29.95,19.09,0
"MC001_Montefano",2021,7,23,31.63,18.53,0
"MC001_Montefano",2021,7,24,34.46,19.8,0
"MC001_Montefano",2021,7,25,33.53,24.46,0
"MC001_Montefano",2021,7,26,34.33,25.53,0
"MC001_Montefano",2021,7,27,35.83,22.61,0
"MC001_Montefano",2021,7,28,35.95,20.05,0
"MC001_Montefano",2021,7,29,33.95,21.19,0
"MC001_Montefano",2021,7,30,35.31,19.91,0
"MC001_Montefano",2021,7,31,35.87,20.88,0
"MC001_Montefano",2021,8,1,36.78,23.49,0
"MC001_Montefano",2021,8,2,32.09,20.81,0
"MC001_Montefano",2021,8,3,30.61,17.22,0
"MC001_Montefano",2021,8,4,31.22,17.83,0
"MC001_Montefano",2021,8,5,32.82,24.02,0
"MC001_Montefano",2021,8,6,32.3,19.98,0
"MC001_Montefano",2021,8,7,32.5,17.14,0
"MC001_Montefano",2021,8,8,34.92,21.16,0
"MC001_Montefano",2021,8,9,34.14,23.8,0
"MC001_Montefano",2021,8,10,32.68,23.94,0
"MC001_Montefano",2021,8,11,34.2,22.89,0
"MC001_Montefano",2021,8,12,34.86,20.74,0
"MC001_Montefano",2021,8,13,35.49,20.16,0
"MC001_Montefano",2021,8,14,36.34,19.28,0
"MC001_Montefano",2021,8,15,36.39,20.64,0
"MC001_Montefano",2021,8,16,39.99,20.5,0
"MC001_Montefano",2021,8,17,30.98,22.17,0
"MC001_Montefano",2021,8,18,28.87,18.94,0
"MC001_Montefano",2021,8,19,30.25,16.53,0
"MC001_Montefano",2021,8,20,31.46,16.64,0
"MC001_Montefano",2021,8,21,32.07,17.21,0
"MC001_Montefano",2021,8,22,34.69,16.51,0
"MC001_Montefano",2021,8,23,34.05,19.88,38.1
"MC001_Montefano",2021,8,24,27.27,21.21,6.6
"MC001_Montefano",2021,8,25,25.95,18.49,15.3
"MC001_Montefano",2021,8,26,26.79,16.1,0
"MC001_Montefano",2021,8,27,27.75,18.74,3
"MC001_Montefano",2021,8,28,21.59,15.96,3.5
"MC001_Montefano",2021,8,29,23.99,13.68,0
"MC001_Montefano",2021,8,30,27.53,11.24,0
"MC001_Montefano",2021,8,31,28.8,15.51,4.2
"MC001_Montefano",2021,9,1,26.09,15.52,0
"MC001_Montefano",2021,9,2,27.03,14.55,0
"MC001_Montefano",2021,9,3,27.16,14.51,0
"MC001_Montefano",2021,9,4,26.87,15.55,0
"MC001_Montefano",2021,9,5,27.45,16.97,0
"MC001_Montefano",2021,9,6,27.99,17.05,0
"MC001_Montefano",2021,9,7,27.75,16.68,0
"MC001_Montefano",2021,9,8,27.5,15.77,0
"MC001_Montefano",2021,9,9,27.56,13.98,0
"MC001_Montefano",2021,9,10,27.84,15.27,0
"MC001_Montefano",2021,9,11,28.16,15.57,0
"MC001_Montefano",2021,9,12,28.76,15.68,0
"MC001_Montefano",2021,9,13,30.01,13.15,0
"MC001_Montefano",2021,9,14,31.67,13.25,0
"MC001_Montefano",2021,9,15,31.59,15.42,0
"MC001_Montefano",2021,9,16,26.95,20.43,0
"MC001_Montefano",2021,9,17,30.11,18.68,7.1
"MC001_Montefano",2021,9,18,29.98,16.21,0
"MC001_Montefano",2021,9,19,30.09,16.31,18.6
"MC001_Montefano",2021,9,20,26.55,14.87,0.7
"MC001_Montefano",2021,9,21,23.46,14.29,0
"MC001_Montefano",2021,9,22,23.18,11.76,0
"MC001_Montefano",2021,9,23,23.93,11.5,0
"MC001_Montefano",2021,9,24,27.66,10.03,0
"MC001_Montefano",2021,9,25,27.24,14.16,0
"MC001_Montefano",2021,9,26,28.66,15.58,3
"MC001_Montefano",2021,9,27,22.54,17.2,12
"MC001_Montefano",2021,9,28,25.13,17.02,0
"MC001_Montefano",2021,9,29,27.64,14.71,0
"MC001_Montefano",2021,9,30,25.57,15.59,0
"MC001_Montefano",2021,10,1,23.36,12.53,0
"MC001_Montefano",2021,10,2,23.92,10.75,0
"MC001_Montefano",2021,10,3,25.45,12.86,0
"MC001_Montefano",2021,10,4,26.85,15.43,0
"MC001_Montefano",2021,10,5,27.01,17.75,1.6
"MC001_Montefano",2021,10,6,21.51,15.05,8.3
"MC001_Montefano",2021,10,7,17.61,14.73,35.7
"MC001_Montefano",2021,10,8,18.74,14.95,4.5
"MC001_Montefano",2021,10,9,19.01,12.32,4.4
"MC001_Montefano",2021,10,10,13.95,11.26,6.6
"MC001_Montefano",2021,10,11,15.46,10.83,6.6
"MC001_Montefano",2021,10,12,18.74,9.03,0
"MC001_Montefano",2021,10,13,18.6,7.27,0
"MC001_Montefano",2021,10,14,15.89,5.51,0
"MC001_Montefano",2021,10,15,16.5,7.39,0
"MC001_Montefano",2021,10,16,18.84,9.28,0
"MC001_Montefano",2021,10,17,17.89,9.28,0
"MC001_Montefano",2021,10,18,19.83,6.67,0
"MC001_Montefano",2021,10,19,20.74,5.95,0
"MC001_Montefano",2021,10,20,21.33,7.62,0
"MC001_Montefano",2021,10,21,22.6,8.99,0
"MC001_Montefano",2021,10,22,18.92,13.98,3.6
"MC001_Montefano",2021,10,23,18.83,13.67,0
"MC001_Montefano",2021,10,24,18.23,7.51,0
"MC001_Montefano",2021,10,25,17.29,5.25,0
"MC001_Montefano",2021,10,26,15.24,11.67,5.2
"MC001_Montefano",2021,10,27,18.64,8.7,0
"MC001_Montefano",2021,10,28,18.9,6.74,0
"MC001_Montefano",2021,10,29,18.15,5.73,0
"MC001_Montefano",2021,10,30,18.2,8.25,0
"MC001_Montefano",2021,10,31,18.15,8.46,0
"MC001_Montefano",2021,11,1,18.22,13.05,7.2
"MC001_Montefano",2021,11,2,22.07,10.54,0
"MC001_Montefano",2021,11,3,17.22,11,2.9
"MC001_Montefano",2021,11,4,19.93,8.9,1.1
"MC001_Montefano",2021,11,5,17.03,7.4,0
"MC001_Montefano",2021,11,6,16.18,11.66,8.7
"MC001_Montefano",2021,11,7,12.6,11.12,2.1
"MC001_Montefano",2021,11,8,14.59,12.15,50.4
"MC001_Montefano",2021,11,9,13.45,11.87,9.9
"MC001_Montefano",2021,11,10,15.55,11.74,0
"MC001_Montefano",2021,11,11,14.77,10.26,0
"MC001_Montefano",2021,11,12,17.17,11.79,0
"MC001_Montefano",2021,11,13,17.96,8.65,0
"MC001_Montefano",2021,11,14,18.26,7.03,0
"MC001_Montefano",2021,11,15,18.1,10.6,3.4
"MC001_Montefano",2021,11,16,13.77,11.83,74.8
"MC001_Montefano",2021,11,17,14.45,10.84,0
"MC001_Montefano",2021,11,18,14.56,10.22,1.7
"MC001_Montefano",2021,11,19,15.91,7.06,0
"MC001_Montefano",2021,11,20,12.7,6.57,0
"MC001_Montefano",2021,11,21,13.35,7.66,0
"MC001_Montefano",2021,11,22,14.84,6.66,5.6
"MC001_Montefano",2021,11,23,14.28,9.81,17.1
"MC001_Montefano",2021,11,24,11.73,9.04,0
"MC001_Montefano",2021,11,25,13.29,9.02,4.5
"MC001_Montefano",2021,11,26,12.64,7.32,3.9
"MC001_Montefano",2021,11,27,15.94,7.82,1
"MC001_Montefano",2021,11,28,13.11,6.9,0
"MC001_Montefano",2021,11,29,8.39,5.32,3.8
"MC001_Montefano",2021,11,30,11.63,1.06,0
"MC001_Montefano",2021,12,1,16.12,1.46,0
"MC001_Montefano",2021,12,2,16.92,6.82,7.4
"MC001_Montefano",2021,12,3,11.65,4.81,0.9
"MC001_Montefano",2021,12,4,12.98,2.56,0
"MC001_Montefano",2021,12,5,14.04,3.94,1.7
"MC001_Montefano",2021,12,6,8.9,3.79,0
"MC001_Montefano",2021,12,7,10.29,0.09,0
"MC001_Montefano",2021,12,8,12.34,-1.2,3.1
"MC001_Montefano",2021,12,9,10.41,5.27,1
"MC001_Montefano",2021,12,10,11.91,1.39,6.2
"MC001_Montefano",2021,12,11,10.4,7.1,56.4
"MC001_Montefano",2021,12,12,11.42,2.55,0
"MC001_Montefano",2021,12,13,13.06,0.76,0
"MC001_Montefano",2021,12,14,12.36,2.12,0
"MC001_Montefano",2021,12,15,12.75,1.9,0
"MC001_Montefano",2021,12,16,11.82,7.86,0
"MC001_Montefano",2021,12,17,12.84,2.03,0
"MC001_Montefano",2021,12,18,12.24,0.95,0
"MC001_Montefano",2021,12,19,11.42,0.99,0
"MC001_Montefano",2021,12,20,12.57,-0.71,0
"MC001_Montefano",2021,12,21,11.3,3.02,0
"MC001_Montefano",2021,12,22,8.77,2.57,0
"MC001_Montefano",2021,12,23,11.08,0.2,0
"MC001_Montefano",2021,12,24,17.12,1.69,0
"MC001_Montefano",2021,12,25,17.05,10.2,0
"MC001_Montefano",2021,12,26,10.85,7.34,18.6
"MC001_Montefano",2021,12,27,9.55,7.41,1.2
"MC001_Montefano",2021,12,28,12,8.91,0
"MC001_Montefano",2021,12,29,13.14,6.77,0
"MC001_Montefano",2021,12,30,8.45,5.4,0
"MC001_Montefano",2021,12,31,14.25,1.81,0
"MC001_Montefano",2022,1,1,12.29,3.64,0
"MC001_Montefano",2022,1,2,11.68,2.49,0
"MC001_Montefano",2022,1,3,9.74,3.6,0
"MC001_Montefano",2022,1,4,12.88,5.49,0
"MC001_Montefano",2022,1,5,17.02,7.52,13
"MC001_Montefano",2022,1,6,9.99,4.04,9.9
"MC001_Montefano",2022,1,7,9.66,1.04,0
"MC001_Montefano",2022,1,8,8.16,-1.56,0
"MC001_Montefano",2022,1,9,5.86,-2.36,7.5
"MC001_Montefano",2022,1,10,7.72,1.53,0
"MC001_Montefano",2022,1,11,8.97,1.95,0
"MC001_Montefano",2022,1,12,8.58,-0.34,0
"MC001_Montefano",2022,1,13,8.33,-1.12,0
"MC001_Montefano",2022,1,14,13.46,-0.76,0
"MC001_Montefano",2022,1,15,15.45,1.86,0
"MC001_Montefano",2022,1,16,13.6,0.53,0
"MC001_Montefano",2022,1,17,13.11,1.1,0
"MC001_Montefano",2022,1,18,12.71,0.35,0
"MC001_Montefano",2022,1,19,8.84,-1.03,0
"MC001_Montefano",2022,1,20,9.26,1.89,3.9
"MC001_Montefano",2022,1,21,9.96,0.1,0
"MC001_Montefano",2022,1,22,10.31,-2.19,0
"MC001_Montefano",2022,1,23,10.6,-0.26,0
"MC001_Montefano",2022,1,24,8.27,-0.73,0
"MC001_Montefano",2022,1,25,7.81,-2.66,0
"MC001_Montefano",2022,1,26,9.04,0.21,0
"MC001_Montefano",2022,1,27,9.99,2.16,0
"MC001_Montefano",2022,1,28,11.55,0.34,0
"MC001_Montefano",2022,1,29,12.67,0.07,0
"MC001_Montefano",2022,1,30,13.59,0.41,0
"MC001_Montefano",2022,1,31,11.63,1.19,6.1
"MC001_Montefano",2022,2,1,11.34,1.49,0
"MC001_Montefano",2022,2,2,13.18,0.68,0
"MC001_Montefano",2022,2,3,14.43,2.34,0
"MC001_Montefano",2022,2,4,12.68,5.35,0
"MC001_Montefano",2022,2,5,11.81,4.59,0
"MC001_Montefano",2022,2,6,12.12,2.67,0
"MC001_Montefano",2022,2,7,12.85,3.61,0
"MC001_Montefano",2022,2,8,13.05,0.85,0
"MC001_Montefano",2022,2,9,15.25,1.29,0
"MC001_Montefano",2022,2,10,16.39,2.35,0
"MC001_Montefano",2022,2,11,15.42,3.43,0
"MC001_Montefano",2022,2,12,12.54,2.77,0
"MC001_Montefano",2022,2,13,10.83,1.56,0
"MC001_Montefano",2022,2,14,10.32,3.44,2.6
"MC001_Montefano",2022,2,15,12.21,4.71,4.3
"MC001_Montefano",2022,2,16,11.26,3.25,1.6
"MC001_Montefano",2022,2,17,13.55,1.57,0
"MC001_Montefano",2022,2,18,13.45,4.22,0
"MC001_Montefano",2022,2,19,15.68,7.09,0
"MC001_Montefano",2022,2,20,15.72,7.34,0
"MC001_Montefano",2022,2,21,15.05,5.8,4.9
"MC001_Montefano",2022,2,22,13.71,3.88,0
"MC001_Montefano",2022,2,23,16.26,2.38,0
"MC001_Montefano",2022,2,24,16.39,2.68,0
"MC001_Montefano",2022,2,25,15.04,3.58,0
"MC001_Montefano",2022,2,26,9.08,2.3,11.3
"MC001_Montefano",2022,2,27,8.23,3.47,0
"MC001_Montefano",2022,2,28,9.74,1.78,0
"MC001_Montefano",2022,3,1,7.12,-0.09,0
"MC001_Montefano",2022,3,2,11.9,-1.05,0
"MC001_Montefano",2022,3,3,13.34,1.62,0
"MC001_Montefano",2022,3,4,11.15,1.6,3.5
"MC001_Montefano",2022,3,5,8.02,1.38,0.9
"MC001_Montefano",2022,3,6,8.93,1.25,0
"MC001_Montefano",2022,3,7,7.85,0.11,0
"MC001_Montefano",2022,3,8,6.6,-0.91,0
"MC001_Montefano",2022,3,9,10.72,-0.48,0
"MC001_Montefano",2022,3,10,14.55,0.88,0
"MC001_Montefano",2022,3,11,11.23,0.74,0
"MC001_Montefano",2022,3,12,10.69,-0.43,0
"MC001_Montefano",2022,3,13,12.58,-1.68,0
"MC001_Montefano",2022,3,14,15.17,1.31,0
"MC001_Montefano",2022,3,15,15.3,2.32,0
"MC001_Montefano",2022,3,16,15.5,5.48,0
"MC001_Montefano",2022,3,17,15.54,5.44,0
"MC001_Montefano",2022,3,18,13.38,6.43,0
"MC001_Montefano",2022,3,19,12.81,4.43,0
"MC001_Montefano",2022,3,20,13.89,2.99,0
"MC001_Montefano",2022,3,21,12.8,1.32,0
"MC001_Montefano",2022,3,22,14.61,1.35,0
"MC001_Montefano",2022,3,23,17.6,2.87,0
"MC001_Montefano",2022,3,24,20.68,4.45,0
"MC001_Montefano",2022,3,25,19.56,4.97,0
"MC001_Montefano",2022,3,26,19.89,5.48,0
"MC001_Montefano",2022,3,27,18.05,6.93,0
"MC001_Montefano",2022,3,28,17.85,5.83,0
"MC001_Montefano",2022,3,29,17.51,6.24,0
"MC001_Montefano",2022,3,30,14.48,8.3,16
"MC001_Montefano",2022,3,31,15.04,9.59,15
"MC001_Montefano",2022,4,1,15.2,7.38,15.7
"MC001_Montefano",2022,4,2,11.18,4.43,0
"MC001_Montefano",2022,4,3,12.54,3.17,0
"MC001_Montefano",2022,4,4,14.02,4.87,0
"MC001_Montefano",2022,4,5,16.57,3.71,0
"MC001_Montefano",2022,4,6,17.25,5.26,3.5
"MC001_Montefano",2022,4,7,17.99,6.62,0.5
"MC001_Montefano",2022,4,8,21.54,11.09,0
"MC001_Montefano",2022,4,9,19.88,6.79,0
"MC001_Montefano",2022,4,10,14.2,3.55,0
"MC001_Montefano",2022,4,11,17.59,3.96,0
"MC001_Montefano",2022,4,12,19.55,4,0
"MC001_Montefano",2022,4,13,19.29,7.11,0
"MC001_Montefano",2022,4,14,21.79,7.4,0
"MC001_Montefano",2022,4,15,22.52,8.78,0
"MC001_Montefano",2022,4,16,20.7,8.88,0
"MC001_Montefano",2022,4,17,13.71,7.63,0
"MC001_Montefano",2022,4,18,16.05,5.38,0
"MC001_Montefano",2022,4,19,17.82,4.77,0
"MC001_Montefano",2022,4,20,18.12,8.68,0
"MC001_Montefano",2022,4,21,15.37,9.59,5.3
"MC001_Montefano",2022,4,22,15.85,11.07,15.7
"MC001_Montefano",2022,4,23,21.12,9.48,1.9
"MC001_Montefano",2022,4,24,20.43,9.78,4.4
"MC001_Montefano",2022,4,25,20.22,8.87,4.9
"MC001_Montefano",2022,4,26,21.33,9.53,0
"MC001_Montefano",2022,4,27,20.22,8.92,0
"MC001_Montefano",2022,4,28,19.84,8.88,0
"MC001_Montefano",2022,4,29,20.47,8.53,0
"MC001_Montefano",2022,4,30,21.73,8.25,0
"MC001_Montefano",2022,5,1,20.45,9.95,0
"MC001_Montefano",2022,5,2,20.02,9.98,0
"MC001_Montefano",2022,5,3,21.67,9.34,0
"MC001_Montefano",2022,5,4,22.17,9.71,0
"MC001_Montefano",2022,5,5,19.55,10.68,0.8
"MC001_Montefano",2022,5,6,17.98,12.96,4.4
"MC001_Montefano",2022,5,7,17.69,13,4.2
"MC001_Montefano",2022,5,8,20.04,11.67,0
"MC001_Montefano",2022,5,9,23.35,12.3,0
"MC001_Montefano",2022,5,10,24.73,11.61,0
"MC001_Montefano",2022,5,11,26.96,12.52,0
"MC001_Montefano",2022,5,12,27.39,14.05,0
"MC001_Montefano",2022,5,13,27.37,14.1,0
"MC001_Montefano",2022,5,14,27.02,14.64,0
"MC001_Montefano",2022,5,15,28.05,14.57,0
"MC001_Montefano",2022,5,16,28.6,15.21,0
"MC001_Montefano",2022,5,17,27.93,15.93,0
"MC001_Montefano",2022,5,18,26.16,14.73,0
"MC001_Montefano",2022,5,19,26.08,12.42,0
"MC001_Montefano",2022,5,20,27.09,12.46,0
"MC001_Montefano",2022,5,21,28.95,15.25,0
"MC001_Montefano",2022,5,22,28.79,16.72,0
"MC001_Montefano",2022,5,23,29.31,18.27,0
"MC001_Montefano",2022,5,24,30.42,17.08,0
"MC001_Montefano",2022,5,25,30.19,17.26,0
"MC001_Montefano",2022,5,26,28.9,17.68,0
"MC001_Montefano",2022,5,27,29.89,19.04,0
"MC001_Montefano",2022,5,28,29.54,16.7,0
"MC001_Montefano",2022,5,29,22.46,14.88,2.2
"MC001_Montefano",2022,5,30,23.03,14.6,0
"MC001_Montefano",2022,5,31,26.06,16.41,0
"MC001_Montefano",2022,6,1,28.64,15.93,0
"MC001_Montefano",2022,6,2,31.08,17.12,0
"MC001_Montefano",2022,6,3,30.77,18.43,0
"MC001_Montefano",2022,6,4,30.94,19.21,0
"MC001_Montefano",2022,6,5,33.64,19.98,0
"MC001_Montefano",2022,6,6,30.88,19.56,0
"MC001_Montefano",2022,6,7,29.44,17.23,0
"MC001_Montefano",2022,6,8,27.31,16.87,0
"MC001_Montefano",2022,6,9,23.72,16.09,13.7
"MC001_Montefano",2022,6,10,24.67,16.31,25.5
"MC001_Montefano",2022,6,11,28.26,16.54,0
"MC001_Montefano",2022,6,12,29.08,17.69,0
"MC001_Montefano",2022,6,13,32.53,17.25,0
"MC001_Montefano",2022,6,14,29.12,17.99,0
"MC001_Montefano",2022,6,15,31.33,18.17,0
"MC001_Montefano",2022,6,16,31.53,19.17,0
"MC001_Montefano",2022,6,17,31.84,19.89,0
"MC001_Montefano",2022,6,18,28.87,17.39,0
"MC001_Montefano",2022,6,19,29.73,16.89,0
"MC001_Montefano",2022,6,20,32.07,18.43,0
"MC001_Montefano",2022,6,21,33.63,19.99,0
"MC001_Montefano",2022,6,22,33.02,21.32,0
"MC001_Montefano",2022,6,23,31.44,21.02,0
"MC001_Montefano",2022,6,24,33.98,21.26,0
"MC001_Montefano",2022,6,25,31.66,19.91,0
"MC001_Montefano",2022,6,26,34.18,18.63,0
"MC001_Montefano",2022,6,27,36.76,21.38,0
"MC001_Montefano",2022,6,28,34.8,22.91,0
"MC001_Montefano",2022,6,29,33.2,21.82,0
"MC001_Montefano",2022,6,30,34.33,20.27,0
"MC001_Montefano",2022,7,1,35.9,20.61,0
"MC001_Montefano",2022,7,2,33.03,21.47,0
"MC001_Montefano",2022,7,3,35.27,21.34,0
"MC001_Montefano",2022,7,4,35.63,22.08,0
"MC001_Montefano",2022,7,5,33.48,21.08,0
"MC001_Montefano",2022,7,6,32.64,20.08,0
"MC001_Montefano",2022,7,7,31.47,18.69,0
"MC001_Montefano",2022,7,8,26.49,16.64,0
"MC001_Montefano",2022,7,9,27.35,17.23,0
"MC001_Montefano",2022,7,10,30.01,17,0
"MC001_Montefano",2022,7,11,30.27,18.33,0
"MC001_Montefano",2022,7,12,29.59,18.82,0
"MC001_Montefano",2022,7,13,29.83,17.36,0
"MC001_Montefano",2022,7,14,32.66,17.31,0
"MC001_Montefano",2022,7,15,35.33,19.98,0
"MC001_Montefano",2022,7,16,33.1,21.8,0
"MC001_Montefano",2022,7,17,32.14,21.39,0
"MC001_Montefano",2022,7,18,31.73,20.38,0
"MC001_Montefano",2022,7,19,32.04,18.91,0
"MC001_Montefano",2022,7,20,33.5,19.41,0
"MC001_Montefano",2022,7,21,34.96,20.34,0
"MC001_Montefano",2022,7,22,35.71,22.01,0
"MC001_Montefano",2022,7,23,37.29,22.22,0
"MC001_Montefano",2022,7,24,34.9,23.08,0
"MC001_Montefano",2022,7,25,35.82,22.73,0
"MC001_Montefano",2022,7,26,33.45,23.35,0
"MC001_Montefano",2022,7,27,31.62,22.12,1
"MC001_Montefano",2022,7,28,32.07,21.01,0
"MC001_Montefano",2022,7,29,33.18,21.27,0
"MC001_Montefano",2022,7,30,30.77,20.62,2.5
"MC001_Montefano",2022,7,31,32.02,20.19,0
"MC001_Montefano",2022,8,1,34.16,20.74,0
"MC001_Montefano",2022,8,2,31.79,21.05,0
"MC001_Montefano",2022,8,3,32.01,19.91,0
"MC001_Montefano",2022,8,4,33.74,20.46,0
"MC001_Montefano",2022,8,5,34.45,21.37,0
"MC001_Montefano",2022,8,6,36.24,21.79,0
"MC001_Montefano",2022,8,7,31.45,22.35,0
"MC001_Montefano",2022,8,8,31.24,21.19,0
"MC001_Montefano",2022,8,9,29.22,19.13,2.9
"MC001_Montefano",2022,8,10,30.1,19.67,0
"MC001_Montefano",2022,8,11,29.89,19.81,0
"MC001_Montefano",2022,8,12,27.67,18.95,0
"MC001_Montefano",2022,8,13,27.63,17.3,2
"MC001_Montefano",2022,8,14,31.64,16.25,0
"MC001_Montefano",2022,8,15,31.83,19.4,0
"MC001_Montefano",2022,8,16,30.74,20.66,0
"MC001_Montefano",2022,8,17,32.4,20.95,0
"MC001_Montefano",2022,8,18,32.25,21.16,0
"MC001_Montefano",2022,8,19,27.59,19.26,14.3
"MC001_Montefano",2022,8,20,30.15,18.14,0
"MC001_Montefano",2022,8,21,30.86,20.14,0
"MC001_Montefano",2022,8,22,30.62,19.22,0
"MC001_Montefano",2022,8,23,28.33,18.85,0
"MC001_Montefano",2022,8,24,28.39,18.48,0
"MC001_Montefano",2022,8,25,30.49,17.5,0
"MC001_Montefano",2022,8,26,30.82,20.3,0
"MC001_Montefano",2022,8,27,30.78,19.64,0
"MC001_Montefano",2022,8,28,29.59,19.15,0
"MC001_Montefano",2022,8,29,29.76,19.55,0
"MC001_Montefano",2022,8,30,30.66,20.2,0
"MC001_Montefano",2022,8,31,28.66,20.72,0
"MC001_Montefano",2022,9,1,25.52,18.4,7.7
"MC001_Montefano",2022,9,2,27.49,17.32,0
"MC001_Montefano",2022,9,3,25.9,17.38,0
"MC001_Montefano",2022,9,4,27.75,18.15,0
"MC001_Montefano",2022,9,5,30.2,17.63,0
"MC001_Montefano",2022,9,6,31.1,19.04,0
"MC001_Montefano",2022,9,7,31.07,20.44,0
"MC001_Montefano",2022,9,8,29.75,20.19,14.3
"MC001_Montefano",2022,9,9,30.16,19.66,0
"MC001_Montefano",2022,9,10,28.79,18.37,0
"MC001_Montefano",2022,9,11,26.21,16.32,0
"MC001_Montefano",2022,9,12,28.26,15.19,0
"MC001_Montefano",2022,9,13,28.26,16.1,0
"MC001_Montefano",2022,9,14,29.61,18.45,0
"MC001_Montefano",2022,9,15,28.33,20.03,0
"MC001_Montefano",2022,9,16,29.82,20.59,8.2
"MC001_Montefano",2022,9,17,22.68,12.85,0
"MC001_Montefano",2022,9,18,23.13,10.27,0
"MC001_Montefano",2022,9,19,24.89,12.47,0
"MC001_Montefano",2022,9,20,23.61,12.94,0
"MC001_Montefano",2022,9,21,21.1,10.98,2.2
"MC001_Montefano",2022,9,22,20.91,9.32,0
"MC001_Montefano",2022,9,23,21.84,8.61,0
"MC001_Montefano",2022,9,24,22.58,11.01,0
"MC001_Montefano",2022,9,25,21.21,13.81,24.5
"MC001_Montefano",2022,9,26,22.08,14.54,1.8
"MC001_Montefano",2022,9,27,23.2,14.39,0
"MC001_Montefano",2022,9,28,22.42,13.19,0
"MC001_Montefano",2022,9,29,23.73,14.88,8.6
"MC001_Montefano",2022,9,30,21.12,15.3,8.5
"MC001_Montefano",2022,10,1,23.07,14.16,10.8
"MC001_Montefano",2022,10,2,23.54,11.8,0
"MC001_Montefano",2022,10,3,23.78,14,0
"MC001_Montefano",2022,10,4,23.47,12.63,0
"MC001_Montefano",2022,10,5,24.79,12.01,0
"MC001_Montefano",2022,10,6,23.82,13.05,0
"MC001_Montefano",2022,10,7,24.55,12.77,0
"MC001_Montefano",2022,10,8,23.84,13.5,0
"MC001_Montefano",2022,10,9,23.08,14.16,0
"MC001_Montefano",2022,10,10,22.95,13.7,0
"MC001_Montefano",2022,10,11,22.79,12.73,4
"MC001_Montefano",2022,10,12,22.37,11.65,0
"MC001_Montefano",2022,10,13,20.3,12.41,0
"MC001_Montefano",2022,10,14,22.35,10.22,0
"MC001_Montefano",2022,10,15,22.87,10.85,0
"MC001_Montefano",2022,10,16,24.23,13.3,0
"MC001_Montefano",2022,10,17,23.75,13.06,0
"MC001_Montefano",2022,10,18,23.83,12.77,0
"MC001_Montefano",2022,10,19,23.6,12.76,0
"MC001_Montefano",2022,10,20,23.78,13.5,0
"MC001_Montefano",2022,10,21,21.98,12.26,0
"MC001_Montefano",2022,10,22,24.73,15.38,0
"MC001_Montefano",2022,10,23,25.16,16.22,0
"MC001_Montefano",2022,10,24,25.07,15.35,0
"MC001_Montefano",2022,10,25,24.73,14.97,0
"MC001_Montefano",2022,10,26,23.73,14.05,0
"MC001_Montefano",2022,10,27,22.85,13.48,0
"MC001_Montefano",2022,10,28,23.16,12.54,0
"MC001_Montefano",2022,10,29,22.85,11.63,0
"MC001_Montefano",2022,10,30,23.88,12.36,0
"MC001_Montefano",2022,10,31,24.55,12.41,0
"MC001_Montefano",2022,11,1,24.05,11.35,0
"MC001_Montefano",2022,11,2,22.09,12.76,0
"MC001_Montefano",2022,11,3,20.38,13.17,0
"MC001_Montefano",2022,11,4,20.17,11.92,14.1
"MC001_Montefano",2022,11,5,16.22,9.98,7.7
"MC001_Montefano",2022,11,6,17.27,7.84,0
"MC001_Montefano",2022,11,7,18.12,6.78,0
"MC001_Montefano",2022,11,8,19.58,6.45,0
"MC001_Montefano",2022,11,9,20.16,7.9,0
"MC001_Montefano",2022,11,10,17.95,11.2,0
"MC001_Montefano",2022,11,11,17.84,8.66,0
"MC001_Montefano",2022,11,12,16.23,8.84,0
"MC001_Montefano",2022,11,13,15.49,7.91,0
"MC001_Montefano",2022,11,14,13.46,7.98,11.1
"MC001_Montefano",2022,11,15,15.14,7.51,3.5
"MC001_Montefano",2022,11,16,16.43,10.39,21.7
"MC001_Montefano",2022,11,17,17.22,8.47,0
"MC001_Montefano",2022,11,18,18.32,10.31,8.4
"MC001_Montefano",2022,11,19,15.56,9.02,17.2
"MC001_Montefano",2022,11,20,13.64,5.94,19.9
"MC001_Montefano",2022,11,21,14.45,4.49,0
"MC001_Montefano",2022,11,22,15.25,6.27,23.6
"MC001_Montefano",2022,11,23,13.65,5.03,6.7
"MC001_Montefano",2022,11,24,13.87,5.04,0
"MC001_Montefano",2022,11,25,15.29,5.48,0
"MC001_Montefano",2022,11,26,14.05,6.48,10.7
"MC001_Montefano",2022,11,27,13.73,3.45,0
"MC001_Montefano",2022,11,28,11.4,3.52,0
"MC001_Montefano",2022,11,29,11.12,5.21,0
"MC001_Montefano",2022,11,30,9.91,3.99,5
"MC001_Montefano",2022,12,1,11.57,4.72,0
"MC001_Montefano",2022,12,2,10.65,4.92,0
"MC001_Montefano",2022,12,3,11.73,6.4,8.1
"MC001_Montefano",2022,12,4,14.77,8.02,3.5
"MC001_Montefano",2022,12,5,15.5,8.66,0
"MC001_Montefano",2022,12,6,13.86,7.75,5.7
"MC001_Montefano",2022,12,7,12.91,6.77,5
"MC001_Montefano",2022,12,8,13.05,6.58,3.4
"MC001_Montefano",2022,12,9,15.27,8.06,5.1
"MC001_Montefano",2022,12,10,11.8,7.52,21.3
"MC001_Montefano",2022,12,11,10.43,2.98,8.9
"MC001_Montefano",2022,12,12,8.63,0.86,0
"MC001_Montefano",2022,12,13,5.78,1.12,4.3
"MC001_Montefano",2022,12,14,8.38,3.49,8
"MC001_Montefano",2022,12,15,14.57,4.37,6.7
"MC001_Montefano",2022,12,16,13.64,6.8,14.2
"MC001_Montefano",2022,12,17,12.77,5.65,5
"MC001_Montefano",2022,12,18,12.04,3.4,0
"MC001_Montefano",2022,12,19,10.12,1.92,0
"MC001_Montefano",2022,12,20,11.61,4.13,0
"MC001_Montefano",2022,12,21,11.47,4.36,0
"MC001_Montefano",2022,12,22,12.89,5.31,0
"MC001_Montefano",2022,12,23,13.83,5.99,0
"MC001_Montefano",2022,12,24,14.64,7.71,0
"MC001_Montefano",2022,12,25,15.03,7.49,0
"MC001_Montefano",2022,12,26,13.99,6.94,0
"MC001_Montefano",2022,12,27,14.2,7.98,0
"MC001_Montefano",2022,12,28,14.3,7.26,0
"MC001_Montefano",2022,12,29,13.7,7.5,0
"MC001_Montefano",2022,12,30,15.05,7.62,0
"MC001_Montefano",2022,12,31,14.07,8.29,0
"MC001_Montefano",2023,1,1,15.3,6.45,0
"MC001_Montefano",2023,1,2,12.87,6.05,0
"MC001_Montefano",2023,1,3,13,6.95,0
"MC001_Montefano",2023,1,4,14.32,7.54,0
"MC001_Montefano",2023,1,5,14.08,5.93,0
"MC001_Montefano",2023,1,6,12.37,5.39,0
"MC001_Montefano",2023,1,7,13.11,6.49,0
"MC001_Montefano",2023,1,8,14.92,7.47,0
"MC001_Montefano",2023,1,9,14.38,6.59,19
"MC001_Montefano",2023,1,10,13.25,3.68,0
"MC001_Montefano",2023,1,11,12.74,1.64,0
"MC001_Montefano",2023,1,12,12.11,3,0
"MC001_Montefano",2023,1,13,11.99,3,0
"MC001_Montefano",2023,1,14,13.13,2.91,0
"MC001_Montefano",2023,1,15,12.53,3.71,0
"MC001_Montefano",2023,1,16,12.82,6.95,10.3
"MC001_Montefano",2023,1,17,12.57,5.79,31.7
"MC001_Montefano",2023,1,18,11.22,4.87,14.5
"MC001_Montefano",2023,1,19,10.78,2.65,5.8
"MC001_Montefano",2023,1,20,7.56,2.15,9
"MC001_Montefano",2023,1,21,7.44,1.78,6.4
"MC001_Montefano",2023,1,22,8.62,1.88,21.4
"MC001_Montefano",2023,1,23,8.47,2.35,17.2
"MC001_Montefano",2023,1,24,10.63,2.48,4.9
"MC001_Montefano",2023,1,25,9.69,3.28,7.8
"MC001_Montefano",2023,1,26,8.09,2.86,0
"MC001_Montefano",2023,1,27,8.23,1.87,0
"MC001_Montefano",2023,1,28,7.39,2.36,0
"MC001_Montefano",2023,1,29,8.85,0.42,0
"MC001_Montefano",2023,1,30,10.18,-1.31,0
"MC001_Montefano",2023,1,31,12.5,0.44,0
"MC001_Montefano",2023,2,1,12.62,0.87,0
"MC001_Montefano",2023,2,2,14.58,3.01,0
"MC001_Montefano",2023,2,3,13.46,1.77,0
"MC001_Montefano",2023,2,4,16.28,3.44,0
"MC001_Montefano",2023,2,5,7.1,0.49,0
"MC001_Montefano",2023,2,6,5.72,-1.61,0
"MC001_Montefano",2023,2,7,6.75,-1.7,0
"MC001_Montefano",2023,2,8,6.37,-2.79,0
"MC001_Montefano",2023,2,9,5.25,-1.56,0
"MC001_Montefano",2023,2,10,7.72,-2.11,0
"MC001_Montefano",2023,2,11,11.02,-2.25,0
"MC001_Montefano",2023,2,12,13.24,0.88,0
"MC001_Montefano",2023,2,13,13.19,0.71,0
"MC001_Montefano",2023,2,14,15.53,1.69,0
"MC001_Montefano",2023,2,15,16.36,2.25,0
"MC001_Montefano",2023,2,16,14.59,2.29,0
"MC001_Montefano",2023,2,17,15.05,2.62,0
"MC001_Montefano",2023,2,18,14.81,4.34,0
"MC001_Montefano",2023,2,19,14.19,5.08,0
"MC001_Montefano",2023,2,20,15.08,5.32,0
"MC001_Montefano",2023,2,21,14.47,4.52,0
"MC001_Montefano",2023,2,22,13.4,6.55,0
"MC001_Montefano",2023,2,23,14.2,6.65,0
"MC001_Montefano",2023,2,24,14.77,6.49,0
"MC001_Montefano",2023,2,25,16.25,10.09,6.9
"MC001_Montefano",2023,2,26,11.85,5.33,29.7
"MC001_Montefano",2023,2,27,10.35,4.26,17.4
"MC001_Montefano",2023,2,28,10.35,3.66,0.7
"MC001_Montefano",2023,3,1,9.46,3.65,7.9
"MC001_Montefano",2023,3,2,11.45,5.59,2.7
"MC001_Montefano",2023,3,3,12.2,4.77,3
"MC001_Montefano",2023,3,4,13.53,3.36,0
"MC001_Montefano",2023,3,5,15.4,2.48,0
"MC001_Montefano",2023,3,6,15.03,4.84,0
"MC001_Montefano",2023,3,7,16.33,5.88,0
"MC001_Montefano",2023,3,8,18.27,8.11,0
"MC001_Montefano",2023,3,9,19.9,10.3,0
"MC001_Montefano",2023,3,10,17.62,9.37,3.2
"MC001_Montefano",2023,3,11,18.56,9,0
"MC001_Montefano",2023,3,12,16.47,7.46,0
"MC001_Montefano",2023,3,13,18.45,5.72,0
"MC001_Montefano",2023,3,14,19.2,10.04,0
"MC001_Montefano",2023,3,15,13.46,6,2.9
"MC001_Montefano",2023,3,16,12.23,4.72,0
"MC001_Montefano",2023,3,17,15.42,1.64,0
"MC001_Montefano",2023,3,18,17.49,4.32,0
"MC001_Montefano",2023,3,19,17.87,6.49,0
"MC001_Montefano",2023,3,20,12.99,8.49,8.2
"MC001_Montefano",2023,3,21,17.44,7.38,0
"MC001_Montefano",2023,3,22,19.9,8.29,0
"MC001_Montefano",2023,3,23,21.1,7.63,0
"MC001_Montefano",2023,3,24,21.77,9.23,0
"MC001_Montefano",2023,3,25,21.47,10.23,0
"MC001_Montefano",2023,3,26,21.47,6.95,0
"MC001_Montefano",2023,3,27,16.87,7.05,4.6
"MC001_Montefano",2023,3,28,14.63,3.53,3.1
"MC001_Montefano",2023,3,29,16.65,4.11,0
"MC001_Montefano",2023,3,30,19.37,8.96,0
"MC001_Montefano",2023,3,31,18.65,9.2,7.8
"MC001_Montefano",2023,4,1,19.57,8.19,2.4
"MC001_Montefano",2023,4,2,17.51,7.37,0
"MC001_Montefano",2023,4,3,13.93,7.09,0
"MC001_Montefano",2023,4,4,10.26,4.88,0
"MC001_Montefano",2023,4,5,8.88,3.44,0
"MC001_Montefano",2023,4,6,13.95,1.98,0
"MC001_Montefano",2023,4,7,17.27,3.23,0
"MC001_Montefano",2023,4,8,14.91,6.06,0
"MC001_Montefano",2023,4,9,13.52,5.82,0
"MC001_Montefano",2023,4,10,13.47,4.11,0
"MC001_Montefano",2023,4,11,18.64,4.76,0
"MC001_Montefano",2023,4,12,19.23,8.44,0
"MC001_Montefano",2023,4,13,18.32,6.78,8.8
"MC001_Montefano",2023,4,14,12.99,5.66,5.7
"MC001_Montefano",2023,4,15,14.69,7.16,18.4
"MC001_Montefano",2023,4,16,14.08,7.64,3.8
"MC001_Montefano",2023,4,17,15.71,8.2,2
"MC001_Montefano",2023,4,18,17.49,9.53,0
"MC001_Montefano",2023,4,19,20.29,9.35,0
"MC001_Montefano",2023,4,20,19.89,9.75,0
"MC001_Montefano",2023,4,21,20.02,10.07,0
"MC001_Montefano",2023,4,22,21.57,9.32,0
"MC001_Montefano",2023,4,23,24,9.91,0
"MC001_Montefano",2023,4,24,19.47,11.18,6
"MC001_Montefano",2023,4,25,18.95,8.84,1.7
"MC001_Montefano",2023,4,26,19.98,7,0
"MC001_Montefano",2023,4,27,20.84,8.79,0
"MC001_Montefano",2023,4,28,21.44,8.42,0
"MC001_Montefano",2023,4,29,19.4,11.46,0
"MC001_Montefano",2023,4,30,20.84,12.39,0
"MC001_Montefano",2023,5,1,19.47,12.24,8.4
"MC001_Montefano",2023,5,2,18.01,13.12,11.6
"MC001_Montefano",2023,5,3,18.8,12.56,0
"MC001_Montefano",2023,5,4,21.23,10.88,0
"MC001_Montefano",2023,5,5,23.55,10.1,0
"MC001_Montefano",2023,5,6,24.66,12.08,0
"MC001_Montefano",2023,5,7,26.05,13.61,0
"MC001_Montefano",2023,5,8,21.32,14.63,0
"MC001_Montefano",2023,5,9,22.55,14.33,0
"MC001_Montefano",2023,5,10,18.05,12.89,9.1
"MC001_Montefano",2023,5,11,19.17,12.2,6
"MC001_Montefano",2023,5,12,20.06,11.07,8.3
"MC001_Montefano",2023,5,13,19.29,11.14,6.5
"MC001_Montefano",2023,5,14,18.34,11.72,15.2
"MC001_Montefano",2023,5,15,19.47,11.54,10.9
"MC001_Montefano",2023,5,16,19.1,12.76,20.9
"MC001_Montefano",2023,5,17,19.26,13.42,36.2
"MC001_Montefano",2023,5,18,20.15,11.98,0
"MC001_Montefano",2023,5,19,20.79,12.79,0
"MC001_Montefano",2023,5,20,19.69,14.12,3.3
"MC001_Montefano",2023,5,21,24.83,14.05,1.2
"MC001_Montefano",2023,5,22,26.76,14.02,0
"MC001_Montefano",2023,5,23,27.9,13.93,0
"MC001_Montefano",2023,5,24,27.38,14.77,0
"MC001_Montefano",2023,5,25,27.07,15.45,0
"MC001_Montefano",2023,5,26,27.56,15.94,0
"MC001_Montefano",2023,5,27,26.54,16.53,0
"MC001_Montefano",2023,5,28,26.4,13.96,0
"MC001_Montefano",2023,5,29,26.93,15.01,0
"MC001_Montefano",2023,5,30,26.36,14.97,0
"MC001_Montefano",2023,5,31,25.43,15.68,0
"MC001_Montefano",2023,6,1,26.5,15.35,0
"MC001_Montefano",2023,6,2,27.81,15.65,0
"MC001_Montefano",2023,6,3,26.67,16.93,0
"MC001_Montefano",2023,6,4,26.56,16.18,5.8
"MC001_Montefano",2023,6,5,22.83,17.37,9.6
"MC001_Montefano",2023,6,6,25.37,16.74,13.4
"MC001_Montefano",2023,6,7,27.56,16.02,0
"MC001_Montefano",2023,6,8,27.79,16.27,0
"MC001_Montefano",2023,6,9,27.7,16.29,0
"MC001_Montefano",2023,6,10,26.5,18.13,3.1
"MC001_Montefano",2023,6,11,27.49,17.46,0
"MC001_Montefano",2023,6,12,27.6,17.35,0
"MC001_Montefano",2023,6,13,26.7,16.02,0
"MC001_Montefano",2023,6,14,25.8,16.64,6.3
"MC001_Montefano",2023,6,15,26.21,16.75,0
"MC001_Montefano",2023,6,16,28.25,16.42,0
"MC001_Montefano",2023,6,17,29.36,15.61,0
"MC001_Montefano",2023,6,18,30.92,16.92,0
"MC001_Montefano",2023,6,19,31.96,18.6,0
"MC001_Montefano",2023,6,20,32.07,18.24,0
"MC001_Montefano",2023,6,21,33.66,20,0
"MC001_Montefano",2023,6,22,35.27,21.85,0
"MC001_Montefano",2023,6,23,32.45,21.2,0
"MC001_Montefano",2023,6,24,29.31,19.57,4.9
"MC001_Montefano",2023,6,25,29.98,18.59,0
"MC001_Montefano",2023,6,26,31.66,18.21,0
"MC001_Montefano",2023,6,27,34.55,20.14,0
"MC001_Montefano",2023,6,28,28.39,19.63,0
"MC001_Montefano",2023,6,29,29.37,17.98,0
"MC001_Montefano",2023,6,30,30.16,17.94,6.1
"MC001_Montefano",2023,7,1,25.97,17.9,7.9
"MC001_Montefano",2023,7,2,30.23,18.75,0
"MC001_Montefano",2023,7,3,30.51,20.72,0
"MC001_Montefano",2023,7,4,29.76,20.15,5.4
"MC001_Montefano",2023,7,5,30.39,19.96,0
"MC001_Montefano",2023,7,6,29.99,19.5,0
"MC001_Montefano",2023,7,7,30.15,19.01,0
"MC001_Montefano",2023,7,8,31.89,18.24,0
"MC001_Montefano",2023,7,9,34.46,21.43,0
"MC001_Montefano",2023,7,10,35.64,22.48,0
"MC001_Montefano",2023,7,11,36.41,23.73,0
"MC001_Montefano",2023,7,12,35.2,24.14,0
"MC001_Montefano",2023,7,13,33.15,23.11,0
"MC001_Montefano",2023,7,14,32.62,23.08,0
"MC001_Montefano",2023,7,15,33.94,22.39,0
"MC001_Montefano",2023,7,16,37.78,22.98,0
"MC001_Montefano",2023,7,17,38.64,22.98,0
"MC001_Montefano",2023,7,18,37.41,24.14,0
"MC001_Montefano",2023,7,19,37.51,23.93,0
"MC001_Montefano",2023,7,20,34.81,22.94,0
"MC001_Montefano",2023,7,21,34.85,23.95,0
"MC001_Montefano",2023,7,22,34.08,23.36,0
"MC001_Montefano",2023,7,23,34.2,21.62,0
"MC001_Montefano",2023,7,24,36.91,23.15,0
"MC001_Montefano",2023,7,25,35.28,22.64,0
"MC001_Montefano",2023,7,26,29.39,19.42,0
"MC001_Montefano",2023,7,27,29.42,16.88,7.2
"MC001_Montefano",2023,7,28,30.93,18.28,0
"MC001_Montefano",2023,7,29,32.47,20.39,0
"MC001_Montefano",2023,7,30,32.38,21.88,0
"MC001_Montefano",2023,7,31,32.88,21.21,0
"MC001_Montefano",2023,8,1,32.74,21.68,0
"MC001_Montefano",2023,8,2,32.86,21.04,0
"MC001_Montefano",2023,8,3,34.48,21.81,0
"MC001_Montefano",2023,8,4,30.72,18.29,22.4
"MC001_Montefano",2023,8,5,23.66,16.14,6.3
"MC001_Montefano",2023,8,6,28.8,16.9,0
"MC001_Montefano",2023,8,7,27.85,16.45,0
"MC001_Montefano",2023,8,8,29.72,15.54,0
"MC001_Montefano",2023,8,9,29.48,17.38,0
"MC001_Montefano",2023,8,10,29.26,17.7,0
"MC001_Montefano",2023,8,11,30.1,18.27,0
"MC001_Montefano",2023,8,12,31.1,18.08,0
"MC001_Montefano",2023,8,13,31.87,18.97,0
"MC001_Montefano",2023,8,14,31.06,18.5,0
"MC001_Montefano",2023,8,15,31.68,18.86,0
"MC001_Montefano",2023,8,16,31.95,20.73,0
"MC001_Montefano",2023,8,17,32.08,20.86,0
"MC001_Montefano",2023,8,18,33.01,21.17,0
"MC001_Montefano",2023,8,19,32.88,21.56,0
"MC001_Montefano",2023,8,20,32.08,22.69,0
"MC001_Montefano",2023,8,21,34.61,22.82,0
"MC001_Montefano",2023,8,22,33.76,23.29,0
"MC001_Montefano",2023,8,23,36.71,22.94,0
"MC001_Montefano",2023,8,24,36.3,23.47,0
"MC001_Montefano",2023,8,25,38.41,23.94,0
"MC001_Montefano",2023,8,26,37.95,23.69,0
"MC001_Montefano",2023,8,27,35.78,22.88,0
"MC001_Montefano",2023,8,28,31.4,19.31,11.2
"MC001_Montefano",2023,8,29,23.46,16.71,17.5
"MC001_Montefano",2023,8,30,24.03,16.1,16.5
"MC001_Montefano",2023,8,31,27.18,16.17,0
"MC001_Montefano",2023,9,1,28,16.81,0
"MC001_Montefano",2023,9,2,29.53,17.94,0
"MC001_Montefano",2023,9,3,30.49,18.36,0
"MC001_Montefano",2023,9,4,26.81,19.39,0
"MC001_Montefano",2023,9,5,25.95,17.79,0
"MC001_Montefano",2023,9,6,27.94,17.59,0
"MC001_Montefano",2023,9,7,29.32,18.52,0
"MC001_Montefano",2023,9,8,30.14,18.19,0
"MC001_Montefano",2023,9,9,29.79,17.5,0
"MC001_Montefano",2023,9,10,30.26,16.13,0
"MC001_Montefano",2023,9,11,31.38,16.86,0
"MC001_Montefano",2023,9,12,30.69,16.93,0
"MC001_Montefano",2023,9,13,29.07,18.44,0
"MC001_Montefano",2023,9,14,28.42,19.5,0
"MC001_Montefano",2023,9,15,26.7,18.15,5.5
"MC001_Montefano",2023,9,16,26.46,17.99,0
"MC001_Montefano",2023,9,17,29.17,17.63,0
"MC001_Montefano",2023,9,18,29.7,20.12,0
"MC001_Montefano",2023,9,19,30.26,19.65,0
"MC001_Montefano",2023,9,20,27.98,18.63,4.6
"MC001_Montefano",2023,9,21,26.95,18.59,5
"MC001_Montefano",2023,9,22,29.45,20.31,0
"MC001_Montefano",2023,9,23,26.1,16.43,7.8
"MC001_Montefano",2023,9,24,20.19,14.84,13.6
"MC001_Montefano",2023,9,25,22.2,15.22,0
"MC001_Montefano",2023,9,26,25.92,15.88,0
"MC001_Montefano",2023,9,27,26.71,16.86,0
"MC001_Montefano",2023,9,28,27.15,15.8,0
"MC001_Montefano",2023,9,29,27.38,14.85,0
"MC001_Montefano",2023,9,30,27.16,14.81,0
"MC001_Montefano",2023,10,1,27.14,15.31,0
"MC001_Montefano",2023,10,2,28.13,14.53,0
"MC001_Montefano",2023,10,3,27.89,15.06,0
"MC001_Montefano",2023,10,4,26.93,15.84,0
"MC001_Montefano",2023,10,5,25.82,15.54,0
"MC001_Montefano",2023,10,6,25.81,15.42,0
"MC001_Montefano",2023,10,7,26.15,14.37,0
"MC001_Montefano",2023,10,8,28,15.58,0
"MC001_Montefano",2023,10,9,29.79,16.57,0
"MC001_Montefano",2023,10,10,27.46,15.76,0
"MC001_Montefano",2023,10,11,26.18,15.19,0
"MC001_Montefano",2023,10,12,26.77,15.2,0
"MC001_Montefano",2023,10,13,26.05,15.66,0
"MC001_Montefano",2023,10,14,26.84,14.87,0
"MC001_Montefano",2023,10,15,26.57,16.32,0
"MC001_Montefano",2023,10,16,19.62,12.44,5.2
"MC001_Montefano",2023,10,17,19.99,11.18,0
"MC001_Montefano",2023,10,18,19.21,11.22,0.9
"MC001_Montefano",2023,10,19,22.97,13.33,3
"MC001_Montefano",2023,10,20,28.79,17.38,0
"MC001_Montefano",2023,10,21,22.37,15.98,6.3
"MC001_Montefano",2023,10,22,23.64,13.63,0
"MC001_Montefano",2023,10,23,23.56,11.59,0
"MC001_Montefano",2023,10,24,23.83,14.94,18.7
"MC001_Montefano",2023,10,25,21.7,15.47,6.8
"MC001_Montefano",2023,10,26,22.02,14.27,0
"MC001_Montefano",2023,10,27,23.68,16.12,3.6
"MC001_Montefano",2023,10,28,23.14,14.24,0
"MC001_Montefano",2023,10,29,23.41,12.48,0
"MC001_Montefano",2023,10,30,26.08,15.73,0
"MC001_Montefano",2023,10,31,22.91,12.85,10.3
"MC001_Montefano",2023,11,1,19.64,10.62,0
"MC001_Montefano",2023,11,2,20.98,11.72,8.2
"MC001_Montefano",2023,11,3,20.49,10.51,32.9
"MC001_Montefano",2023,11,4,18.33,9.21,9.4
"MC001_Montefano",2023,11,5,20.98,13.01,14.3
"MC001_Montefano",2023,11,6,20.84,11.71,0
"MC001_Montefano",2023,11,7,17.82,11.71,10.3
"MC001_Montefano",2023,11,8,17.67,8.69,0
"MC001_Montefano",2023,11,9,17.92,6.75,0
"MC001_Montefano",2023,11,10,15.09,9.17,10.1
"MC001_Montefano",2023,11,11,15.73,7.72,6.1
"MC001_Montefano",2023,11,12,14.46,7.44,1.4
"MC001_Montefano",2023,11,13,16.43,6.31,0
"MC001_Montefano",2023,11,14,20.21,10.84,0
"MC001_Montefano",2023,11,15,19.55,10.04,0
"MC001_Montefano",2023,11,16,19.03,8.43,0
"MC001_Montefano",2023,11,17,18.83,8.84,0
"MC001_Montefano",2023,11,18,16,6.93,0
"MC001_Montefano",2023,11,19,17.04,5.46,0
"MC001_Montefano",2023,11,20,17.13,8.67,0
"MC001_Montefano",2023,11,21,15.07,9.62,6.4
"MC001_Montefano",2023,11,22,14.62,9.21,20.8
"MC001_Montefano",2023,11,23,14.6,7.02,3.8
"MC001_Montefano",2023,11,24,13.58,6.28,0
"MC001_Montefano",2023,11,25,12.6,3.71,3.6
"MC001_Montefano",2023,11,26,12.63,2.42,0
"MC001_Montefano",2023,11,27,11.96,2.01,7.8
"MC001_Montefano",2023,11,28,12.46,4.21,10
"MC001_Montefano",2023,11,29,12.88,3.52,0
"MC001_Montefano",2023,11,30,15.49,4.75,2.7
"MC001_Montefano",2023,12,1,21.16,10.76,0
"MC001_Montefano",2023,12,2,18.61,14.52,8.8
"MC001_Montefano",2023,12,3,11.96,5.71,2.1
"MC001_Montefano",2023,12,4,10.54,2.85,5.8
"MC001_Montefano",2023,12,5,9.67,5.56,8.1
"MC001_Montefano",2023,12,6,11.28,5.04,0
"MC001_Montefano",2023,12,7,12.35,2.65,0
"MC001_Montefano",2023,12,8,9.28,0.45,0
"MC001_Montefano",2023,12,9,11.39,4.7,3.3
"MC001_Montefano",2023,12,10,12.61,4.96,0
"MC001_Montefano",2023,12,11,11.83,3.85,0
"MC001_Montefano",2023,12,12,13.22,8.45,0
"MC001_Montefano",2023,12,13,13.51,10.77,4.9
"MC001_Montefano",2023,12,14,13.05,8.69,0
"MC001_Montefano",2023,12,15,13.34,8.23,0
"MC001_Montefano",2023,12,16,11.49,6.17,0
"MC001_Montefano",2023,12,17,12.44,4.11,0
"MC001_Montefano",2023,12,18,16.28,4.42,0
"MC001_Montefano",2023,12,19,17.41,4.63,0
"MC001_Montefano",2023,12,20,13.8,3.04,0
"MC001_Montefano",2023,12,21,13.5,4.27,0
"MC001_Montefano",2023,12,22,17.83,6.63,0
"MC001_Montefano",2023,12,23,19.25,9.3,0
"MC001_Montefano",2023,12,24,17.02,9.79,0
"MC001_Montefano",2023,12,25,16.19,8.54,0
"MC001_Montefano",2023,12,26,15.67,7.41,0
"MC001_Montefano",2023,12,27,16.04,8.6,0
"MC001_Montefano",2023,12,28,15.1,5.37,0
"MC001_Montefano",2023,12,29,14.94,7.61,0
"MC001_Montefano",2023,12,30,13.62,9.23,1.7
"MC001_Montefano",2023,12,31,14.87,8.3,10.7
"MC001_Montefano",2024,1,1,15.2,9.75,0
"MC001_Montefano",2024,1,2,13.3,6.76,0
"MC001_Montefano",2024,1,3,15.55,9.6,0
"MC001_Montefano",2024,1,4,16.93,10.65,0
"MC001_Montefano",2024,1,5,15.19,8.29,7.5
"MC001_Montefano",2024,1,6,15.2,9.96,8.5
"MC001_Montefano",2024,1,7,11.25,10.4,36.3
"MC001_Montefano",2024,1,8,11.27,8.67,0
"MC001_Montefano",2024,1,9,9.15,5.01,0
"MC001_Montefano",2024,1,10,7.54,2.26,0
"MC001_Montefano",2024,1,11,7.57,3.33,0
"MC001_Montefano",2024,1,12,10.53,2.24,0
"MC001_Montefano",2024,1,13,11.31,1.04,0
"MC001_Montefano",2024,1,14,9.7,3.13,0
"MC001_Montefano",2024,1,15,12.8,6.58,0
"MC001_Montefano",2024,1,16,12.33,6.36,1
"MC001_Montefano",2024,1,17,14.76,7.64,6.9
"MC001_Montefano",2024,1,18,17.91,11.08,0
"MC001_Montefano",2024,1,19,15.44,8.12,4.2
"MC001_Montefano",2024,1,20,8.17,3.44,0
"MC001_Montefano",2024,1,21,10.31,1.75,0
"MC001_Montefano",2024,1,22,10.92,0.01,0
"MC001_Montefano",2024,1,23,13.33,3.85,0
"MC001_Montefano",2024,1,24,12.57,3.69,0
"MC001_Montefano",2024,1,25,14.87,4.48,0
"MC001_Montefano",2024,1,26,12.53,4.02,0
"MC001_Montefano",2024,1,27,14.39,5.85,0
"MC001_Montefano",2024,1,28,12.06,5.26,0
"MC001_Montefano",2024,1,29,11.33,3.9,0
"MC001_Montefano",2024,1,30,11.99,2.8,0
"MC001_Montefano",2024,1,31,11.81,3.2,0
"MC001_Montefano",2024,2,1,12.19,3.79,0
"MC001_Montefano",2024,2,2,13.74,3.81,0
"MC001_Montefano",2024,2,3,16.14,6.23,0
"MC001_Montefano",2024,2,4,15.82,6.04,0
"MC001_Montefano",2024,2,5,14.08,7.25,0
"MC001_Montefano",2024,2,6,14.07,6.69,0
"MC001_Montefano",2024,2,7,14.81,8.27,0
"MC001_Montefano",2024,2,8,16.69,8.15,0
"MC001_Montefano",2024,2,9,15.88,10.03,0
"MC001_Montefano",2024,2,10,14.57,10.81,16
"MC001_Montefano",2024,2,11,14.13,9.96,12.5
"MC001_Montefano",2024,2,12,13.21,8.57,0
"MC001_Montefano",2024,2,13,15.15,7.31,0
"MC001_Montefano",2024,2,14,14.71,5.85,0
"MC001_Montefano",2024,2,15,14.93,4.86,0
"MC001_Montefano",2024,2,16,13.71,5.27,0
"MC001_Montefano",2024,2,17,14.24,5.76,0
"MC001_Montefano",2024,2,18,14.94,6.78,0
"MC001_Montefano",2024,2,19,14.65,6.99,0
"MC001_Montefano",2024,2,20,15.9,7.05,0
"MC001_Montefano",2024,2,21,17.05,6.35,0
"MC001_Montefano",2024,2,22,15.51,6.3,0
"MC001_Montefano",2024,2,23,16.65,9.39,0
"MC001_Montefano",2024,2,24,13.9,8.43,3.3
"MC001_Montefano",2024,2,25,13.9,7.72,4.8
"MC001_Montefano",2024,2,26,13.74,5.41,0
"MC001_Montefano",2024,2,27,16.65,9.95,0
"MC001_Montefano",2024,2,28,14.95,11.37,0
"MC001_Montefano",2024,2,29,14.22,10.56,7.2
"MC001_Montefano",2024,3,1,14.67,10.96,10.9
"MC001_Montefano",2024,3,2,15.95,10.12,2.8
"MC001_Montefano",2024,3,3,17,8.31,0
"MC001_Montefano",2024,3,4,12.43,10.46,2.8
"MC001_Montefano",2024,3,5,16.72,7.67,3.8
"MC001_Montefano",2024,3,6,15.13,6.57,0
"MC001_Montefano",2024,3,7,13.34,7.72,0
"MC001_Montefano",2024,3,8,14.91,6.55,0
"MC001_Montefano",2024,3,9,13.8,9.6,5.4
"MC001_Montefano",2024,3,10,16.67,10.19,15.1
"MC001_Montefano",2024,3,11,14.67,9.06,13.6
"MC001_Montefano",2024,3,12,15.5,8.1,0
"MC001_Montefano",2024,3,13,16.37,8.3,0
"MC001_Montefano",2024,3,14,18.59,7.26,0
"MC001_Montefano",2024,3,15,17.3,8.07,0
"MC001_Montefano",2024,3,16,16.81,11.61,0
"MC001_Montefano",2024,3,17,19.1,10,0
"MC001_Montefano",2024,3,18,16.66,10.96,0
"MC001_Montefano",2024,3,19,16.59,10.84,9.6
"MC001_Montefano",2024,3,20,17.55,8.63,0
"MC001_Montefano",2024,3,21,18.7,9,0
"MC001_Montefano",2024,3,22,19.34,10.12,10.3
"MC001_Montefano",2024,3,23,19.77,9.32,0
"MC001_Montefano",2024,3,24,16.87,9.04,0
"MC001_Montefano",2024,3,25,16.98,6.08,1.5
"MC001_Montefano",2024,3,26,13.7,9.07,0
"MC001_Montefano",2024,3,27,15.81,10.48,21.3
"MC001_Montefano",2024,3,28,18.5,9.35,11.9
"MC001_Montefano",2024,3,29,21.8,13.37,0
"MC001_Montefano",2024,3,30,21.76,13.7,0
"MC001_Montefano",2024,3,31,22.23,14.83,0
"MC001_Montefano",2024,4,1,22.69,13.7,0
"MC001_Montefano",2024,4,2,19.67,12.12,3.9
"MC001_Montefano",2024,4,3,18.46,10.27,0
"MC001_Montefano",2024,4,4,20.77,11.42,0
"MC001_Montefano",2024,4,5,21.1,12.1,0
"MC001_Montefano",2024,4,6,21.55,12.54,0
"MC001_Montefano",2024,4,7,23.29,12.36,0
"MC001_Montefano",2024,4,8,23.4,14.04,0
"MC001_Montefano",2024,4,9,25.73,15.38,0
"MC001_Montefano",2024,4,10,18.35,14.02,0
"MC001_Montefano",2024,4,11,20.82,11.47,0
"MC001_Montefano",2024,4,12,23.73,15.38,0
"MC001_Montefano",2024,4,13,25.85,16.01,0
"MC001_Montefano",2024,4,14,27.57,15.76,0
"MC001_Montefano",2024,4,15,26.22,17.41,0
"MC001_Montefano",2024,4,16,23.83,12.54,0
"MC001_Montefano",2024,4,17,16.93,9.44,2.5
"MC001_Montefano",2024,4,18,15.31,7.27,4.2
"MC001_Montefano",2024,4,19,16.43,7.77,0
"MC001_Montefano",2024,4,20,15.64,6.38,0
"MC001_Montefano",2024,4,21,16.21,8.05,6.9
"MC001_Montefano",2024,4,22,14.81,7.45,0
"MC001_Montefano",2024,4,23,12.66,7.2,5
"MC001_Montefano",2024,4,24,12.84,7.04,9.6
"MC001_Montefano",2024,4,25,13.34,7.48,3.9
"MC001_Montefano",2024,4,26,17.54,8.54,0
"MC001_Montefano",2024,4,27,19.87,10.32,4.7
"MC001_Montefano",2024,4,28,22.67,11.11,0
"MC001_Montefano",2024,4,29,21.57,12.02,0
"MC001_Montefano",2024,4,30,24.55,12.57,0
"MC001_Montefano",2024,5,1,19.82,14.48,0
"MC001_Montefano",2024,5,2,19.01,12.81,8.7
"MC001_Montefano",2024,5,3,17.97,9.14,2.5
"MC001_Montefano",2024,5,4,18.09,12.38,0
"MC001_Montefano",2024,5,5,21.81,11.46,0
"MC001_Montefano",2024,5,6,22.18,12.81,0
"MC001_Montefano",2024,5,7,19.47,14.28,0
"MC001_Montefano",2024,5,8,20,11.83,0.7
"MC001_Montefano",2024,5,9,22.39,14.04,0
"MC001_Montefano",2024,5,10,22.27,13.9,0
"MC001_Montefano",2024,5,11,22.98,13.26,0
"MC001_Montefano",2024,5,12,24.2,12.93,0
"MC001_Montefano",2024,5,13,23.18,14.59,0
"MC001_Montefano",2024,5,14,22.35,15.93,0.5
"MC001_Montefano",2024,5,15,22.17,16.01,0
"MC001_Montefano",2024,5,16,22.34,15.48,2.9
"MC001_Montefano",2024,5,17,24.34,13.7,0
"MC001_Montefano",2024,5,18,23.17,14.14,0
"MC001_Montefano",2024,5,19,22.89,16.29,0
"MC001_Montefano",2024,5,20,23.51,16.19,0
"MC001_Montefano",2024,5,21,23.64,17.48,7.9
"MC001_Montefano",2024,5,22,24.06,15.36,0
"MC001_Montefano",2024,5,23,23.46,14.26,0
"MC001_Montefano",2024,5,24,23.99,13.82,0
"MC001_Montefano",2024,5,25,22.78,14.89,0
"MC001_Montefano",2024,5,26,22.83,14.43,0
"MC001_Montefano",2024,5,27,24.19,14.58,0
"MC001_Montefano",2024,5,28,24.23,15.85,0
"MC001_Montefano",2024,5,29,23.59,16.85,0
"MC001_Montefano",2024,5,30,24.33,16.45,0
"MC001_Montefano",2024,5,31,23.85,16.05,8.6
"MC001_Montefano",2024,6,1,26.14,16.02,0
"MC001_Montefano",2024,6,2,23.58,16.8,2.9
"MC001_Montefano",2024,6,3,23.82,16.22,0
"MC001_Montefano",2024,6,4,25.91,14.74,0
"MC001_Montefano",2024,6,5,27.45,17.47,0
"MC001_Montefano",2024,6,6,29.65,17.96,0
"MC001_Montefano",2024,6,7,30.2,19.91,0
"MC001_Montefano",2024,6,8,30.88,20.55,0
"MC001_Montefano",2024,6,9,31.1,21.78,0
"MC001_Montefano",2024,6,10,29.38,20.42,0
"MC001_Montefano",2024,6,11,27.85,19.49,0
"MC001_Montefano",2024,6,12,26.88,18.2,2.4
"MC001_Montefano",2024,6,13,23.9,15.54,0
"MC001_Montefano",2024,6,14,26.59,14.62,0
"MC001_Montefano",2024,6,15,29.13,16.33,0
"MC001_Montefano",2024,6,16,28.98,19.37,0
"MC001_Montefano",2024,6,17,31.03,19.57,0
"MC001_Montefano",2024,6,18,32.37,19.97,0
"MC001_Montefano",2024,6,19,31.91,21.67,0
"MC001_Montefano",2024,6,20,33.79,23.43,0
"MC001_Montefano",2024,6,21,32.76,25.1,0
"MC001_Montefano",2024,6,22,31.76,21.47,0
"MC001_Montefano",2024,6,23,24.89,19.54,0
"MC001_Montefano",2024,6,24,26.72,19.5,0
"MC001_Montefano",2024,6,25,26.94,20.34,0
"MC001_Montefano",2024,6,26,27.77,18.59,0
"MC001_Montefano",2024,6,27,31,18.64,0
"MC001_Montefano",2024,6,28,32.53,21.31,0
"MC001_Montefano",2024,6,29,33.9,22.85,0
"MC001_Montefano",2024,6,30,33.62,24.46,0
