site,Date,Tmax,Tmin,Prec,LW,RHmax,RHmin,chillState,ChillRate,antiChillState,forcingRate,forcingState,cycleCompletion,bbchCode,bbchPhase,plantSusceptibility,Rule310,Epi,Ipi,Dmcast,Magarey,UCSC,misfits,laore,pressureRule310,pressureEpi,pressureIpi,pressureDmcast,pressureMagarey,pressureUCSC,pressureMisfits,pressureLaore
..\..\..\files\weather\hourly\Oristano.csv,1/1/2014 12:00:00 AM,4.3,4.3,0,0,90,90,0,-0,0,0,0,0,0,0,0,0,0,0,0,0,0,0,0,0,0,0,0,0,0,0,0,
..\..\..\files\weather\hourly\Oristano.csv,1/2/2014 12:00:00 AM,13.1,4.4,0,4,91.1,77.3,-3.797701,-3.797701,0,0,0,0,0,0,0,0,0,0,0,0,0,0,0,0,0,0,0,0,0,0,0,
..\..\..\files\weather\hourly\Oristano.csv,1/3/2014 12:00:00 AM,14.3,10.5,3.2,22,94.8,85.3,-3.797701,0,0,0,0,0,0,0,0,0,0,0,0,0,0,0,0,0,0,0,0,0,0,0,0,
..\..\..\files\weather\hourly\Oristano.csv,1/4/2014 12:00:00 AM,14.7,12.4,0.3,21,97.6,86.4,-3.797701,0,0,0,0,0,0,0,0,0,0,0,0,0,0,0,0,0,0,0,0,0,0,0,0,
..\..\..\files\weather\hourly\Oristano.csv,1/5/2014 12:00:00 AM,15,12.5,8.6,24,98.3,86.5,-3.797701,0,0,0,0,0,0,0,0,0,0,0,0,0,0,1,1,0,0,0,0,0,0,1,1,
..\..\..\files\weather\hourly\Oristano.csv,1/6/2014 12:00:00 AM,13.1,9.6,19.6,13,92.6,61.7,-4.1748433,-0.37714255,0,0,0,0,0,0,0,1,0,0,0,0,0,0,0,1,0,0,0,0,0,0,0,
..\..\..\files\weather\hourly\Oristano.csv,1/7/2014 12:00:00 AM,14.1,7.4,0,2,90.7,64.9,-6.270365,-2.095522,0,0,0,0,0,0,0,1,0,0,0,0,0,0,0,1,0,0,0,0,0,0,0,
..\..\..\files\weather\hourly\Oristano.csv,1/8/2014 12:00:00 AM,14,5.9,0,3,94,74.6,-9.33271,-3.0623455,0,0,0,0,0,0,0,0,0,0,0,0,0,0,0,0,0,0,0,0,0,0,0,
..\..\..\files\weather\hourly\Oristano.csv,1/9/2014 12:00:00 AM,15.7,5.4,0,5,95.1,61.6,-12.905526,-3.5728157,0,0,0,0,0,0,0,0,0,0,0,0,0,0,0,0,0,0,0,0,0,0,0,
..\..\..\files\weather\hourly\Oristano.csv,1/10/2014 12:00:00 AM,15.2,6.1,0,6,92.6,66.7,-15.969812,-3.0642858,0,0,0,0,0,0,0,0,0,0,0,0,0,0,0,0,0,0,0,0,0,0,0,
..\..\..\files\weather\hourly\Oristano.csv,1/11/2014 12:00:00 AM,14.7,6.5,0,4,91.6,62.6,-18.722862,-2.7530494,0,0,0,0,0,0,0,0,0,0,0,0,0,0,0,0,0,0,0,0,0,0,0,
..\..\..\files\weather\hourly\Oristano.csv,1/12/2014 12:00:00 AM,15,6.6,0,3,95.2,71.3,-21.434767,-2.711905,0,0,0,0,0,0,0,0,0,0,0,0,0,0,0,0,0,0,0,0,0,0,0,
..\..\..\files\weather\hourly\Oristano.csv,1/13/2014 12:00:00 AM,13.2,7.2,1.1,11,97.2,87.5,-23.581434,-2.1466668,0,0,0,0,0,0,0,0,0,0,0,0,0,0,0,0,0,0,0,0,0,0,0,
..\..\..\files\weather\hourly\Oristano.csv,1/14/2014 12:00:00 AM,13.3,6.8,1.3,9,96.5,85.5,-25.993742,-2.4123077,0,0,0,0,0,0,0,0,0,0,0,0,0,0,0,0,0,0,0,0,0,0,0,
..\..\..\files\weather\hourly\Oristano.csv,1/15/2014 12:00:00 AM,12.4,7.1,15.1,18,95.7,78,-28.100346,-2.106604,0,0,0,0,0,0,0,1,0,0,0,0,0,1,0,1,0,0,0,0,0,1,0,
..\..\..\files\weather\hourly\Oristano.csv,1/16/2014 12:00:00 AM,11.1,5.4,4.1,7,91.7,61.2,-30.844206,-2.7438595,0,0,0,0,0,0,0,0,0,0,0,0,0,0,0,0,0,0,0,0,0,0,0,
..\..\..\files\weather\hourly\Oristano.csv,1/17/2014 12:00:00 AM,13.3,4.4,0,0,86.6,72.9,-34.682407,-3.8382025,0,0,0,0,0,0,0,0,0,0,0,0,0,0,0,0,0,0,0,0,0,0,0,
..\..\..\files\weather\hourly\Oristano.csv,1/18/2014 12:00:00 AM,14.9,9.5,0,5,86.6,75.3,-35.15926,-0.47685194,0,0,0,0,0,0,0,0,0,0,0,0,0,0,0,0,0,0,0,0,0,0,0,
..\..\..\files\weather\hourly\Oristano.csv,1/19/2014 12:00:00 AM,15.5,8.5,0,0,86.4,64.6,-36.498547,-1.3392856,0,0,0,0,0,0,0,0,0,0,0,0,0,0,0,0,0,0,0,0,0,0,0,
..\..\..\files\weather\hourly\Oristano.csv,1/20/2014 12:00:00 AM,13.3,9,8.8,12,92.9,69.5,-37.382267,-0.8837204,0,0,0,0,0,0,0,0,0,0,0,0,0,0,0,0,0,0,0,0,0,0,0,
..\..\..\files\weather\hourly\Oristano.csv,1/21/2014 12:00:00 AM,10.9,8.2,22.2,24,93.1,84.6,-38.582268,-1.1999996,0,0,0,0,0,0,0,1,0,0,0,1,0,0,0,1,0,0,0,1,0,0,0,
..\..\..\files\weather\hourly\Oristano.csv,1/22/2014 12:00:00 AM,10.7,8.4,6.3,18,86.7,62.2,-39.625744,-1.0434779,0,0,0,0,0,0,0,0,0,0,0,1,0,1,0,0,0,0,0,1,0,1,0,
..\..\..\files\weather\hourly\Oristano.csv,1/23/2014 12:00:00 AM,13,7.4,1.8,4,88.4,62.2,-41.622173,-1.9964283,0,0,0,0,0,0,0,0,0,0,0,0,0,0,0,0,0,0,0,0,0,0,0,
..\..\..\files\weather\hourly\Oristano.csv,1/24/2014 12:00:00 AM,11.7,9.1,18.9,22,94.2,79.1,-42.3664,-0.74423,0,0,0,0,0,0,0,1,0,0,0,0,0,1,0,1,0,0,0,0,0,1,0,
..\..\..\files\weather\hourly\Oristano.csv,1/25/2014 12:00:00 AM,11.5,8.6,8.7,15,89.9,68.9,-43.42847,-1.0620687,0,0,0,0,0,0,0,1,0,0,0,0,0,0,0,1,0,0,0,0,0,0,0,
..\..\..\files\weather\hourly\Oristano.csv,1/26/2014 12:00:00 AM,13,6.4,0,0,84.2,46.8,-46.046654,-2.6181815,0,0,0,0,0,0,0,0,0,0,0,0,0,0,0,0,0,0,0,0,0,0,0,
..\..\..\files\weather\hourly\Oristano.csv,1/27/2014 12:00:00 AM,13.7,4.3,0,4,90.1,67.5,-50.018463,-3.9718084,0,0,0,0,0,0,0,0,0,0,0,0,0,0,0,0,0,0,0,0,0,0,0,
..\..\..\files\weather\hourly\Oristano.csv,1/28/2014 12:00:00 AM,12.8,8.4,7.6,14,90.4,67.1,-51.327557,-1.3090917,0,0,0,0,0,0,0,0,0,0,0,0,0,0,0,0,0,0,0,0,0,0,0,
..\..\..\files\weather\hourly\Oristano.csv,1/29/2014 12:00:00 AM,10.9,6.8,3.7,11,82.7,63.3,-53.278778,-1.9512198,0,0,0,0,0,0,0,1,0,0,0,0,0,0,0,1,0,0,0,0,0,0,0,
..\..\..\files\weather\hourly\Oristano.csv,1/30/2014 12:00:00 AM,12.1,6.2,12.8,21,96.3,76.9,-55.85505,-2.5762708,0,0,0,0,0,0,0,0,0,0,0,0,0,0,0,0,0,0,0,0,0,0,0,
..\..\..\files\weather\hourly\Oristano.csv,1/31/2014 12:00:00 AM,11.5,8.3,7.6,20,91,83.8,-57.103485,-1.2484369,0,0,0,0,0,0,0,1,0,0,0,0,0,0,0,1,0,0,0,0,0,0,0,
..\..\..\files\weather\hourly\Oristano.csv,2/1/2014 12:00:00 AM,11.5,6.7,0,1,84.4,61.9,-59.26911,-2.1656256,0,0,0,0,0,0,0,0,0,0,0,0,0,0,0,0,0,0,0,0,0,0,0,
..\..\..\files\weather\hourly\Oristano.csv,2/2/2014 12:00:00 AM,11.7,5.4,0,0,89.9,62.7,-62.189747,-2.920635,0,0,0,0,0,0,0,0,0,0,0,0,0,0,0,0,0,0,0,0,0,0,0,
..\..\..\files\weather\hourly\Oristano.csv,2/3/2014 12:00:00 AM,9.4,5.2,10.7,18,93.4,79.4,-64.28975,-2.1,0,0,0,0,0,0,0,0,0,0,0,0,0,0,0,0,0,0,0,0,0,0,0,
..\..\..\files\weather\hourly\Oristano.csv,2/4/2014 12:00:00 AM,11.2,6,6.9,13,94.1,68.3,-66.75129,-2.4615388,0,0,0,0,0,0,0,0,0,0,0,0,0,0,0,0,0,0,0,0,0,0,0,
..\..\..\files\weather\hourly\Oristano.csv,2/5/2014 12:00:00 AM,11,5.2,5.8,10,91.9,76,-69.56509,-2.8137937,0,0,0,0,0,0,0,0,0,0,0,0,0,0,0,0,0,0,0,0,0,0,0,
..\..\..\files\weather\hourly\Oristano.csv,2/6/2014 12:00:00 AM,11.6,6.7,10.9,12,94.8,73.6,-71.75386,-2.1887753,0,0,0,0,0,0,0,0,0,0,0,0,0,0,0,0,0,0,0,0,0,0,0,
..\..\..\files\weather\hourly\Oristano.csv,2/7/2014 12:00:00 AM,13.9,6.8,0,3,86.4,63,-74.232735,-2.4788735,0,0,0,0,0,0,0,1,0,0,0,0,0,0,0,1,0,0,0,0,0,0,0,
..\..\..\files\weather\hourly\Oristano.csv,2/8/2014 12:00:00 AM,15.5,6.6,3,10,90.5,70.7,-76.9833,-2.750562,0,0,0,0,0,0,0,0,0,0,0,0,0,0,0,0,0,0,0,0,0,0,0,
..\..\..\files\weather\hourly\Oristano.csv,2/9/2014 12:00:00 AM,13.8,8.8,5.5,10,94.1,73.7,-78.0393,-1.0559999,0,0,0,0,0,0,0,0,0,0,0,0,0,0,0,0,0,0,0,0,0,0,0,
..\..\..\files\weather\hourly\Oristano.csv,2/10/2014 12:00:00 AM,12.9,8.8,10,8,93.8,57,-79.06369,-1.0243906,0,0,0,0,0,0,0,1,0,0,0,0,0,0,0,1,0,0,0,0,0,0,0,
..\..\..\files\weather\hourly\Oristano.csv,2/11/2014 12:00:00 AM,14.1,9.3,19.8,22,94,86.1,-79.71265,-0.6489587,0,0,0,0,0,0,0,1,0,0,0,1,0,1,0,1,0,0,0,1,0,1,0,
..\..\..\files\weather\hourly\Oristano.csv,2/12/2014 12:00:00 AM,11.7,9.2,2,8,90.1,66.5,-80.38464,-0.6720001,0,0,0,0,0,0,0,1,0,0,0,0,0,0,0,1,0,0,0,0,0,0,0,
..\..\..\files\weather\hourly\Oristano.csv,2/13/2014 12:00:00 AM,12.2,7.8,0.8,6,83.8,68.8,-82.034645,-1.6499999,0,0,0,0,0,0,0,0,0,0,0,0,0,0,0,0,0,0,0,0,0,0,0,
..\..\..\files\weather\hourly\Oristano.csv,2/14/2014 12:00:00 AM,14,8.1,0,9,93.7,77.7,-83.628716,-1.5940676,0,0,0,0,0,0,0,0,0,0,0,0,0,0,0,0,0,0,0,0,0,0,0,
..\..\..\files\weather\hourly\Oristano.csv,2/15/2014 12:00:00 AM,15.2,9.3,0,14,95.2,64.5,-84.28719,-0.65847445,0,0,0,0,0,0,0,0,0,0,0,0,0,0,0,0,0,0,0,0,0,0,0,
..\..\..\files\weather\hourly\Oristano.csv,2/16/2014 12:00:00 AM,18.3,10.7,0,14,92.2,65.2,-84.28719,0,0,0,0,0,0,0,0,0,0,0,0,0,0,0,0,0,0,0,0,0,0,0,0,
..\..\..\files\weather\hourly\Oristano.csv,2/17/2014 12:00:00 AM,18.4,8.9,0,0,81.6,61.2,-85.32351,-1.0363164,0,0,0,0,0,0,0,0,0,0,0,0,0,0,0,0,0,0,0,0,0,0,0,
..\..\..\files\weather\hourly\Oristano.csv,2/18/2014 12:00:00 AM,16.9,9.9,0,5,88.3,64,-85.4228,-0.09928632,0,0,0,0,0,0,0,0,0,0,0,0,0,0,0,0,0,0,0,0,0,0,0,
..\..\..\files\weather\hourly\Oristano.csv,2/19/2014 12:00:00 AM,18.2,10.7,0,4,82.7,62.8,-85.4228,0,0,0,0,0,0,0,0,0,0,0,0,0,0,0,0,0,0,0,0,0,0,0,0,
..\..\..\files\weather\hourly\Oristano.csv,2/20/2014 12:00:00 AM,14.6,11,2,18,95.6,82,-85.4228,0,0,0,0,0,0,0,0,0,0,0,0,0,1,0,0,0,0,0,0,0,1,0,0,
..\..\..\files\weather\hourly\Oristano.csv,2/21/2014 12:00:00 AM,12.7,9.4,1.8000001,10,86.2,70.3,-85.968254,-0.5454544,0,0,0,0,0,0,0,0,0,0,0,0,1,0,0,0,0,0,0,0,1,0,0,
..\..\..\files\weather\hourly\Oristano.csv,2/22/2014 12:00:00 AM,13.6,8,0.6,7,91.9,69.3,-87.611115,-1.6428572,0,0,0,0,0,0,0,0,0,0,0,0,0,0,0,0,0,0,0,0,0,0,0,
..\..\..\files\weather\hourly\Oristano.csv,2/23/2014 12:00:00 AM,12.5,9,0,0,85.4,61.1,-88.468254,-0.85714287,0,0,0,0,0,0,0,0,0,0,0,0,0,0,0,0,0,0,0,0,0,0,0,
..\..\..\files\weather\hourly\Oristano.csv,2/24/2014 12:00:00 AM,13.6,5.8,0,2,92.8,67.3,-91.53748,-3.069231,0,0,0,0,0,0,0,0,0,0,0,0,0,0,0,0,0,0,0,0,0,0,0,
..\..\..\files\weather\hourly\Oristano.csv,2/25/2014 12:00:00 AM,14.3,4.5,0,0,96.4,58.9,-95.49412,-3.9566321,0,0,0,0,0,0,0,0,0,0,0,0,0,0,0,0,0,0,0,0,0,0,0,
..\..\..\files\weather\hourly\Oristano.csv,2/26/2014 12:00:00 AM,13.5,3.5,0,0,94.1,58.7,-99.881615,-4.3875,0,0,0,0,0,0,0,0,0,0,0,0,0,0,0,0,0,0,0,0,0,0,0,
..\..\..\files\weather\hourly\Oristano.csv,2/27/2014 12:00:00 AM,14,7.2,1.7,6,84.5,76.3,-102.10515,-2.22353,0,0,0,0,0,0,0,0,0,0,0,0,1,0,0,0,0,0,0,0,1,0,0,
..\..\..\files\weather\hourly\Oristano.csv,2/28/2014 12:00:00 AM,12.3,6,0,0,83.5,58.5,-101.68531,-2.7301583,0.41984132,0,0,0,0,0,0,0,0,0,0,0,0,0,0,0,0,0,0,0,0,0,0,
..\..\..\files\weather\hourly\Oristano.csv,3/1/2014 12:00:00 AM,13.3,7.7,12.1,13,92.1,71.5,-100.71299,-1.8276787,0.97232145,0,0,0,0,0,0,1,0,0,0,0,1,0,0,1,0,0,0,0,1,0,0,
..\..\..\files\weather\hourly\Oristano.csv,3/2/2014 12:00:00 AM,9.3,6.2,17.2,16,88.9,66,-100.71299,-1.5500002,0,0,0,0,0,0,0,1,0,0,0,0,1,0,0,1,0,0,0,0,1,0,0,
..\..\..\files\weather\hourly\Oristano.csv,3/3/2014 12:00:00 AM,11.4,5.6,3.9,7,83.3,60.8,-100.54402,-2.7310348,0.16896543,0,0,0,0,0,0,0,0,0,0,0,1,0,0,0,0,0,0,0,1,0,0,
..\..\..\files\weather\hourly\Oristano.csv,3/4/2014 12:00:00 AM,11.2,6.2,14.2,17,91.4,77.8,-100.400024,-2.356,0.14399996,0,0,0,0,0,0,0,0,0,0,0,1,0,0,0,0,0,0,0,1,0,0,
..\..\..\files\weather\hourly\Oristano.csv,3/5/2014 12:00:00 AM,10.2,8.6,15.7,23,86.8,77,-100.38753,-0.78749925,0.012499981,0,0,0,0,0,0,0,0,0,0,0,0,1,0,0,0,0,0,0,0,1,0,
..\..\..\files\weather\hourly\Oristano.csv,3/6/2014 12:00:00 AM,13.4,7.7,2.1000001,6,87.4,65.8,-99.37349,-1.8359646,1.0140349,0,0,0,0,0,0,0,0,0,0,0,0,0,0,0,0,0,0,0,0,0,0,
..\..\..\files\weather\hourly\Oristano.csv,3/7/2014 12:00:00 AM,14.2,7.6,0,0,89.5,55.7,-98.037125,-1.9636363,1.3363634,0,0,0,0,0,0,0,0,0,0,0,0,0,0,0,0,0,0,0,0,0,0,
..\..\..\files\weather\hourly\Oristano.csv,3/8/2014 12:00:00 AM,15.1,7.4,0,0,87.8,53.7,-96.34816,-2.1610386,1.6889613,0,0,0,0,0,0,0,0,0,0,0,0,0,0,0,0,0,0,0,0,0,0,
..\..\..\files\weather\hourly\Oristano.csv,3/9/2014 12:00:00 AM,16.3,6.4,0,0,88.5,50.2,-94.34361,-2.9454544,2.004545,0,0,0,0,0,0,0,0,0,0,0,0,0,0,0,0,0,0,0,0,0,0,
..\..\..\files\weather\hourly\Oristano.csv,3/10/2014 12:00:00 AM,15.8,7.2,0,0,89.1,50.9,-92.3878,-2.3441863,1.955814,0,0,0,0,0,0,0,0,0,0,0,0,0,0,0,0,0,0,0,0,0,0,
..\..\..\files\weather\hourly\Oristano.csv,3/11/2014 12:00:00 AM,14.6,6.6,0,0,91,54.1,-91.0653,-2.6775002,1.3225002,0,0,0,0,0,0,0,0,0,0,0,0,0,0,0,0,0,0,0,0,0,0,
..\..\..\files\weather\hourly\Oristano.csv,3/12/2014 12:00:00 AM,14.2,6.4,0,0,88.5,54.3,-89.93453,-2.7692308,1.1307691,0,0,0,0,0,0,0,0,0,0,0,0,0,0,0,0,0,0,0,0,0,0,
..\..\..\files\weather\hourly\Oristano.csv,3/13/2014 12:00:00 AM,14.3,5.4,0.70000005,4,92.8,59.1,-88.89577,-3.411236,1.0387642,0,0,0,0,0,0,0,0,0,0,0,0,0,0,0,0,0,0,0,0,0,0,
..\..\..\files\weather\hourly\Oristano.csv,3/14/2014 12:00:00 AM,15.4,5.2,0,0,91.5,59.6,-87.466354,-3.6705878,1.4294116,0,0,0,0,0,0,0,0,0,0,0,0,0,0,0,0,0,0,0,0,0,0,
..\..\..\files\weather\hourly\Oristano.csv,3/15/2014 12:00:00 AM,14.9,6.6,0,2,89.5,63.1,-86.019966,-2.7036147,1.4463855,0,0,0,0,0,0,0,0,0,0,0,0,0,0,0,0,0,0,0,0,0,0,
..\..\..\files\weather\hourly\Oristano.csv,3/16/2014 12:00:00 AM,16.4,8.3,0,7,92.1,52.6,-83.49157,-1.5216053,2.528395,0,0,0,0,0,0,0,0,0,0,0,0,0,0,0,0,0,0,0,0,0,0,
..\..\..\files\weather\hourly\Oristano.csv,3/17/2014 12:00:00 AM,15.7,8.2,0,8,99,69.6,-81.32557,-1.5840001,2.166,0,0,0,0,0,0,0,0,0,0,0,0,0,0,0,0,0,0,0,0,0,0,
..\..\..\files\weather\hourly\Oristano.csv,3/18/2014 12:00:00 AM,15.7,6.8,0,7,99.2,74.1,-79.50029,-2.624719,1.8252809,0,0,0,0,0,0,0,0,0,0,0,0,0,0,0,0,0,0,0,0,0,0,
..\..\..\files\weather\hourly\Oristano.csv,3/19/2014 12:00:00 AM,15.3,7.8,0,5,97.7,70,-77.627625,-1.8773332,1.8726668,0,0,0,0,0,0,0,0,0,0,0,0,0,0,0,0,0,0,0,0,0,0,
..\..\..\files\weather\hourly\Oristano.csv,3/20/2014 12:00:00 AM,15.2,7.1,0,6,97.5,66.3,-75.95849,-2.3808641,1.6691356,0,0,0,0,0,0,0,0,0,0,0,0,0,0,0,0,0,0,0,0,0,0,
..\..\..\files\weather\hourly\Oristano.csv,3/21/2014 12:00:00 AM,16.8,9.8,0,5,96,64.4,-72.65563,-0.19714212,3.302857,0,0,0,0,0,0,0,0,0,0,0,0,0,0,0,0,0,0,0,0,0,0,
..\..\..\files\weather\hourly\Oristano.csv,3/22/2014 12:00:00 AM,16.2,9.5,2.7,10,96.3,73.9,-69.78697,-0.48134327,2.868657,0,0,0,0,0,0,0,0,0,0,0,0,0,0,0,0,0,0,0,0,0,0,
..\..\..\files\weather\hourly\Oristano.csv,3/23/2014 12:00:00 AM,15.3,9.2,0.5,7,98,80.7,-67.48451,-0.7475412,2.302459,0,0,0,0,0,0,0,0,0,0,0,0,0,0,0,0,0,0,0,0,0,0,
..\..\..\files\weather\hourly\Oristano.csv,3/24/2014 12:00:00 AM,12.5,8.1,17.9,21,93.8,66.3,-66.774284,-1.4897726,0.7102273,0,0,0,0,0,0,1,0,0,0,0,1,0,0,1,0,0,0,0,1,0,0,
..\..\..\files\weather\hourly\Oristano.csv,3/25/2014 12:00:00 AM,12.2,8.3,2.6,8,80.2,55.5,-66.15377,-1.3294871,0.6205128,0,0,0,0,0,0,1,0,0,0,1,1,0,0,1,0,0,0,1,1,0,0,
..\..\..\files\weather\hourly\Oristano.csv,3/26/2014 12:00:00 AM,11.3,7.2,15.4,17,91.7,75.6,-65.94767,-1.8439026,0.2060976,0,0,0,0,0,0,0,0,0,0,0,1,0,0,0,0,0,0,0,1,0,0,
..\..\..\files\weather\hourly\Oristano.csv,3/27/2014 12:00:00 AM,11.2,6.1,10.9,14,94.4,83.6,-65.806496,-2.4088233,0.14117643,0,0,0,0,0,0,0,0,0,0,0,1,0,0,0,0,0,0,0,1,0,0,
..\..\..\files\weather\hourly\Oristano.csv,3/28/2014 12:00:00 AM,10.9,5.7,7,15,91.4,78.4,-65.728615,-2.522115,0.07788455,0,0,0,0,0,0,0,0,0,0,0,0,0,0,0,0,0,0,0,0,0,0,
..\..\..\files\weather\hourly\Oristano.csv,3/29/2014 12:00:00 AM,16,7.8,0,0,88.2,55.7,-63.533493,-1.9048774,2.195122,0,0,0,0,0,0,0,0,0,0,0,0,0,0,0,0,0,0,0,0,0,0,
..\..\..\files\weather\hourly\Oristano.csv,3/30/2014 12:00:00 AM,18,7.4,0,0,88.4,56.6,-60.514626,-2.281132,3.0188677,0,0,0,0,0,0,0,0,0,0,0,0,0,0,0,0,0,0,0,0,0,0,
..\..\..\files\weather\hourly\Oristano.csv,3/31/2014 12:00:00 AM,17.3,10.1,0,0,86.3,55,-56.814625,0,3.6999998,0,0,0,0,0,0,0,0,0,0,0,0,0,0,0,0,0,0,0,0,0,0,
..\..\..\files\weather\hourly\Oristano.csv,4/1/2014 12:00:00 AM,16.2,8.8,0,6,95.6,67.8,-54.217327,-1.1027021,2.5972977,0,0,0,0,0,0,0,0,0,0,0,0,0,0,0,0,0,0,0,0,0,0,
..\..\..\files\weather\hourly\Oristano.csv,4/2/2014 12:00:00 AM,15.6,8.3,0,5,95.3,71.3,-52.06938,-1.5020552,2.1479454,0,0,0,0,0,0,0,0,0,0,0,0,0,0,0,0,0,0,0,0,0,0,
..\..\..\files\weather\hourly\Oristano.csv,4/3/2014 12:00:00 AM,19.7,9.9,0,0,89.9,52.4,-47.26887,-0.099490166,4.8005104,0,0,0,0,0,0,0,0,0,0,0,0,0,0,0,0,0,0,0,0,0,0,
..\..\..\files\weather\hourly\Oristano.csv,4/4/2014 12:00:00 AM,20.2,12.2,14.3,9,93.5,55.8,-41.06887,0,6.200001,0,0,0,0,0,0,1,0,0,0,0,1,1,0,1,0,0,0,0,1,1,0,
..\..\..\files\weather\hourly\Oristano.csv,4/5/2014 12:00:00 AM,14.7,11.3,9.4,20,95.2,81.2,-38.06887,0,3,0,0,0,0,0,0,1,0,1,0,1,0,0,0,1,0,1,0,1,0,0,0,
..\..\..\files\weather\hourly\Oristano.csv,4/6/2014 12:00:00 AM,15.9,10.2,4.8,22,94.4,81.9,-35.01887,0,3.0499992,0,0,0,0,0,0,0,0,1,0,1,0,0,0,0,0,1,0,1,0,0,0,
..\..\..\files\weather\hourly\Oristano.csv,4/7/2014 12:00:00 AM,17.8,9,0,4,94.7,67.2,-31.562054,-0.94318175,3.4568179,0,0,0,0,0,0,0,0,0,0,0,0,0,0,0,0,0,0,0,0,0,0,
..\..\..\files\weather\hourly\Oristano.csv,4/8/2014 12:00:00 AM,18.9,9.7,0,7,91.7,67.6,-27.257162,-0.29510832,4.304891,0,0,0,0,0,0,0,0,0,0,0,0,0,0,0,0,0,0,0,0,0,0,
..\..\..\files\weather\hourly\Oristano.csv,4/9/2014 12:00:00 AM,18.1,9.7,0,9,94.5,65,-23.351805,-0.29464245,3.9053574,0,0,0,0,0,0,0,0,0,0,0,0,0,0,0,0,0,0,0,0,0,0,
..\..\..\files\weather\hourly\Oristano.csv,4/10/2014 12:00:00 AM,16.2,8.4,0,7,95.1,64.5,-20.887703,-1.4358978,2.4641027,0,0,0,0,0,0,0,0,0,0,0,0,0,0,0,0,0,0,0,0,0,0,
..\..\..\files\weather\hourly\Oristano.csv,4/11/2014 12:00:00 AM,17,7,0,7,95.4,67.6,-18.437702,-2.55,2.45,0,0,0,0,0,0,0,0,0,0,0,0,0,0,0,0,0,0,0,0,0,0,
..\..\..\files\weather\hourly\Oristano.csv,4/12/2014 12:00:00 AM,16.6,10,0.1,11,94.7,70.6,-15.137702,-0,3.3000002,0,0,0,0,0,0,0,0,0,0,0,0,0,0,0,0,0,0,0,0,0,0,
..\..\..\files\weather\hourly\Oristano.csv,4/13/2014 12:00:00 AM,18,11.2,4,14,96,73.5,-10.537702,0,4.6000004,0,0,0,0,0,0,0,0,1,0,0,0,0,0,0,0,1,0,0,0,0,0,
..\..\..\files\weather\hourly\Oristano.csv,4/14/2014 12:00:00 AM,17.2,10.1,0,7,96.1,76,-6.887701,0,3.6500006,0,0,0,0,0,0,0,0,0,0,0,0,0,0,0,0,0,0,0,0,0,0,
..\..\..\files\weather\hourly\Oristano.csv,4/15/2014 12:00:00 AM,18,10.2,0,8,97,71.6,-2.7877007,0,4.1000004,0,0,0,0,0,0,0,0,0,0,0,0,0,0,0,0,0,0,0,0,0,0,
..\..\..\files\weather\hourly\Oristano.csv,4/16/2014 12:00:00 AM,17,10,0,4,95.8,69.4,0,-0,3.5,6.3639345,6.3639345,0.23570128,10.294626,10,1.9102763,0,0,0,0,0,0,0,0,0,0,0,0,0,0,0,0,
..\..\..\files\weather\hourly\Oristano.csv,4/17/2014 12:00:00 AM,16.8,7.6,0,0,80.6,41.8,0,-2.0869567,2.5130432,4.3963056,10.760241,0.3985274,10.498159,10,2.0797176,0,0,0,0,0,0,0,0,0,0,0,0,0,0,0,0,
..\..\..\files\weather\hourly\Oristano.csv,4/18/2014 12:00:00 AM,16.3,6.7,0,0,79.6,39.8,0,-2.7328131,2.067187,3.181883,13.942123,0.51637495,10.645469,10,2.2023528,0,0,0,0,0,0,0,0,0,0,0,0,0,0,0,0,
..\..\..\files\weather\hourly\Oristano.csv,4/19/2014 12:00:00 AM,15.8,7,0.2,4,92.2,58.2,0,-2.488636,1.9113637,2.9982643,16.940388,0.6274218,10.784277,10,2.3179104,0,0,0,0,0,1,0,0,0,0,0,0,0,1,0,0,
..\..\..\files\weather\hourly\Oristano.csv,4/20/2014 12:00:00 AM,17.3,8.7,0.3,6,91.3,55.2,0,-1.2017448,3.0982554,5.6482363,22.588623,0.8366156,11.022884,11,2.5165513,0,0,0,0,0,0,0,0,0,0,0,0,0,1,0,0,
..\..\..\files\weather\hourly\Oristano.csv,4/21/2014 12:00:00 AM,18.3,8.6,0.6,6,94.1,47.1,0,-1.2989688,3.5510306,6.2945724,28.883196,1.069748,11.168592,11,2.6378531,0,0,0,0,0,0,0,0,0,0,0,0,0,1,0,0,
..\..\..\files\weather\hourly\Oristano.csv,4/22/2014 12:00:00 AM,18.3,12.8,1.1,11,95.1,73.2,0,0,5.549999,8.811094,37.69429,1.3960849,11.372553,11,2.80765,0,0,0,0,0,0,0,0,0,0,0,0,0,1,0,0,
..\..\..\files\weather\hourly\Oristano.csv,4/23/2014 12:00:00 AM,18.1,12,2.5,15,97.2,75.8,0,0,5.05,8.283341,45.97763,1.7028753,12.042865,12,3.4253027,0,0,0,0,0,1,0,0,0,0,0,0,0,2,0,0,
..\..\..\files\weather\hourly\Oristano.csv,4/24/2014 12:00:00 AM,18.5,11.4,0,3,96.6,69,0,0,4.95,8.172577,54.150208,2.0055633,12.168984,12,3.7057085,0,0,0,0,0,0,0,0,0,0,0,0,0,2,0,0,
..\..\..\files\weather\hourly\Oristano.csv,4/25/2014 12:00:00 AM,18.5,11.3,0,6,95.3,74.6,0,0,4.8999996,8.116535,62.266743,2.3061757,12.29424,12,3.9841936,0,0,0,0,0,0,0,0,0,0,0,0,0,2,0,0,
..\..\..\files\weather\hourly\Oristano.csv,4/26/2014 12:00:00 AM,17.1,9.6,5.1,10,95.9,60.9,0,-0.389333,3.360667,6.1543937,68.421135,2.534116,13.041911,13,5.646516,0,0,1,1,0,1,0,0,0,0,1,1,0,3,0,0,
..\..\..\files\weather\hourly\Oristano.csv,4/27/2014 12:00:00 AM,17.8,11.6,0.70000005,4,91.7,70.9,0,0,4.7,7.8879585,76.3091,2.8262627,13.133207,13,5.849498,0,0,0,1,0,0,0,0,0,0,1,2,0,3,0,0,
..\..\..\files\weather\hourly\Oristano.csv,4/28/2014 12:00:00 AM,15.3,12.4,7.9,10,90.9,65.5,0,0,3.8500004,6.8360662,83.145164,3.0794506,13.212328,13,6.0254087,0,0,1,1,0,0,1,0,0,0,2,3,0,3,1,0,
..\..\..\files\weather\hourly\Oristano.csv,4/29/2014 12:00:00 AM,15.9,12.8,0,0,77,62.7,0,0,4.3500004,7.4707704,90.61594,3.3561456,14.039037,14,7.863458,0,0,0,0,0,0,0,0,0,0,2,3,0,3,1,0,
..\..\..\files\weather\hourly\Oristano.csv,4/30/2014 12:00:00 AM,16.2,11.7,0,4,89.8,64.7,0,0,3.9500008,6.966711,97.58265,3.6141725,14.103543,14,8.006878,0,0,0,0,0,0,0,0,0,0,2,3,0,3,1,0,
..\..\..\files\weather\hourly\Oristano.csv,5/1/2014 12:00:00 AM,17.6,11.4,0.1,5,89.6,68.6,0,0,4.5,7.652262,105.23491,3.897589,14.174397,14,8.16441,0,0,0,0,0,0,0,0,0,0,2,3,0,3,1,0,
..\..\..\files\weather\hourly\Oristano.csv,5/2/2014 12:00:00 AM,16.8,12.6,0,0,90.1,65,0,0,4.7,7.8879585,113.12286,4.1897354,22.001312,22,19.212254,0,0,0,0,0,0,0,0,0,0,2,3,0,3,1,0,
..\..\..\files\weather\hourly\Oristano.csv,5/3/2014 12:00:00 AM,14.7,10.9,9.1,17,93.4,77.2,0,0,2.7999992,5.347918,118.47078,4.387807,29.004412,29,28.426857,0,0,1,1,0,1,0,0,0,0,3,4,0,4,1,0,
..\..\..\files\weather\hourly\Oristano.csv,5/4/2014 12:00:00 AM,16.2,10.1,6.7000003,17,94.3,77.3,0,0,3.1500006,5.868148,124.33893,4.6051455,37.005688,37,38.954853,1,0,1,1,0,1,1,0,1,0,4,5,0,5,2,0,
..\..\..\files\weather\hourly\Oristano.csv,5/5/2014 12:00:00 AM,18.7,10.2,0.7,10,98.5,68.4,0,0,4.450001,7.592218,131.93115,4.8863387,48.003662,48,53.425873,0,0,0,1,0,1,0,0,1,0,4,6,0,6,2,0,
..\..\..\files\weather\hourly\Oristano.csv,5/6/2014 12:00:00 AM,19.5,9.2,0,0,95.6,50.8,0,-0.7689328,4.3810678,7.4707704,139.40192,5.163034,53.024456,53,60.12228,0,0,0,0,0,0,0,0,1,0,4,6,0,6,2,0,
..\..\..\files\weather\hourly\Oristano.csv,5/7/2014 12:00:00 AM,19,9.2,0,5,94.6,57.9,0,-0.7673478,4.1326528,7.1591845,146.5611,5.428189,53.064228,53,60.32114,0,0,0,0,0,0,0,0,1,0,4,6,0,6,2,0,
..\..\..\files\weather\hourly\Oristano.csv,5/8/2014 12:00:00 AM,20.8,10.3,0,0,92.3,44.7,0,0,5.549999,8.811094,155.3722,5.7545257,53.11318,53,60.56589,0,0,0,0,0,0,0,0,1,0,4,6,0,6,2,0,
..\..\..\files\weather\hourly\Oristano.csv,5/9/2014 12:00:00 AM,19.7,10.6,0,5,97.6,62.9,0,0,5.1500006,8.392356,163.76454,6.0653534,53.1598,53,60.799007,0,0,0,0,0,0,0,0,1,0,4,6,0,6,2,0,
..\..\..\files\weather\hourly\Oristano.csv,5/10/2014 12:00:00 AM,19.7,11.2,0,7,96.9,59.8,0,0,5.450001,8.708994,172.47354,6.387909,53.208187,53,61.040936,0,0,0,0,0,0,0,0,1,0,4,6,0,6,2,0,
..\..\..\files\weather\hourly\Oristano.csv,5/11/2014 12:00:00 AM,20.5,12.7,0,10,97.2,71.2,0,0,6.6000004,9.781162,182.2547,6.750174,54.01002,54,65.05011,0,0,0,0,0,0,0,0,1,0,4,6,0,6,2,0,
..\..\..\files\weather\hourly\Oristano.csv,5/12/2014 12:00:00 AM,21.6,13.8,1,12,96.9,67.8,0,0,7.700001,10.602684,192.85739,7.1428666,54.057144,54,65.28572,0,0,0,1,0,0,0,0,1,0,4,7,0,6,2,0,
..\..\..\files\weather\hourly\Oristano.csv,5/13/2014 12:00:00 AM,20.2,13.1,0,0,85.3,48.2,0,0,6.6500015,9.82278,202.68018,7.506673,54.1008,54,65.504,0,0,0,0,0,0,0,0,1,0,4,7,0,6,2,0,
..\..\..\files\weather\hourly\Oristano.csv,5/14/2014 12:00:00 AM,18.6,12.3,0,0,83.6,56.7,0,0,5.450001,8.708994,211.38918,7.829229,54.139507,54,65.69754,0,0,0,0,0,0,0,0,1,0,4,7,0,6,2,0,
..\..\..\files\weather\hourly\Oristano.csv,5/15/2014 12:00:00 AM,18,11.3,0.1,1,88.8,58.6,0,0,4.6499996,7.829705,219.21889,8.119218,54.174305,54,65.87152,0,0,0,0,0,0,0,0,1,0,4,7,0,6,2,0,
..\..\..\files\weather\hourly\Oristano.csv,5/16/2014 12:00:00 AM,19.6,9.2,0.2,1,96.1,47.4,0,-0.76923084,4.430769,7.531719,226.75061,8.39817,55.006485,55,70.032425,0,0,0,0,0,0,0,0,1,0,4,7,0,6,2,0,
..\..\..\files\weather\hourly\Oristano.csv,5/17/2014 12:00:00 AM,18.9,9.7,0,0,83.9,48.9,0,-0.29510832,4.304891,7.4093647,234.15997,8.672591,55.033924,55,70.16962,0,0,0,0,0,0,0,0,1,0,4,7,0,6,2,0,
..\..\..\files\weather\hourly\Oristano.csv,5/18/2014 12:00:00 AM,18.7,9.6,0,0,88.6,43.4,0,-0.39120865,4.1587915,7.222418,241.38239,8.940088,55.060677,55,70.30338,0,0,0,0,0,0,0,0,1,0,4,7,0,6,2,0,
..\..\..\files\weather\hourly\Oristano.csv,5/19/2014 12:00:00 AM,21.2,9.4,1.5,3,85.3,56.6,0,-0.5847459,5.3152547,8.55262,249.935,9.256851,55.09235,55,70.46175,0,0,0,1,0,0,0,0,1,0,4,8,0,6,2,0,
..\..\..\files\weather\hourly\Oristano.csv,5/20/2014 12:00:00 AM,20.4,14.8,6.3,17,93.4,67.2,0,0,7.6000004,10.536068,260.47107,9.647077,55.131374,55,70.656876,0,0,1,1,0,1,0,1,1,0,5,9,0,7,2,1,
..\..\..\files\weather\hourly\Oristano.csv,5/21/2014 12:00:00 AM,24.3,13.8,0,1,93.5,52.4,0,0,9.049999,11.347273,271.81833,10.067346,56.00577,56,75.028854,0,0,0,0,0,0,0,0,1,0,5,9,0,7,2,1,
..\..\..\files\weather\hourly\Oristano.csv,5/22/2014 12:00:00 AM,26.4,15.8,0,0,84.2,47.8,0,0,11.1,11.939852,283.75818,10.5095625,56.04368,56,75.21839,0,0,0,0,0,0,0,0,1,0,5,9,0,7,2,1,
..\..\..\files\weather\hourly\Oristano.csv,5/23/2014 12:00:00 AM,21.7,15.7,3.6,13,95.2,71.6,0,0,8.700001,11.181672,294.93985,10.923697,56.079174,56,75.395874,0,0,1,1,0,1,0,0,1,0,6,10,0,8,2,1,
..\..\..\files\weather\hourly\Oristano.csv,5/24/2014 12:00:00 AM,20.2,13,1.2,4,95.2,65.4,0,0,6.6000004,9.781162,304.721,11.285963,56.110226,56,75.55113,0,0,0,0,0,0,0,0,1,0,6,10,0,8,2,1,
..\..\..\files\weather\hourly\Oristano.csv,5/25/2014 12:00:00 AM,23.2,11.7,0,0,88.8,36.3,0,0,7.450001,10.43314,315.15414,11.672376,57.000427,57,80.00214,0,0,0,0,0,0,0,0,1,0,6,10,0,8,2,1,
..\..\..\files\weather\hourly\Oristano.csv,5/26/2014 12:00:00 AM,21.3,13.3,1.6,8,91.7,60.1,0,0,7.299999,10.326597,325.48074,12.054843,57.029114,57,80.14557,0,0,0,0,0,0,0,0,1,0,6,10,0,8,2,1,
..\..\..\files\weather\hourly\Oristano.csv,5/27/2014 12:00:00 AM,20,13.2,0,0,92.7,64.2,0,0,6.6000004,9.781162,335.2619,12.417108,57.056282,57,80.28141,0,0,0,0,0,0,0,0,1,0,6,10,0,8,2,1,
..\..\..\files\weather\hourly\Oristano.csv,5/28/2014 12:00:00 AM,19,13,0,0,88.4,52.7,0,0,6,9.249487,344.51138,12.759681,57.081978,57,80.40989,0,0,0,0,0,0,0,0,1,0,6,10,0,8,2,1,
..\..\..\files\weather\hourly\Oristano.csv,5/29/2014 12:00:00 AM,19.1,12.6,1.1,8,91.5,59.9,0,0,5.8500004,9.107166,353.61856,13.096984,57.107273,57,80.53636,0,0,0,0,0,1,0,0,1,0,6,10,0,9,2,1,
..\..\..\files\weather\hourly\Oristano.csv,5/30/2014 12:00:00 AM,19.7,13.7,0.2,3,92.3,65.3,0,0,6.700001,9.863982,363.48254,13.4623165,58.0086,58,85.04299,0,0,0,0,0,0,0,0,1,0,6,10,0,9,2,1,
..\..\..\files\weather\hourly\Oristano.csv,5/31/2014 12:00:00 AM,19.8,14.3,0.6,3,90.3,64.6,0,0,7.049999,10.140954,373.6235,13.837908,58.033638,58,85.16819,0,0,0,1,0,1,0,0,1,0,6,11,0,10,2,1,
..\..\..\files\weather\hourly\Oristano.csv,6/1/2014 12:00:00 AM,19.3,13.3,0.4,5,93.4,73.1,0,0,6.299999,9.522806,383.1463,14.190604,58.05715,58,85.28576,0,0,0,1,0,0,0,0,1,0,6,12,0,10,2,1,
..\..\..\files\weather\hourly\Oristano.csv,6/2/2014 12:00:00 AM,22.4,11.9,0,0,96.6,49.2,0,0,7.1499996,10.216426,393.36273,14.568991,58.08238,58,85.411896,0,0,0,0,0,0,0,0,1,0,6,12,0,10,2,1,
..\..\..\files\weather\hourly\Oristano.csv,6/3/2014 12:00:00 AM,23.5,12.2,0,0,85.1,38.9,0,0,7.8500004,10.699617,404.06235,14.965272,58.108795,58,85.543976,0,0,0,0,0,0,0,0,1,0,6,12,0,10,2,1,
..\..\..\files\weather\hourly\Oristano.csv,6/4/2014 12:00:00 AM,20.6,12.2,0,0,89.3,56.3,0,0,6.3999996,9.61058,413.6729,15.3212185,59.01927,59,90.09636,0,0,0,0,0,0,0,0,1,0,6,12,0,10,2,1,
..\..\..\files\weather\hourly\Oristano.csv,6/5/2014 12:00:00 AM,21.4,13.7,0,3,92.9,55.9,0,0,7.549999,10.502159,424.17508,15.710189,59.04261,59,90.21305,0,0,0,0,0,0,0,0,1,0,6,12,0,10,2,1,
..\..\..\files\weather\hourly\Oristano.csv,6/6/2014 12:00:00 AM,24.4,12.7,0,0,95.6,41.5,0,0,8.549999,11.104855,435.27994,16.121479,59.067287,59,90.33644,0,0,0,0,0,0,0,0,1,0,6,12,0,10,2,1,
..\..\..\files\weather\hourly\Oristano.csv,6/7/2014 12:00:00 AM,28.4,14.8,0,0,79,32,0,0,11.6,11.988146,447.2681,16.565485,59.09393,59,90.46965,0,0,0,0,0,0,0,0,1,0,6,12,0,10,2,1,
..\..\..\files\weather\hourly\Oristano.csv,6/8/2014 12:00:00 AM,28,17,0,0,77.5,36.9,0,0,12.5,11.981547,459.24963,17.009247,60.018684,60,95.09342,0,0,0,0,0,0,0,0,1,0,6,12,0,10,2,1,
..\..\..\files\weather\hourly\Oristano.csv,6/9/2014 12:00:00 AM,28.7,16.9,0,0,81.5,42,0,0,12.799999,11.952821,471.20245,17.451944,60.04283,60,95.21416,0,0,0,0,0,0,0,0,1,0,6,12,0,10,2,1,
..\..\..\files\weather\hourly\Oristano.csv,6/10/2014 12:00:00 AM,27.7,16.6,0,0,88.8,41.7,0,0,12.150002,11.998338,483.2008,17.896326,60.067074,60,95.33537,0,0,0,0,0,0,0,0,1,0,6,12,0,10,2,1,
..\..\..\files\weather\hourly\Oristano.csv,6/11/2014 12:00:00 AM,28.8,17.8,0,0,80.6,38,0,0,13.299999,11.875666,495.07648,18.336166,61.00014,61,100,0,0,0,0,0,0,0,0,1,0,6,12,0,10,2,1,
..\..\..\files\weather\hourly\Oristano.csv,6/12/2014 12:00:00 AM,27.6,18.5,0.5,1,81.9,43.7,0,0,13.049999,11.918808,506.9953,18.777605,61.022213,61,100,0,0,0,0,0,1,0,0,1,0,6,12,0,11,2,1,
..\..\..\files\weather\hourly\Oristano.csv,6/13/2014 12:00:00 AM,28.8,18,0,0,85.7,40.7,0,0,13.4,11.855859,518.85114,19.21671,61.04417,61,100,0,0,0,0,0,0,0,0,1,0,6,12,0,11,2,1,
..\..\..\files\weather\hourly\Oristano.csv,6/14/2014 12:00:00 AM,27.6,17.8,0,5,95.9,47.6,0,0,12.700001,11.963863,530.815,19.659815,61.066322,61,100,0,0,0,0,0,0,0,0,1,0,6,12,0,11,2,1,
..\..\..\files\weather\hourly\Oristano.csv,6/15/2014 12:00:00 AM,26,20.5,0.6,2,92.4,67.3,0,0,13.25,11.885023,542.7,20.1,71.00403,71,89.96979,0,0,0,0,0,0,0,0,1,0,6,12,0,11,2,1,
..\..\..\files\weather\hourly\Oristano.csv,6/16/2014 12:00:00 AM,24.9,18.9,0.5,3,89.4,56,0,0,11.9,11.99926,554.6993,20.544416,71.02192,71,89.8356,0,0,0,0,0,0,0,0,1,0,6,12,0,11,2,1,
..\..\..\files\weather\hourly\Oristano.csv,6/17/2014 12:00:00 AM,21.6,16.5,3.3,12,91.3,70.6,0,0,9.049999,11.347273,566.0466,20.964687,71.03885,71,89.70863,0,0,1,0,0,0,0,1,1,0,7,12,0,11,2,2,
..\..\..\files\weather\hourly\Oristano.csv,6/18/2014 12:00:00 AM,23,16,0.5,4,92.3,61.6,0,0,9.5,11.532312,577.57886,21.39181,71.056046,71,89.57966,0,0,0,0,0,0,0,0,1,0,7,12,0,11,2,2,
..\..\..\files\weather\hourly\Oristano.csv,6/19/2014 12:00:00 AM,22.3,15.9,1.8,4,88.4,59.1,0,0,9.099998,11.369377,588.94824,21.812899,71.073006,71,89.45245,0,0,0,0,0,0,0,0,1,0,7,12,0,11,2,2,
..\..\..\files\weather\hourly\Oristano.csv,6/20/2014 12:00:00 AM,22.7,15.3,0,0,88.4,58.7,0,0,9,11.324781,600.273,22.232334,71.08989,71,89.32583,0,0,0,0,0,0,0,0,1,0,7,12,0,11,2,2,
..\..\..\files\weather\hourly\Oristano.csv,6/21/2014 12:00:00 AM,25,15.7,0,0,89.1,48.5,0,0,10.35,11.797127,612.0701,22.669264,71.10749,71,89.19382,0,0,0,0,0,0,0,0,1,0,7,12,0,11,2,2,
..\..\..\files\weather\hourly\Oristano.csv,6/22/2014 12:00:00 AM,26.9,15.1,0,0,89.6,38.9,0,0,11,11.925709,623.99585,23.110958,71.125275,71,89.06044,0,0,0,0,0,0,0,0,1,0,7,12,0,11,2,2,
..\..\..\files\weather\hourly\Oristano.csv,6/23/2014 12:00:00 AM,28.1,17.7,0,0,80.6,36.9,0,0,12.900002,11.940311,635.93616,23.55319,71.14308,71,88.92689,0,0,0,0,0,0,0,0,1,0,7,12,0,11,2,2,
..\..\..\files\weather\hourly\Oristano.csv,6/24/2014 12:00:00 AM,33.1,19.5,0.2,1,67.1,27.9,0,0,16.3,10.65448,646.59064,23.947802,71.15897,71,88.80769,0,0,0,0,0,0,0,0,1,0,7,12,0,11,2,2,
..\..\..\files\weather\hourly\Oristano.csv,6/25/2014 12:00:00 AM,27,20.5,0,2,96.3,53.2,0,0,13.75,11.775086,658.3657,24.383917,71.17654,71,88.67598,0,0,0,0,0,0,0,0,1,0,7,12,0,11,2,2,
..\..\..\files\weather\hourly\Oristano.csv,6/26/2014 12:00:00 AM,25.1,19.6,0.8,5,95.8,59.5,0,0,12.35,11.9909525,670.3567,24.828026,71.19442,71,88.541855,0,0,0,0,0,0,0,0,1,0,7,12,0,11,2,2,
..\..\..\files\weather\hourly\Oristano.csv,6/27/2014 12:00:00 AM,23.8,18.8,2.6000001,6,89.7,73.6,0,0,11.299999,11.963646,682.3203,25.271124,72.014755,72,82.389336,0,0,0,1,0,0,0,0,1,0,7,13,0,11,2,2,
..\..\..\files\weather\hourly\Oristano.csv,6/28/2014 12:00:00 AM,24.9,17.9,0,2,90.2,58.2,0,0,11.4,11.973303,694.29364,25.714579,72.0297,72,82.27724,0,0,0,0,0,0,0,0,1,0,7,13,0,11,2,2,
..\..\..\files\weather\hourly\Oristano.csv,6/29/2014 12:00:00 AM,28.2,17.1,0,0,88.9,42.8,0,0,12.650002,11.968834,706.26245,26.157867,72.04465,72,82.165146,0,0,0,0,0,0,0,0,1,0,7,13,0,11,2,2,
..\..\..\files\weather\hourly\Oristano.csv,6/30/2014 12:00:00 AM,28.2,19,0.1,1,87.1,45.6,0,0,13.6,11.81188,718.07434,26.595345,72.059395,72,82.054535,0,0,0,0,0,0,0,0,1,0,7,13,0,11,2,2,
..\..\..\files\weather\hourly\Oristano.csv,7/1/2014 12:00:00 AM,23.3,16.9,0,0,79.9,50.1,0,0,10.099998,11.730667,729.805,27.029816,72.074036,72,81.94473,0,0,0,0,0,0,0,0,1,0,7,13,0,11,2,2,
..\..\..\files\weather\hourly\Oristano.csv,7/2/2014 12:00:00 AM,24.7,15.8,0,0,84.5,51.7,0,0,10.25,11.771682,741.57666,27.465803,72.08874,72,81.83447,0,0,0,0,0,0,0,0,1,0,7,13,0,11,2,2,
..\..\..\files\weather\hourly\Oristano.csv,7/3/2014 12:00:00 AM,29,16.7,0,0,85,38.8,0,0,12.85,11.946749,753.52344,27.908274,72.10365,72,81.7226,0,0,0,0,0,0,0,0,1,0,7,13,0,11,2,2,
..\..\..\files\weather\hourly\Oristano.csv,7/4/2014 12:00:00 AM,32.4,21.1,0,0,75.7,36.4,0,0,16.75,10.360586,763.88403,28.292,72.116585,72,81.62561,0,0,0,0,0,0,0,0,1,0,7,13,0,11,2,2,
..\..\..\files\weather\hourly\Oristano.csv,7/5/2014 12:00:00 AM,27.5,19.9,0,5,95.5,45.2,0,0,13.700001,11.787713,775.67175,28.728584,72.1313,72,81.515236,0,0,0,0,0,0,0,0,1,0,7,13,0,11,2,2,
..\..\..\files\weather\hourly\Oristano.csv,7/6/2014 12:00:00 AM,26.4,19.2,0,2,95.5,54.1,0,0,12.799999,11.952821,787.6246,29.17128,72.146225,72,81.40331,0,0,0,0,0,0,0,0,1,0,7,13,0,11,2,2,
..\..\..\files\weather\hourly\Oristano.csv,7/7/2014 12:00:00 AM,28.4,18.6,0,0,87.4,41.6,0,0,13.5,11.834596,799.45917,29.6096,72.160995,72,81.292534,0,0,0,0,0,0,0,0,1,0,7,13,0,11,2,2,
..\..\..\files\weather\hourly\Oristano.csv,7/8/2014 12:00:00 AM,28.7,19.5,1.1,6,93.2,47.9,0,0,14.1,11.676556,811.13574,30.042065,77.00107,77,39.99466,0,0,0,0,0,0,0,0,1,0,7,13,0,11,2,2,
..\..\..\files\weather\hourly\Oristano.csv,7/9/2014 12:00:00 AM,23.8,19.9,0.1,1,89.9,53.4,0,0,11.849998,11.998336,823.1341,30.486446,77.01239,77,39.93805,0,0,0,0,0,0,0,0,1,0,7,13,0,11,2,2,
..\..\..\files\weather\hourly\Oristano.csv,7/10/2014 12:00:00 AM,23.7,19.4,0,0,73.7,48.3,0,0,11.549999,11.984993,835.1191,30.930338,77.023705,77,39.881477,0,0,0,0,0,0,0,0,1,0,7,13,0,11,2,2,
..\..\..\files\weather\hourly\Oristano.csv,7/11/2014 12:00:00 AM,21.6,19.5,1.4,10,73.1,58.5,0,0,10.549999,11.843475,846.9625,31.368982,77.03488,77,39.825592,0,0,0,0,0,0,0,1,1,0,7,13,0,11,2,3,
..\..\..\files\weather\hourly\Oristano.csv,7/12/2014 12:00:00 AM,21.4,19,2.8,16,86.8,71.8,0,0,10.200001,11.75839,858.7209,31.804478,77.045975,77,39.770126,0,0,0,0,0,0,0,1,1,0,7,13,0,11,2,4,
..\..\..\files\weather\hourly\Oristano.csv,7/13/2014 12:00:00 AM,23.1,18.6,0,0,83.6,59.9,0,0,10.85,11.901682,870.62256,32.24528,77.057205,77,39.713974,0,0,0,0,0,0,0,0,1,0,7,13,0,11,2,4,
..\..\..\files\weather\hourly\Oristano.csv,7/14/2014 12:00:00 AM,22.9,18.1,1.4000001,6,89.4,64.5,0,0,10.5,11.832455,882.455,32.683517,77.06837,77,39.658165,0,0,0,0,0,0,0,0,1,0,7,13,0,11,2,4,
..\..\..\files\weather\hourly\Oristano.csv,7/15/2014 12:00:00 AM,23.4,17.9,0.8,4,92.1,62.6,0,0,10.65,11.864385,894.3194,33.12294,77.07957,77,39.602165,0,0,0,0,0,0,0,0,1,0,7,13,0,11,2,4,
..\..\..\files\weather\hourly\Oristano.csv,7/16/2014 12:00:00 AM,24.7,17.9,0,4,95.5,63.6,0,0,11.299999,11.963646,906.283,33.566036,77.09085,77,39.545746,0,0,0,0,0,0,0,0,1,0,7,13,0,11,2,4,
..\..\..\files\weather\hourly\Oristano.csv,7/17/2014 12:00:00 AM,27.2,17,0,0,96.1,51.9,0,0,12.1,11.99926,918.2823,34.010456,77.10218,77,39.489098,0,0,0,0,0,0,0,0,1,0,7,13,0,11,2,4,
..\..\..\files\weather\hourly\Oristano.csv,7/18/2014 12:00:00 AM,27.9,18,0,0,86.7,50.8,0,0,12.950001,11.933511,930.2158,34.45244,77.11344,77,39.432793,0,0,0,0,0,0,0,0,1,0,7,13,0,11,2,4,
..\..\..\files\weather\hourly\Oristano.csv,7/19/2014 12:00:00 AM,30.1,18,0,0,80.9,37.9,0,0,14.049999,11.691715,941.90753,34.885464,77.12447,77,39.377632,0,1,0,0,0,0,0,0,1,1,7,13,0,11,2,4,
..\..\..\files\weather\hourly\Oristano.csv,7/20/2014 12:00:00 AM,31.1,19,0,0,68.1,36.9,0,0,15.049999,11.320105,953.22766,35.30473,77.135155,77,39.324226,0,0,0,0,0,0,0,0,1,1,7,13,0,11,2,4,
..\..\..\files\weather\hourly\Oristano.csv,7/21/2014 12:00:00 AM,31,22.3,0.5,3,96.7,28.3,0,0,16.65,10.428368,963.656,35.690964,77.14499,77,39.275055,0,0,0,0,0,0,0,0,1,1,7,13,0,11,2,4,
..\..\..\files\weather\hourly\Oristano.csv,7/22/2014 12:00:00 AM,24.2,20.9,2.8,13,92.2,58.8,0,0,12.549999,11.977676,975.63367,36.13458,77.156296,77,39.21852,0,0,0,0,0,0,0,1,1,1,7,13,0,11,2,5,
..\..\..\files\weather\hourly\Oristano.csv,7/23/2014 12:00:00 AM,23.4,19.9,2.6000001,13,92.7,72,0,0,11.65,11.990925,987.6246,36.57869,77.16761,77,39.16195,0,0,0,0,0,0,0,1,1,1,7,13,0,11,2,6,
..\..\..\files\weather\hourly\Oristano.csv,7/24/2014 12:00:00 AM,24.3,18.4,0,3,96.7,69.4,0,0,11.349998,11.968661,999.59326,37.021973,77.1789,77,39.10549,0,0,0,0,0,0,0,0,1,1,7,13,0,11,2,6,
..\..\..\files\weather\hourly\Oristano.csv,7/25/2014 12:00:00 AM,26.1,17.3,0,0,95.9,58.8,0,0,11.700001,11.993336,1011.5866,37.46617,77.19022,77,39.04888,0,0,0,0,0,0,0,0,1,1,7,13,0,11,2,6,
..\..\..\files\weather\hourly\Oristano.csv,7/26/2014 12:00:00 AM,28.7,19.1,0,0,86.1,49.7,0,0,13.900002,11.735027,1023.32166,37.900803,77.201294,77,38.99353,0,0,0,0,0,0,0,0,1,1,7,13,0,11,2,6,
..\..\..\files\weather\hourly\Oristano.csv,7/27/2014 12:00:00 AM,28.9,20.2,0,1,92.8,54.2,0,0,14.549999,11.523885,1034.8456,38.327614,77.212166,77,38.93917,0,0,0,0,0,0,0,0,1,1,7,13,0,11,2,6,
..\..\..\files\weather\hourly\Oristano.csv,7/28/2014 12:00:00 AM,26.5,19.9,0,3,91.3,56.2,0,0,13.200001,11.894016,1046.7396,38.768135,77.22339,77,38.883057,0,0,0,0,0,0,0,0,1,1,7,13,0,11,2,6,
..\..\..\files\weather\hourly\Oristano.csv,7/29/2014 12:00:00 AM,27,19.7,0,3,92.9,60.1,0,0,13.35,11.865945,1058.6056,39.207615,77.23459,77,38.827057,0,0,0,0,0,0,0,0,1,1,7,13,0,11,2,6,
..\..\..\files\weather\hourly\Oristano.csv,7/30/2014 12:00:00 AM,26.3,18.9,0.90000004,4,83,53.8,0,0,12.599998,11.97344,1070.579,39.651073,78.00827,78,34.95865,0,0,0,0,0,0,0,0,1,1,7,13,0,11,2,6,
..\..\..\files\weather\hourly\Oristano.csv,7/31/2014 12:00:00 AM,22.8,19.6,4.5,14,87.2,70.1,0,0,11.200001,11.9524975,1082.5315,40.093758,78.017395,78,34.913025,0,1,1,0,0,0,0,1,1,2,8,13,0,11,2,7,
..\..\..\files\weather\hourly\Oristano.csv,8/1/2014 12:00:00 AM,24.7,19.2,0,4,90.5,66.7,0,0,11.950001,11.999815,1094.5312,40.538197,78.02656,78,34.86721,0,0,0,0,0,0,0,0,1,2,8,13,0,11,2,7,
..\..\..\files\weather\hourly\Oristano.csv,8/2/2014 12:00:00 AM,26,18.2,0,1,92.7,64.8,0,0,12.1,11.99926,1106.5305,40.982613,78.03572,78,34.821396,0,0,0,0,0,0,0,0,1,2,8,13,0,11,2,7,
..\..\..\files\weather\hourly\Oristano.csv,8/3/2014 12:00:00 AM,28.5,18.7,7.9,7,89.9,43.3,0,0,13.6,11.81188,1118.3424,41.42009,78.04475,78,34.776268,0,1,1,0,0,0,0,0,1,3,9,13,0,11,2,7,
..\..\..\files\weather\hourly\Oristano.csv,8/4/2014 12:00:00 AM,27.2,19.6,3.5,9,93.7,60,0,0,13.400002,11.855858,1130.1982,41.859196,78.053795,78,34.731026,1,1,1,0,0,0,1,1,2,4,10,13,0,11,3,8,
..\..\..\files\weather\hourly\Oristano.csv,8/5/2014 12:00:00 AM,27.3,18.4,0,0,93.3,52.7,0,0,12.849998,11.946749,1142.145,42.301666,78.06292,78,34.685402,0,0,0,0,0,0,0,0,2,4,10,13,0,11,3,8,
..\..\..\files\weather\hourly\Oristano.csv,8/6/2014 12:00:00 AM,27,19.5,0,0,86.5,54.4,0,0,13.25,11.885023,1154.03,42.74185,78.072,78,34.640007,0,0,0,0,0,0,0,0,2,4,10,13,0,11,3,8,
..\..\..\files\weather\hourly\Oristano.csv,8/7/2014 12:00:00 AM,25.9,19.7,0,2,93.3,60.6,0,0,12.799999,11.952821,1165.9829,43.18455,78.08112,78,34.594383,0,0,0,0,0,0,0,0,2,4,10,13,0,11,3,8,
..\..\..\files\weather\hourly\Oristano.csv,8/8/2014 12:00:00 AM,26.3,19.4,0,2,92.5,63.4,0,0,12.849998,11.946749,1177.9297,43.627026,78.09025,78,34.54876,0,0,0,0,0,0,0,0,2,4,10,13,0,11,3,8,
..\..\..\files\weather\hourly\Oristano.csv,8/9/2014 12:00:00 AM,26.4,18.9,0,0,93.6,67.3,0,0,12.65,11.968836,1189.8986,44.07032,78.09939,78,34.50306,0,0,0,0,0,0,0,0,2,4,10,13,0,11,3,8,
..\..\..\files\weather\hourly\Oristano.csv,8/10/2014 12:00:00 AM,29.9,20.6,0,0,86.2,46.8,0,0,15.25,11.228566,1201.1271,44.48619,78.10796,78,34.460182,0,0,0,0,0,0,0,0,2,4,10,13,0,11,3,8,
..\..\..\files\weather\hourly\Oristano.csv,8/11/2014 12:00:00 AM,31.8,20.7,0,0,75.5,40.3,0,0,16.25,10.685367,1211.8125,44.881947,78.11612,78,34.419403,0,0,0,0,0,0,0,0,2,4,10,13,0,11,3,8,
..\..\..\files\weather\hourly\Oristano.csv,8/12/2014 12:00:00 AM,29,21.7,0,2,96.3,57.6,0,0,15.35,11.180653,1222.9932,45.296043,78.124664,78,34.37668,0,0,0,0,0,0,0,0,2,4,10,13,0,11,3,8,
..\..\..\files\weather\hourly\Oristano.csv,8/13/2014 12:00:00 AM,28.5,20.9,0,1,96.4,58.2,0,0,14.700001,11.466516,1234.4597,45.72073,78.133415,78,34.332924,0,0,0,0,0,0,0,0,2,4,10,13,0,11,3,8,
..\..\..\files\weather\hourly\Oristano.csv,8/14/2014 12:00:00 AM,26.9,20.2,0,1,93.9,66.9,0,0,13.549999,11.823421,1246.2831,46.158634,78.14245,78,34.287758,0,0,0,0,0,0,0,0,2,4,10,13,0,11,3,8,
..\..\..\files\weather\hourly\Oristano.csv,8/15/2014 12:00:00 AM,25.7,19.2,0,0,75.6,43.3,0,0,12.450001,11.98505,1258.2682,46.602528,78.151596,78,34.24202,0,0,0,0,0,0,0,0,2,4,10,13,0,11,3,8,
..\..\..\files\weather\hourly\Oristano.csv,8/16/2014 12:00:00 AM,25.9,19.2,0,0,76.9,46.7,0,0,12.549999,11.977676,1270.2458,47.046143,78.16074,78,34.19628,0,0,0,0,0,0,0,0,2,4,10,13,0,11,3,8,
..\..\..\files\weather\hourly\Oristano.csv,8/17/2014 12:00:00 AM,23.9,18.4,0,0,77.3,50.7,0,0,11.15,11.94636,1282.1923,47.4886,78.16987,78,34.150658,0,0,0,0,0,0,0,0,2,4,10,13,0,11,3,8,
..\..\..\files\weather\hourly\Oristano.csv,8/18/2014 12:00:00 AM,24.3,16.6,0,0,83.3,54.9,0,0,10.450001,11.821058,1294.0133,47.92642,78.178894,78,34.10553,0,0,0,0,0,0,0,0,2,4,10,13,0,11,3,8,
..\..\..\files\weather\hourly\Oristano.csv,8/19/2014 12:00:00 AM,26.2,15.2,0,0,85.2,43.3,0,0,10.700001,11.874272,1305.8876,48.366207,78.187965,78,34.060173,0,0,0,0,0,0,0,0,2,4,10,13,0,11,3,8,
..\..\..\files\weather\hourly\Oristano.csv,8/20/2014 12:00:00 AM,28.8,19,0,0,92.1,46.6,0,0,13.9,11.735028,1317.6226,48.800835,79.00521,79,29.973946,0,0,0,0,0,0,0,0,2,4,10,13,0,11,3,8,
..\..\..\files\weather\hourly\Oristano.csv,8/21/2014 12:00:00 AM,27.2,18.4,0,0,93.4,51.7,0,0,12.799999,11.952821,1329.5754,49.243534,79.01288,79,29.935608,0,0,0,0,0,0,0,0,2,4,10,13,0,11,3,8,
..\..\..\files\weather\hourly\Oristano.csv,8/22/2014 12:00:00 AM,27.1,19,0,0,88.5,48.3,0,0,13.049999,11.918808,1341.4943,49.68497,79.020515,79,29.897423,0,0,0,0,0,0,0,0,2,4,10,13,0,11,3,8,
..\..\..\files\weather\hourly\Oristano.csv,8/23/2014 12:00:00 AM,27.9,18.8,0,0,81.3,46.6,0,0,13.349998,11.865945,1353.3602,50.124454,79.02813,79,29.859352,0,0,0,0,0,0,0,0,2,4,10,13,0,11,3,8,
..\..\..\files\weather\hourly\Oristano.csv,8/24/2014 12:00:00 AM,26.6,18.3,0,0,82,54.1,0,0,12.450001,11.98505,1365.3453,50.568348,79.03581,79,29.820938,0,0,0,0,0,0,0,0,2,4,10,13,0,11,3,8,
..\..\..\files\weather\hourly\Oristano.csv,8/25/2014 12:00:00 AM,24.6,17.6,0,0,84.8,48.2,0,0,11.1,11.939852,1377.2852,51.01056,79.04347,79,29.782639,0,0,0,0,0,0,0,0,2,4,10,13,0,11,3,8,
..\..\..\files\weather\hourly\Oristano.csv,8/26/2014 12:00:00 AM,25.9,18.2,0,3,94.2,62.1,0,0,12.049999,11.999815,1389.2849,51.454998,79.05117,79,29.744148,0,0,0,0,0,0,0,0,2,4,10,13,0,11,3,8,
..\..\..\files\weather\hourly\Oristano.csv,8/27/2014 12:00:00 AM,28.1,17.3,0,0,95.4,42.7,0,0,12.700001,11.963863,1401.2488,51.898106,79.05884,79,29.70581,0,0,0,0,0,0,0,0,2,4,10,13,0,11,3,8,
..\..\..\files\weather\hourly\Oristano.csv,8/28/2014 12:00:00 AM,29.6,20.5,0,3,91.5,39.8,0,0,15.049999,11.320105,1412.5688,52.317364,79.0661,79,29.669495,0,0,0,0,0,0,0,0,2,4,10,13,0,11,3,8,
..\..\..\files\weather\hourly\Oristano.csv,8/29/2014 12:00:00 AM,27,19.6,0,0,90.7,54.5,0,0,13.299999,11.875666,1424.4445,52.757202,79.073715,79,29.631424,0,0,0,0,0,0,0,0,2,4,10,13,0,11,3,8,
..\..\..\files\weather\hourly\Oristano.csv,8/30/2014 12:00:00 AM,27.8,17.7,0,0,89,50.7,0,0,12.75,11.958525,1436.403,53.200108,79.08139,79,29.593048,0,0,0,0,0,0,0,0,2,4,10,13,0,11,3,8,
..\..\..\files\weather\hourly\Oristano.csv,8/31/2014 12:00:00 AM,28,19.4,0,0,90.1,52.1,0,0,13.700001,11.787713,1448.1907,53.636696,84.00595,84,12.485123,0,0,0,0,0,0,0,0,2,4,10,13,0,11,3,8,
..\..\..\files\weather\hourly\Oristano.csv,9/1/2014 12:00:00 AM,26.6,19.4,0,0,90.6,50.8,0,0,13,11.926342,1460.1171,54.07841,84.01274,84,12.468147,0,0,0,0,0,0,0,0,2,4,10,13,0,11,3,8,
..\..\..\files\weather\hourly\Oristano.csv,9/2/2014 12:00:00 AM,24.6,17.4,0.1,1,87.2,55.8,0,0,11,11.925709,1472.0427,54.5201,84.01954,84,12.451153,0,0,0,0,0,0,0,0,2,4,10,13,0,11,3,8,
..\..\..\files\weather\hourly\Oristano.csv,9/3/2014 12:00:00 AM,25.8,16,0,0,91.8,46.1,0,0,10.9,11.910067,1483.9528,54.961212,84.02633,84,12.434177,0,0,0,0,0,0,0,0,2,4,10,13,0,11,3,8,
..\..\..\files\weather\hourly\Oristano.csv,9/4/2014 12:00:00 AM,24.7,15,0,0,92.2,50.4,0,0,9.85,11.654705,1495.6074,55.392868,84.03297,84,12.417583,0,0,0,0,0,0,0,0,2,4,10,13,0,11,3,8,
..\..\..\files\weather\hourly\Oristano.csv,9/5/2014 12:00:00 AM,25.9,15,0,0,94.5,50.7,0,0,10.450001,11.821058,1507.4285,55.83068,84.0397,84,12.400742,0,0,0,0,0,0,0,0,2,4,10,13,0,11,3,8,
..\..\..\files\weather\hourly\Oristano.csv,9/6/2014 12:00:00 AM,26.4,16.6,0,0,91.6,52.6,0,0,11.5,11.981468,1519.4099,56.274445,88.00323,88,2.491932,0,0,0,0,0,0,0,0,2,4,10,13,0,11,3,8,
..\..\..\files\weather\hourly\Oristano.csv,9/7/2014 12:00:00 AM,25.6,17.7,0,6,94.2,62.3,0,0,11.650002,11.990926,1531.4009,56.71855,88.00845,88,2.4788666,0,0,0,0,0,0,0,0,2,4,10,13,0,11,3,8,
..\..\..\files\weather\hourly\Oristano.csv,9/8/2014 12:00:00 AM,26.1,18.5,0,0,95.6,63.2,0,0,12.299999,11.993353,1543.3943,57.16275,88.01368,88,2.4658012,0,0,0,0,0,0,0,0,2,4,10,13,0,11,3,8,
..\..\..\files\weather\hourly\Oristano.csv,9/9/2014 12:00:00 AM,26.8,18,0.2,1,91.3,57,0,0,12.4,11.988186,1555.3824,57.60676,88.018906,88,2.452736,0,0,0,0,0,0,0,0,2,4,10,13,0,11,3,8,
..\..\..\files\weather\hourly\Oristano.csv,9/10/2014 12:00:00 AM,27.6,17.9,0,0,90.1,52.8,0,0,12.75,11.958525,1567.341,58.049667,88.02412,88,2.4397087,0,0,0,0,0,0,0,0,2,4,10,13,0,11,3,8,
..\..\..\files\weather\hourly\Oristano.csv,9/11/2014 12:00:00 AM,26.4,19.1,0.7,3,91.6,53.5,0,0,12.75,11.958525,1579.2994,58.492573,88.02933,88,2.4266815,0,0,0,0,0,0,0,0,2,4,10,13,0,11,3,8,
..\..\..\files\weather\hourly\Oristano.csv,9/12/2014 12:00:00 AM,25.6,19.8,3.2,14,96.2,68.8,0,0,12.700001,11.963863,1591.2633,58.935677,88.03454,88,2.4136543,0,1,1,0,0,0,0,1,2,5,11,13,0,11,3,9,
..\..\..\files\weather\hourly\Oristano.csv,9/13/2014 12:00:00 AM,26.4,18.3,0.4,2,93.4,46.7,0,0,12.349998,11.990954,1603.2543,59.379787,88.039764,88,2.400589,0,0,0,0,0,0,0,0,2,5,11,13,0,11,3,9,
..\..\..\files\weather\hourly\Oristano.csv,9/14/2014 12:00:00 AM,24.9,17.2,0,0,86.6,53.9,0,0,11.049999,11.932967,1615.1873,59.821747,88.04496,88,2.3876,0,0,0,0,0,0,0,0,2,5,11,13,0,11,3,9,
..\..\..\files\weather\hourly\Oristano.csv,9/15/2014 12:00:00 AM,24.8,17.5,0,0,88.9,54.1,0,0,11.15,11.94636,1627.1337,60.264214,88.05017,88,2.3745728,0,0,0,0,0,0,0,0,2,5,11,13,0,11,3,9,
..\..\..\files\weather\hourly\Oristano.csv,9/16/2014 12:00:00 AM,26.3,16.7,0,0,92.4,51.7,0,0,11.5,11.981468,1639.1151,60.70797,88.05539,88,2.3615265,0,0,0,0,0,0,0,0,2,5,11,13,0,11,3,9,
..\..\..\files\weather\hourly\Oristano.csv,9/17/2014 12:00:00 AM,27,18.6,0,1,92.8,54.5,0,0,12.799999,11.952821,1651.068,61.150665,88.06059,88,2.3485184,0,0,0,0,0,0,0,0,2,5,11,13,0,11,3,9,
..\..\..\files\weather\hourly\Oristano.csv,9/18/2014 12:00:00 AM,28.2,20.1,0.1,1,87.1,49.4,0,0,14.150002,11.661034,1662.729,61.582554,88.065674,88,2.3358154,0,0,0,0,0,0,0,0,2,5,11,13,0,11,3,9,
..\..\..\files\weather\hourly\Oristano.csv,9/19/2014 12:00:00 AM,29.3,20.5,0,0,83.8,54.8,0,0,14.9,11.385003,1674.114,62.00422,88.07064,88,2.3233986,0,0,0,0,0,0,0,0,2,5,11,13,0,11,3,9,
..\..\..\files\weather\hourly\Oristano.csv,9/20/2014 12:00:00 AM,30.8,22,0,0,89.6,42.2,0,0,16.4,10.591644,1684.7057,62.396507,88.07526,88,2.3118591,0,0,0,0,0,0,0,0,2,5,11,13,0,11,3,9,
..\..\..\files\weather\hourly\Oristano.csv,9/21/2014 12:00:00 AM,28.8,22.9,0,2,88.2,56,0,0,15.849998,10.919708,1695.6254,62.800938,88.08001,88,2.2999763,0,0,0,0,0,0,0,0,2,5,11,13,0,11,3,9,
..\..\..\files\weather\hourly\Oristano.csv,9/22/2014 12:00:00 AM,26.8,21.4,1.6,11,95.8,65.4,0,0,14.099998,11.676555,1707.3019,63.233406,88.0851,88,2.2872543,0,0,0,1,0,0,0,1,2,5,11,14,0,11,3,10,
..\..\..\files\weather\hourly\Oristano.csv,9/23/2014 12:00:00 AM,25.7,19.8,0.5,3,96.3,57.8,0,0,12.75,11.958525,1719.2604,63.676308,88.09031,88,2.2742271,0,0,0,1,0,0,0,0,2,5,11,15,0,11,3,10,
..\..\..\files\weather\hourly\Oristano.csv,9/24/2014 12:00:00 AM,25.8,18.6,0,0,89.2,45.1,0,0,12.200001,11.997045,1731.2574,64.12064,88.095535,88,2.2611618,0,0,0,0,0,0,0,0,2,5,11,15,0,11,3,10,
..\..\..\files\weather\hourly\Oristano.csv,9/25/2014 12:00:00 AM,22.9,17,2.7,8,96.2,71.9,0,0,9.950001,11.6862335,1742.9437,64.55347,88.10063,88,2.2484207,0,0,0,1,0,0,0,0,2,5,11,16,0,11,3,10,
..\..\..\files\weather\hourly\Oristano.csv,9/26/2014 12:00:00 AM,23.1,16.5,0.1,1,96,59,0,0,9.799999,11.638368,1754.5822,64.98453,88.1057,88,2.235756,0,0,0,0,0,0,0,0,2,5,11,16,0,11,3,10,
..\..\..\files\weather\hourly\Oristano.csv,9/27/2014 12:00:00 AM,24.4,14.1,0,0,89.6,50,0,0,9.25,11.433371,1766.0155,65.40798,88.11068,88,2.223301,0,0,0,0,0,0,0,0,2,5,11,16,0,11,3,10,
..\..\..\files\weather\hourly\Oristano.csv,9/28/2014 12:00:00 AM,25.4,13.5,0,0,84.7,34.7,0,0,9.450001,11.513293,1777.5288,65.834404,88.1157,88,2.2107506,0,0,0,0,0,0,0,0,2,5,11,16,0,11,3,10,
..\..\..\files\weather\hourly\Oristano.csv,9/29/2014 12:00:00 AM,26.5,14.5,0,0,87.8,37.6,0,0,10.5,11.832455,1789.3612,66.272644,88.12086,88,2.197857,0,0,0,0,0,0,0,0,2,5,11,16,0,11,3,10,
..\..\..\files\weather\hourly\Oristano.csv,9/30/2014 12:00:00 AM,26.7,15.6,0,0,89,45,0,0,11.150002,11.946362,1801.3076,66.715096,88.12606,88,2.1848488,0,0,0,0,0,0,0,0,2,5,11,16,0,11,3,10,
..\..\..\files\weather\hourly\Oristano.csv,10/1/2014 12:00:00 AM,27.3,17.6,0,0,83.8,52.7,0,0,12.450001,11.98505,1813.2927,67.15899,88.13128,88,2.1718025,0,0,0,0,0,0,0,0,2,5,11,16,0,11,3,10,
..\..\..\files\weather\hourly\Oristano.csv,10/2/2014 12:00:00 AM,25.3,17.7,0.1,1,92.2,62.9,0,0,11.5,11.981468,1825.2742,67.602745,88.136505,88,2.1587372,0,0,0,0,0,0,0,0,2,5,11,16,0,11,3,10,
..\..\..\files\weather\hourly\Oristano.csv,10/3/2014 12:00:00 AM,25.3,18.1,0.2,1,93.1,57.9,0,0,11.700001,11.993336,1837.2675,68.04694,88.14173,88,2.1456718,0,0,0,0,0,0,0,0,2,5,11,16,0,11,3,10,
..\..\..\files\weather\hourly\Oristano.csv,10/4/2014 12:00:00 AM,26,17.2,0,0,86.8,42.2,0,0,11.6,11.988146,1849.2556,68.490944,88.14695,88,2.1326256,0,0,0,0,0,0,0,0,2,5,11,16,0,11,3,10,
..\..\..\files\weather\hourly\Oristano.csv,10/5/2014 12:00:00 AM,24.7,16.4,1,1,88.3,50.1,0,0,10.549999,11.843475,1861.0991,68.929596,88.152115,88,2.1197128,0,0,0,0,0,0,0,0,2,5,11,16,0,11,3,10,
..\..\..\files\weather\hourly\Oristano.csv,10/6/2014 12:00:00 AM,24.7,14.1,0,0,96,45.5,0,0,9.400002,11.493892,1872.593,69.3553,88.15712,88,2.1072006,0,0,0,0,0,0,0,0,2,5,11,16,0,11,3,10,
..\..\..\files\weather\hourly\Oristano.csv,10/7/2014 12:00:00 AM,23.3,15.6,0,0,88.8,56,0,0,9.450001,11.513293,1884.1063,69.781715,88.16214,88,2.0946503,0,0,0,0,0,0,0,0,2,5,11,16,0,11,3,10,
..\..\..\files\weather\hourly\Oristano.csv,10/8/2014 12:00:00 AM,26.7,15,0,0,85.6,37,0,0,10.85,11.901682,1896.008,70.22252,88.16732,88,2.0816994,0,0,0,0,0,0,0,0,2,5,11,16,0,11,3,10,
..\..\..\files\weather\hourly\Oristano.csv,10/9/2014 12:00:00 AM,28,16.4,0,0,80.6,43.8,0,0,12.200001,11.997045,1908.0051,70.666855,88.172554,88,2.068615,0,0,0,0,0,0,0,0,2,5,11,16,0,11,3,10,
..\..\..\files\weather\hourly\Oristano.csv,10/10/2014 12:00:00 AM,28.6,18.3,0,8,89.4,45.5,0,0,13.450001,11.845409,1919.8506,71.105576,88.17771,88,2.0557213,0,0,0,0,0,0,0,0,2,5,11,16,0,11,3,10,
..\..\..\files\weather\hourly\Oristano.csv,10/11/2014 12:00:00 AM,27.8,17.8,0,0,88.6,40.8,0,0,12.799999,11.952821,1931.8035,71.54828,88.18292,88,2.042694,0,0,0,0,0,0,0,0,2,5,11,16,0,11,3,10,
..\..\..\files\weather\hourly\Oristano.csv,10/12/2014 12:00:00 AM,25.4,17.2,0,0,93.7,62.4,0,0,11.299999,11.963646,1943.7671,71.99137,88.18813,88,2.029667,0,0,0,0,0,0,0,0,2,5,11,16,0,11,3,10,
..\..\..\files\weather\hourly\Oristano.csv,10/13/2014 12:00:00 AM,28.7,17.1,0,0,86.7,36.1,0,0,12.900002,11.940311,1955.7074,72.43361,88.19334,88,2.0166588,0,0,0,0,0,0,0,0,2,5,11,16,0,11,3,10,
..\..\..\files\weather\hourly\Oristano.csv,10/14/2014 12:00:00 AM,25.5,18.9,1.7,6,88.3,53.6,0,0,12.200001,11.997045,1967.7045,72.877945,88.19856,88,2.0035934,0,0,0,0,0,0,0,0,2,5,11,16,0,11,3,10,
..\..\..\files\weather\hourly\Oristano.csv,10/15/2014 12:00:00 AM,24.6,17.9,0.3,2,89.2,59.9,0,0,11.25,11.958258,1979.6627,73.32084,88.20377,88,1.9905663,0,0,0,0,0,0,0,0,2,5,11,16,0,11,3,10,
..\..\..\files\weather\hourly\Oristano.csv,10/16/2014 12:00:00 AM,24,19.1,0,0,90.1,59.6,0,0,11.549999,11.984993,1991.6477,73.76473,88.209,88,1.9775009,0,0,0,0,0,0,0,0,2,5,11,16,0,11,3,10,
..\..\..\files\weather\hourly\Oristano.csv,10/17/2014 12:00:00 AM,23.2,18.9,0.7,4,84.6,64.6,0,0,11.049999,11.932967,2003.5807,74.206696,88.214195,88,1.9645119,0,0,0,0,0,0,0,0,2,5,11,16,0,11,3,10,
..\..\..\files\weather\hourly\Oristano.csv,10/18/2014 12:00:00 AM,24.4,18,0,7,90.4,66.3,0,0,11.200001,11.9524975,2015.5332,74.649376,88.219406,88,1.9514847,0,0,0,0,0,0,0,0,2,5,11,16,0,11,3,10,
..\..\..\files\weather\hourly\Oristano.csv,10/19/2014 12:00:00 AM,26.2,16,0,1,88.9,47.9,0,0,11.1,11.939852,2027.473,75.09159,88.22461,88,1.9384766,0,0,0,0,0,0,0,0,2,5,11,16,0,11,3,10,
..\..\..\files\weather\hourly\Oristano.csv,10/20/2014 12:00:00 AM,25.4,14.8,0,0,90.2,48.1,0,0,10.1,11.730667,2039.2037,75.52606,88.22972,88,1.9256973,0,0,0,0,0,0,0,0,2,5,11,16,0,11,3,10,
..\..\..\files\weather\hourly\Oristano.csv,10/21/2014 12:00:00 AM,24.2,14.9,0,4,92,61.4,0,0,9.549999,11.550946,2050.7546,75.95388,88.23475,88,1.9131279,0,0,0,0,0,0,0,0,2,5,11,16,0,11,3,10,
..\..\..\files\weather\hourly\Oristano.csv,10/22/2014 12:00:00 AM,24.2,17.7,0,0,89.6,62.4,0,0,10.950001,11.918076,2062.6726,76.39528,88.239944,88,1.9001389,0,0,0,0,0,0,0,0,2,5,11,16,0,11,3,10,
..\..\..\files\weather\hourly\Oristano.csv,10/23/2014 12:00:00 AM,20.8,15.3,0,0,66.6,41.5,0,0,8.049999,10.823297,2073.4958,76.79614,88.24466,88,1.8883514,0,0,0,0,0,0,0,0,2,5,11,16,0,11,3,10,
..\..\..\files\weather\hourly\Oristano.csv,10/24/2014 12:00:00 AM,18.6,11.7,0,0,84.1,52.9,0,0,5.1499996,8.392356,2081.8882,77.10697,88.248314,88,1.8792152,0,0,0,0,0,0,0,0,2,5,11,16,0,11,3,10,
..\..\..\files\weather\hourly\Oristano.csv,10/25/2014 12:00:00 AM,22.2,10.5,0,0,90.5,47.4,0,0,6.3500004,9.566902,2091.455,77.461296,88.25249,88,1.868782,0,0,0,0,0,0,0,0,2,5,11,16,0,11,3,10,
..\..\..\files\weather\hourly\Oristano.csv,10/26/2014 12:00:00 AM,21.6,11.1,0,0,89.3,53.3,0,0,6.3500004,9.566902,2101.022,77.81563,88.25665,88,1.8583679,0,0,0,0,0,0,0,0,2,5,11,16,0,11,3,10,
..\..\..\files\weather\hourly\Oristano.csv,10/27/2014 12:00:00 AM,21.3,11.8,0,0,92.6,51.5,0,0,0,0,0,0,0,0,0,0,0,0,0,0,0,0,0,0,0,0,0,0,0,0,0,
..\..\..\files\weather\hourly\Oristano.csv,10/28/2014 12:00:00 AM,21.1,12.3,0,0,81.3,41.5,0,0,0,0,0,0,0,0,0,0,0,0,0,0,0,0,0,0,0,0,0,0,0,0,0,
..\..\..\files\weather\hourly\Oristano.csv,10/29/2014 12:00:00 AM,20.2,11.9,1.6,8,90.8,52.9,0,0,0,0,0,0,0,0,0,0,0,0,0,0,0,0,0,0,0,0,0,0,0,0,0,
..\..\..\files\weather\hourly\Oristano.csv,10/30/2014 12:00:00 AM,18.8,11.2,0.8,7,92.7,69.8,0,0,0,0,0,0,0,0,0,0,0,0,0,0,0,0,0,0,0,0,0,0,0,0,0,
..\..\..\files\weather\hourly\Oristano.csv,10/31/2014 12:00:00 AM,20.5,10.7,0,0,93.5,53.3,0,0,0,0,0,0,0,0,0,0,0,0,0,0,0,0,0,0,0,0,0,0,0,0,0,
..\..\..\files\weather\hourly\Oristano.csv,11/1/2014 12:00:00 AM,21.4,10.4,0,0,93.5,38.2,0,0,0,0,0,0,0,0,0,0,0,0,0,0,0,0,0,0,0,0,0,0,0,0,0,
..\..\..\files\weather\hourly\Oristano.csv,11/2/2014 12:00:00 AM,20.4,9.2,0,0,84.5,43.7,-0.7714286,-0.7714286,0,0,0,0,0,0,0,0,0,0,0,0,0,0,0,0,0,0,0,0,0,0,0,
..\..\..\files\weather\hourly\Oristano.csv,11/3/2014 12:00:00 AM,19.7,8.9,0,0,86.6,55.6,-1.8154106,-1.043982,0,0,0,0,0,0,0,0,0,0,0,0,0,0,0,0,0,0,0,0,0,0,0,
..\..\..\files\weather\hourly\Oristano.csv,11/4/2014 12:00:00 AM,21.8,9.5,0,0,85.1,43.8,-2.3052483,-0.48983765,0,0,0,0,0,0,0,0,0,0,0,0,0,0,0,0,0,0,0,0,0,0,0,
..\..\..\files\weather\hourly\Oristano.csv,11/5/2014 12:00:00 AM,22.7,14.5,1.2,2,78.1,50.8,-2.3052483,0,0,0,0,0,0,0,0,0,0,0,0,0,0,0,0,0,0,0,0,0,0,0,0,
..\..\..\files\weather\hourly\Oristano.csv,11/6/2014 12:00:00 AM,17.7,12.7,14.8,22,94.9,77.1,-2.3052483,0,0,0,0,0,0,0,0,1,0,1,0,0,0,1,1,1,0,1,0,0,0,1,1,
..\..\..\files\weather\hourly\Oristano.csv,11/7/2014 12:00:00 AM,15.2,11,4.6,12,92,74.2,-2.3052483,0,0,0,0,0,0,0,0,1,0,1,0,1,0,1,0,1,0,1,0,1,0,1,0,
..\..\..\files\weather\hourly\Oristano.csv,11/8/2014 12:00:00 AM,18,11.3,0,0,78.6,61.3,-2.3052483,0,0,0,0,0,0,0,0,0,0,0,0,0,0,0,0,0,0,0,0,0,0,0,0,
..\..\..\files\weather\hourly\Oristano.csv,11/9/2014 12:00:00 AM,19.5,11.7,0,0,84.3,59.4,-2.3052483,0,0,0,0,0,0,0,0,0,0,0,0,0,0,0,0,0,0,0,0,0,0,0,0,
..\..\..\files\weather\hourly\Oristano.csv,11/10/2014 12:00:00 AM,19.3,12,2.8000002,10,88.6,72.1,-2.3052483,0,0,0,0,0,0,0,0,0,0,1,0,0,0,0,0,0,0,1,0,0,0,0,0,
..\..\..\files\weather\hourly\Oristano.csv,11/11/2014 12:00:00 AM,20.6,15.1,1.7,3,90.6,70.6,-2.3052483,0,0,0,0,0,0,0,0,0,0,0,0,0,0,0,0,0,0,0,0,0,0,0,0,
..\..\..\files\weather\hourly\Oristano.csv,11/12/2014 12:00:00 AM,18.2,12.6,2.8000002,9,95.3,72.7,-2.3052483,0,0,0,0,0,0,0,0,0,0,0,0,0,0,0,0,0,0,0,0,0,0,0,0,
..\..\..\files\weather\hourly\Oristano.csv,11/13/2014 12:00:00 AM,16.6,12.9,13.900001,22,94,72.1,-2.3052483,0,0,0,0,0,0,0,0,1,0,1,0,0,0,1,1,1,0,1,0,0,0,1,1,
..\..\..\files\weather\hourly\Oristano.csv,11/14/2014 12:00:00 AM,18.2,13.2,0.70000005,3,79.8,57.7,-2.3052483,0,0,0,0,0,0,0,0,1,0,0,0,0,0,0,0,1,0,0,0,0,0,0,0,
..\..\..\files\weather\hourly\Oristano.csv,11/15/2014 12:00:00 AM,18.9,12.3,0,0,88.3,71,-2.3052483,0,0,0,0,0,0,0,0,0,0,0,0,0,0,0,0,0,0,0,0,0,0,0,0,
..\..\..\files\weather\hourly\Oristano.csv,11/16/2014 12:00:00 AM,17.9,14.4,16.2,13,92.4,72.5,-2.3052483,0,0,0,0,0,0,0,0,1,0,1,0,0,0,0,0,1,0,1,0,0,0,0,0,
..\..\..\files\weather\hourly\Oristano.csv,11/17/2014 12:00:00 AM,16,12.6,17,16,93,71.2,-2.3052483,0,0,0,0,0,0,0,0,1,0,1,0,1,0,0,0,1,0,1,0,1,0,0,0,
..\..\..\files\weather\hourly\Oristano.csv,11/18/2014 12:00:00 AM,16.8,11.8,18.6,20,93,75.3,-2.3052483,0,0,0,0,0,0,0,0,1,0,1,0,1,0,0,0,1,0,1,0,1,0,0,0,
..\..\..\files\weather\hourly\Oristano.csv,11/19/2014 12:00:00 AM,17.2,11.2,0.1,1,83.3,63.3,-2.3052483,0,0,0,0,0,0,0,0,1,0,0,0,1,0,0,0,1,0,0,0,1,0,0,0,
..\..\..\files\weather\hourly\Oristano.csv,11/20/2014 12:00:00 AM,18.8,9.7,0,0,90.4,59.9,-2.6003036,-0.2950554,0,0,0,0,0,0,0,0,0,0,0,0,0,0,0,0,0,0,0,0,0,0,0,
..\..\..\files\weather\hourly\Oristano.csv,11/21/2014 12:00:00 AM,18.9,8.8,0,0,95.3,61.7,-3.729017,-1.1287134,0,0,0,0,0,0,0,0,0,0,0,0,0,0,0,0,0,0,0,0,0,0,0,
..\..\..\files\weather\hourly\Oristano.csv,11/22/2014 12:00:00 AM,19.9,9.6,0,1,92.7,56,-4.121249,-0.39223242,0,0,0,0,0,0,0,0,0,0,0,0,0,0,0,0,0,0,0,0,0,0,0,
..\..\..\files\weather\hourly\Oristano.csv,11/23/2014 12:00:00 AM,20.9,10.9,0,1,88.7,59,-4.121249,0,0,0,0,0,0,0,0,0,0,0,0,0,0,0,0,0,0,0,0,0,0,0,0,
..\..\..\files\weather\hourly\Oristano.csv,11/24/2014 12:00:00 AM,23.2,13.4,0,4,87.4,57.9,-4.121249,0,0,0,0,0,0,0,0,0,0,0,0,0,0,0,0,0,0,0,0,0,0,0,0,
..\..\..\files\weather\hourly\Oristano.csv,11/25/2014 12:00:00 AM,20.3,13.9,0.7,8,86.3,71.9,-4.121249,0,0,0,0,0,0,0,0,0,0,0,0,0,0,0,0,0,0,0,0,0,0,0,0,
..\..\..\files\weather\hourly\Oristano.csv,11/26/2014 12:00:00 AM,18.7,14.2,0.1,7,91.5,77.8,-4.121249,0,0,0,0,0,0,0,0,0,0,0,0,0,0,0,0,0,0,0,0,0,0,0,0,
..\..\..\files\weather\hourly\Oristano.csv,11/27/2014 12:00:00 AM,19.5,12.4,2.1000001,8,89.1,63.1,-4.121249,0,0,0,0,0,0,0,0,0,0,0,0,0,0,0,0,0,0,0,0,0,0,0,0,
..\..\..\files\weather\hourly\Oristano.csv,11/28/2014 12:00:00 AM,19.9,11.7,0,0,91,59.6,-4.121249,0,0,0,0,0,0,0,0,0,0,0,0,0,0,0,0,0,0,0,0,0,0,0,0,
..\..\..\files\weather\hourly\Oristano.csv,11/29/2014 12:00:00 AM,20.9,16.1,0,0,84.1,59.9,-4.121249,0,0,0,0,0,0,0,0,0,0,0,0,0,0,0,0,0,0,0,0,0,0,0,0,
..\..\..\files\weather\hourly\Oristano.csv,11/30/2014 12:00:00 AM,20.8,15.8,0.2,2,84.5,60.4,-4.121249,0,0,0,0,0,0,0,0,0,0,0,0,0,0,0,0,0,0,0,0,0,0,0,0,
..\..\..\files\weather\hourly\Oristano.csv,12/1/2014 12:00:00 AM,23.3,13.8,1.5,6,85.3,42.5,-4.121249,0,0,0,0,0,0,0,0,0,0,0,0,0,1,0,0,0,0,0,0,0,1,0,0,
..\..\..\files\weather\hourly\Oristano.csv,12/2/2014 12:00:00 AM,17.7,12.7,1.3000001,8,85.4,67.7,-4.121249,0,0,0,0,0,0,0,0,0,0,0,0,0,1,0,0,0,0,0,0,0,1,0,0,
..\..\..\files\weather\hourly\Oristano.csv,12/3/2014 12:00:00 AM,18.4,12.4,0,0,88.7,62.6,-4.121249,0,0,0,0,0,0,0,0,0,0,0,0,0,0,0,0,0,0,0,0,0,0,0,0,
..\..\..\files\weather\hourly\Oristano.csv,12/4/2014 12:00:00 AM,16.6,11.5,2,11,94.9,72.6,-4.121249,0,0,0,0,0,0,0,0,0,0,0,0,0,0,0,0,0,0,0,0,0,0,0,0,
..\..\..\files\weather\hourly\Oristano.csv,12/5/2014 12:00:00 AM,16.4,11.1,4.1,8,95.2,66.8,-4.121249,0,0,0,0,0,0,0,0,0,0,1,0,0,0,0,0,0,0,1,0,0,0,0,0,
..\..\..\files\weather\hourly\Oristano.csv,12/6/2014 12:00:00 AM,14.3,11.2,12.7,23,95.8,83.2,-4.121249,0,0,0,0,0,0,0,0,1,0,1,0,0,1,1,0,1,0,1,0,0,1,1,0,
..\..\..\files\weather\hourly\Oristano.csv,12/7/2014 12:00:00 AM,13.5,7.7,5,18,92.2,68.2,-5.965215,-1.8439661,0,0,0,0,0,0,0,1,0,0,0,0,0,0,0,1,0,0,0,0,0,0,0,
..\..\..\files\weather\hourly\Oristano.csv,12/8/2014 12:00:00 AM,13.1,7.4,0.3,2,91.3,65.9,-7.9722323,-2.0070171,0,0,0,0,0,0,0,0,0,0,0,0,0,0,0,0,0,0,0,0,0,0,0,
..\..\..\files\weather\hourly\Oristano.csv,12/9/2014 12:00:00 AM,14.3,10.6,1.9000001,11,87.6,69.7,-7.9722323,0,0,0,0,0,0,0,0,0,0,0,0,0,0,0,0,0,0,0,0,0,0,0,0,
..\..\..\files\weather\hourly\Oristano.csv,12/10/2014 12:00:00 AM,12.2,9.9,1,4,77.6,57.5,-8.070059,-0.097826004,0,0,0,0,0,0,0,0,0,0,0,0,0,0,0,0,0,0,0,0,0,0,0,
..\..\..\files\weather\hourly\Oristano.csv,12/11/2014 12:00:00 AM,13.3,7.8,0,0,75.9,53.3,-9.830059,-1.7599999,0,0,0,0,0,0,0,0,0,0,0,0,0,0,0,0,0,0,0,0,0,0,0,
..\..\..\files\weather\hourly\Oristano.csv,12/12/2014 12:00:00 AM,14,7.4,0.6,4,84.4,66.4,-11.917937,-2.0878785,0,0,0,0,0,0,0,0,0,0,0,0,0,0,0,0,0,0,0,0,0,0,0,
..\..\..\files\weather\hourly\Oristano.csv,12/13/2014 12:00:00 AM,14.8,10.7,0,0,81.9,63.2,-11.917937,0,0,0,0,0,0,0,0,0,0,0,0,0,0,0,0,0,0,0,0,0,0,0,0,
..\..\..\files\weather\hourly\Oristano.csv,12/14/2014 12:00:00 AM,16.5,7.6,0,0,90.7,55.2,-13.994342,-2.0764046,0,0,0,0,0,0,0,0,0,0,0,0,0,0,0,0,0,0,0,0,0,0,0,
..\..\..\files\weather\hourly\Oristano.csv,12/15/2014 12:00:00 AM,15.9,6.4,0,0,91.9,56.8,-16.912237,-2.9178946,0,0,0,0,0,0,0,0,0,0,0,0,0,0,0,0,0,0,0,0,0,0,0,
..\..\..\files\weather\hourly\Oristano.csv,12/16/2014 12:00:00 AM,16.7,8.9,0.3,1,95.5,61.2,-17.934673,-1.0224361,0,0,0,0,0,0,0,0,0,0,0,0,0,0,0,0,0,0,0,0,0,0,0,
..\..\..\files\weather\hourly\Oristano.csv,12/17/2014 12:00:00 AM,12.5,8,5.9,13,92.6,82.1,-19.490229,-1.5555556,0,0,0,0,0,0,0,0,0,0,0,0,1,0,0,0,0,0,0,0,1,0,0,
..\..\..\files\weather\hourly\Oristano.csv,12/18/2014 12:00:00 AM,14.1,8.5,8.400001,19,93,79.4,-20.789335,-1.2991072,0,0,0,0,0,0,0,0,0,1,0,0,0,0,0,0,0,1,0,0,0,0,0,
..\..\..\files\weather\hourly\Oristano.csv,12/19/2014 12:00:00 AM,15.9,8.2,2.7,3,93.4,64.4,-22.378944,-1.5896101,0,0,0,0,0,0,0,1,0,1,0,0,1,0,0,1,0,1,0,0,1,0,0,
..\..\..\files\weather\hourly\Oristano.csv,12/20/2014 12:00:00 AM,15.5,8.2,0,2,90.9,78.4,-23.957027,-1.5780828,0,0,0,0,0,0,0,0,0,0,0,0,0,0,0,0,0,0,0,0,0,0,0,
..\..\..\files\weather\hourly\Oristano.csv,12/21/2014 12:00:00 AM,15.7,12.5,0,0,88.2,76.3,-23.957027,0,0,0,0,0,0,0,0,0,0,0,0,0,0,0,0,0,0,0,0,0,0,0,0,
..\..\..\files\weather\hourly\Oristano.csv,12/22/2014 12:00:00 AM,13.2,6.9,0,0,87,72.6,-26.294329,-2.3373017,0,0,0,0,0,0,0,0,0,0,0,0,0,0,0,0,0,0,0,0,0,0,0,
..\..\..\files\weather\hourly\Oristano.csv,12/23/2014 12:00:00 AM,14.4,6.6,0,0,90.8,65.2,-28.953304,-2.6589746,0,0,0,0,0,0,0,0,0,0,0,0,0,0,0,0,0,0,0,0,0,0,0,
..\..\..\files\weather\hourly\Oristano.csv,12/24/2014 12:00:00 AM,13.7,8.5,0,0,82.8,71.4,-30.23696,-1.2836543,0,0,0,0,0,0,0,0,0,0,0,0,0,0,0,0,0,0,0,0,0,0,0,
..\..\..\files\weather\hourly\Oristano.csv,12/25/2014 12:00:00 AM,12.7,8.8,0,0,83.4,71.6,-31.252344,-1.0153844,0,0,0,0,0,0,0,0,0,0,0,0,0,0,0,0,0,0,0,0,0,0,0,
..\..\..\files\weather\hourly\Oristano.csv,12/26/2014 12:00:00 AM,13.5,9.2,1.1,7,86.7,65.1,-31.977926,-0.725582,0,0,0,0,0,0,0,0,0,0,0,0,0,0,0,0,0,0,0,0,0,0,0,
..\..\..\files\weather\hourly\Oristano.csv,12/27/2014 12:00:00 AM,14.5,7.1,0.5,4,82.9,63.7,-34.309685,-2.331757,0,0,0,0,0,0,0,0,0,0,0,0,0,0,0,0,0,0,0,0,0,0,0,
..\..\..\files\weather\hourly\Oristano.csv,12/28/2014 12:00:00 AM,12.2,6.1,19.2,15,90.1,67.9,-36.962963,-2.6532784,0,0,0,0,0,0,0,1,0,0,0,0,1,0,0,1,0,0,0,0,1,0,0,
..\..\..\files\weather\hourly\Oristano.csv,12/29/2014 12:00:00 AM,9.9,5.3,12.2,18,87.2,66.5,-39.262962,-2.2999997,0,0,0,0,0,0,0,1,0,0,0,0,0,0,0,1,0,0,0,0,0,0,0,
..\..\..\files\weather\hourly\Oristano.csv,12/30/2014 12:00:00 AM,8.7,3.9,0,0,74,42.5,-41.662964,-2.4,0,0,0,0,0,0,0,0,0,0,0,0,0,0,0,0,0,0,0,0,0,0,0,
..\..\..\files\weather\hourly\Oristano.csv,12/31/2014 12:00:00 AM,7.9,2.2,0.2,1,70.3,38,-44.512962,-2.8500001,0,0,0,0,0,0,0,0,0,0,0,0,0,0,0,0,0,0,0,0,0,0,0,
