site,Date,Tmax,Tmin,Prec,LW,RHmax,RHmin,chillState,ChillRate,antiChillState,forcingRate,forcingState,cycleCompletion,bbchCode,bbchPhase,plantSusceptibility,Rule310,Epi,Ipi,Dmcast,Magarey,UCSC,misfits,laore,pressureRule310,pressureEpi,pressureIpi,pressureDmcast,pressureMagarey,pressureUCSC,pressureMisfits,pressureLaore
..\..\..\files\weather\hourly\Perugia.csv,1/1/2020 12:00:00 AM,12,2.2,0.4,2,86.6,44.7,-4.695918,-4.695918,0,0,0,0,0,0,0,0,0,0,0,0,0,0,0,0,0,0,0,0,0,0,0,
..\..\..\files\weather\hourly\Perugia.csv,1/2/2020 12:00:00 AM,9.6,0.3,0,1,72.8,37.6,-9.345919,-4.65,0,0,0,0,0,0,0,0,0,0,0,0,0,0,0,0,0,0,0,0,0,0,0,
..\..\..\files\weather\hourly\Perugia.csv,1/3/2020 12:00:00 AM,9.8,-0.2,0,0,71.9,28.2,-14.147919,-4.802,0,0,0,0,0,0,0,0,0,0,0,0,0,0,0,0,0,0,0,0,0,0,0,
..\..\..\files\weather\hourly\Perugia.csv,1/4/2020 12:00:00 AM,8.9,0.7,0,6,81.1,40,-18.24792,-4.1,0,0,0,0,0,0,0,0,0,0,0,0,0,0,0,0,0,0,0,0,0,0,0,
..\..\..\files\weather\hourly\Perugia.csv,1/5/2020 12:00:00 AM,6.9,-0.2,0,15,96.7,76.7,-21.600737,-3.352817,0,0,0,0,0,0,0,0,0,0,0,0,0,0,0,0,0,0,0,0,0,0,0,
..\..\..\files\weather\hourly\Perugia.csv,1/6/2020 12:00:00 AM,5.7,-1.8,0,1,80.9,40.6,-23.766737,-2.166,0,0,0,0,0,0,0,0,0,0,0,0,0,0,0,0,0,0,0,0,0,0,0,
..\..\..\files\weather\hourly\Perugia.csv,1/7/2020 12:00:00 AM,4.6,-2.5,0,0,67,30,-25.256878,-1.4901408,0,0,0,0,0,0,0,0,0,0,0,0,0,0,0,0,0,0,0,0,0,0,0,
..\..\..\files\weather\hourly\Perugia.csv,1/8/2020 12:00:00 AM,6.1,-0.9,0,0,79.5,34.7,-27.914736,-2.6578572,0,0,0,0,0,0,0,0,0,0,0,0,0,0,0,0,0,0,0,0,0,0,0,
..\..\..\files\weather\hourly\Perugia.csv,1/9/2020 12:00:00 AM,8,-1.4,0,0,87.6,41.6,-31.31899,-3.4042554,0,0,0,0,0,0,0,0,0,0,0,0,0,0,0,0,0,0,0,0,0,0,0,
..\..\..\files\weather\hourly\Perugia.csv,1/10/2020 12:00:00 AM,8.8,-0.1,0,0,81.2,32.9,-35.66955,-4.3505616,0,0,0,0,0,0,0,0,0,0,0,0,0,0,0,0,0,0,0,0,0,0,0,
..\..\..\files\weather\hourly\Perugia.csv,1/11/2020 12:00:00 AM,8.3,-0.3,0,6,77.8,41.5,-39.674786,-4.0052323,0,0,0,0,0,0,0,0,0,0,0,0,0,0,0,0,0,0,0,0,0,0,0,
..\..\..\files\weather\hourly\Perugia.csv,1/12/2020 12:00:00 AM,7.7,1.9,0,13,89.7,62.8,-42.574783,-2.8999996,0,0,0,0,0,0,0,0,0,0,0,0,0,0,0,0,0,0,0,0,0,0,0,
..\..\..\files\weather\hourly\Perugia.csv,1/13/2020 12:00:00 AM,7.8,0.3,0,14,94.6,50.9,-46.324783,-3.7500002,0,0,0,0,0,0,0,0,0,0,0,0,0,0,0,0,0,0,0,0,0,0,0,
..\..\..\files\weather\hourly\Perugia.csv,1/14/2020 12:00:00 AM,6.8,-1.9,0,10,94.4,55.9,-48.982254,-2.6574714,0,0,0,0,0,0,0,0,0,0,0,0,0,0,0,0,0,0,0,0,0,0,0,
..\..\..\files\weather\hourly\Perugia.csv,1/15/2020 12:00:00 AM,5.8,0.4,0,3,89.7,55.2,-51.682255,-2.7,0,0,0,0,0,0,0,0,0,0,0,0,0,0,0,0,0,0,0,0,0,0,0,
..\..\..\files\weather\hourly\Perugia.csv,1/16/2020 12:00:00 AM,7.9,1.2,0,11,85.7,49.1,-55.032253,-3.3500001,0,0,0,0,0,0,0,0,0,0,0,0,0,0,0,0,0,0,0,0,0,0,0,
..\..\..\files\weather\hourly\Perugia.csv,1/17/2020 12:00:00 AM,8.5,-0.9,0,10,90.7,51.2,-58.87534,-3.8430853,0,0,0,0,0,0,0,0,0,0,0,0,0,0,0,0,0,0,0,0,0,0,0,
..\..\..\files\weather\hourly\Perugia.csv,1/18/2020 12:00:00 AM,7.5,-1.2,0,3,88.5,56.8,-62.108097,-3.2327588,0,0,0,0,0,0,0,0,0,0,0,0,0,0,0,0,0,0,0,0,0,0,0,
..\..\..\files\weather\hourly\Perugia.csv,1/19/2020 12:00:00 AM,5,2.7,2.6,22,97.6,79.3,-63.2581,-1.1499999,0,0,0,0,0,0,0,0,0,0,0,0,0,0,0,0,0,0,0,0,0,0,0,
..\..\..\files\weather\hourly\Perugia.csv,1/20/2020 12:00:00 AM,5,1.2,0.3,8,96.2,67.9,-65.1581,-1.8999999,0,0,0,0,0,0,0,0,0,0,0,0,0,0,0,0,0,0,0,0,0,0,0,
..\..\..\files\weather\hourly\Perugia.csv,1/21/2020 12:00:00 AM,4,-0.3,0,3,89.5,64.1,-67.01856,-1.860465,0,0,0,0,0,0,0,0,0,0,0,0,0,0,0,0,0,0,0,0,0,0,0,
..\..\..\files\weather\hourly\Perugia.csv,1/22/2020 12:00:00 AM,7,-0.8,0,1,87.8,56.7,-70.15959,-3.1410255,0,0,0,0,0,0,0,0,0,0,0,0,0,0,0,0,0,0,0,0,0,0,0,
..\..\..\files\weather\hourly\Perugia.csv,1/23/2020 12:00:00 AM,9.9,-0.6,0,7,84.3,46.9,-74.82674,-4.6671424,0,0,0,0,0,0,0,0,0,0,0,0,0,0,0,0,0,0,0,0,0,0,0,
..\..\..\files\weather\hourly\Perugia.csv,1/24/2020 12:00:00 AM,10.8,0.1,0,8,92.8,42.8,-80.14683,-5.3200936,0,0,0,0,0,0,0,0,0,0,0,0,0,0,0,0,0,0,0,0,0,0,0,
..\..\..\files\weather\hourly\Perugia.csv,1/25/2020 12:00:00 AM,8.8,-1.2,1.2,8,95,56.4,-84.01883,-3.8720002,0,0,0,0,0,0,0,0,0,0,0,0,0,0,0,0,0,0,0,0,0,0,0,
..\..\..\files\weather\hourly\Perugia.csv,1/26/2020 12:00:00 AM,8.4,3,3.4,19,94.3,73.1,-86.71883,-2.6999998,0,0,0,0,0,0,0,0,0,0,0,0,0,0,0,0,0,0,0,0,0,0,0,
..\..\..\files\weather\hourly\Perugia.csv,1/27/2020 12:00:00 AM,7.1,1.1,0,11,95.9,67.1,-89.71883,-3,0,0,0,0,0,0,0,0,0,0,0,0,0,0,0,0,0,0,0,0,0,0,0,
..\..\..\files\weather\hourly\Perugia.csv,1/28/2020 12:00:00 AM,7.3,0.3,0.2,10,95,66.2,-93.21883,-3.5000002,0,0,0,0,0,0,0,0,0,0,0,0,0,0,0,0,0,0,0,0,0,0,0,
..\..\..\files\weather\hourly\Perugia.csv,1/29/2020 12:00:00 AM,7.8,5.4,5.1,24,94.1,81.6,-94.41882,-1.2000003,0,0,0,0,0,0,0,0,0,0,0,0,0,0,0,0,0,0,0,0,0,0,0,
..\..\..\files\weather\hourly\Perugia.csv,1/30/2020 12:00:00 AM,7.6,1.6,2,22,93,71.3,-97.41882,-3,0,0,0,0,0,0,0,0,0,0,0,0,0,0,0,0,0,0,0,0,0,0,0,
..\..\..\files\weather\hourly\Perugia.csv,1/31/2020 12:00:00 AM,10.7,-0.6,0,6,90.5,30.9,-102.50643,-5.0876102,0,0,0,0,0,0,0,0,0,0,0,0,0,0,0,0,0,0,0,0,0,0,0,
..\..\..\files\weather\hourly\Perugia.csv,2/1/2020 12:00:00 AM,8.2,4.5,0.1,10,95.2,80.4,-102.50643,-1.8499999,0,0,0,0,0,0,0,0,0,0,0,0,0,0,0,0,0,0,0,0,0,0,0,
..\..\..\files\weather\hourly\Perugia.csv,2/2/2020 12:00:00 AM,9.8,6.9,0,13,95.5,75.9,-102.50643,-1.4500003,0,0,0,0,0,0,0,0,0,0,0,0,0,0,0,0,0,0,0,0,0,0,0,
..\..\..\files\weather\hourly\Perugia.csv,2/3/2020 12:00:00 AM,10.9,6.3,0,11,93.7,71,-102.41839,-2.2119567,0.088043414,0,0,0,0,0,0,0,0,0,0,0,0,0,0,0,0,0,0,0,0,0,0,
..\..\..\files\weather\hourly\Perugia.csv,2/4/2020 12:00:00 AM,12.4,5.3,0,7,90.2,68.6,-102.01276,-3.1443665,0.40563372,0,0,0,0,0,0,0,0,0,0,0,0,0,0,0,0,0,0,0,0,0,0,
..\..\..\files\weather\hourly\Perugia.csv,2/5/2020 12:00:00 AM,11.2,-0.1,7.6,14,91.8,50.5,-101.94904,-5.614159,0.06371679,0,0,0,0,0,0,0,0,0,0,0,0,0,0,0,0,0,0,0,0,0,0,
..\..\..\files\weather\hourly\Perugia.csv,2/6/2020 12:00:00 AM,3.3,-2.2,2.9,9,71.3,40,-101.94904,-0.98999995,0,0,0,0,0,0,0,0,0,0,0,0,0,0,0,0,0,0,0,0,0,0,0,
..\..\..\files\weather\hourly\Perugia.csv,2/7/2020 12:00:00 AM,3.2,-2.2,0,0,60.6,32.7,-101.94904,-0.9481482,0,0,0,0,0,0,0,0,0,0,0,0,0,0,0,0,0,0,0,0,0,0,0,
..\..\..\files\weather\hourly\Perugia.csv,2/8/2020 12:00:00 AM,8.6,-2.7,0,0,66.9,20.7,-101.94904,-3.2725666,0,0,0,0,0,0,0,0,0,0,0,0,0,0,0,0,0,0,0,0,0,0,0,
..\..\..\files\weather\hourly\Perugia.csv,2/9/2020 12:00:00 AM,9.3,-2.6,0,0,67.9,27.8,-101.94904,-3.634034,0,0,0,0,0,0,0,0,0,0,0,0,0,0,0,0,0,0,0,0,0,0,0,
..\..\..\files\weather\hourly\Perugia.csv,2/10/2020 12:00:00 AM,7.9,-0.4,0,7,92.7,41.9,-101.94904,-3.7596385,0,0,0,0,0,0,0,0,0,0,0,0,0,0,0,0,0,0,0,0,0,0,0,
..\..\..\files\weather\hourly\Perugia.csv,2/11/2020 12:00:00 AM,9.5,4.6,1.9000001,19,93.6,84.3,-101.94904,-2.4500003,0,0,0,0,0,0,0,0,0,0,0,0,0,0,0,0,0,0,0,0,0,0,0,
..\..\..\files\weather\hourly\Perugia.csv,2/12/2020 12:00:00 AM,11.9,7.1,0,9,85.8,61.8,-101.573,-2.0239587,0.37604153,0,0,0,0,0,0,0,0,0,0,0,0,0,0,0,0,0,0,0,0,0,0,
..\..\..\files\weather\hourly\Perugia.csv,2/13/2020 12:00:00 AM,11.2,1.4,0,8,90.3,43.9,-101.49953,-4.8265305,0.07346936,0,0,0,0,0,0,0,0,0,0,0,0,0,0,0,0,0,0,0,0,0,0,
..\..\..\files\weather\hourly\Perugia.csv,2/14/2020 12:00:00 AM,10.3,-0.6,0.2,3,91.7,41,-101.4954,-4.870642,0.0041284454,0,0,0,0,0,0,0,0,0,0,0,0,0,0,0,0,0,0,0,0,0,0,
..\..\..\files\weather\hourly\Perugia.csv,2/15/2020 12:00:00 AM,9.5,1.1,6.1,12,98.1,48.9,-101.4954,-4.2000003,0,0,0,0,0,0,0,0,0,0,0,0,0,0,0,0,0,0,0,0,0,0,0,
..\..\..\files\weather\hourly\Perugia.csv,2/16/2020 12:00:00 AM,10.6,-0.1,0,0,78.6,34.8,-101.47858,-5.2672896,0.01682245,0,0,0,0,0,0,0,0,0,0,0,0,0,0,0,0,0,0,0,0,0,0,
..\..\..\files\weather\hourly\Perugia.csv,2/17/2020 12:00:00 AM,12.9,0,0,0,77.5,32.1,-101.15261,-6.124031,0.32596892,0,0,0,0,0,0,0,0,0,0,0,0,0,0,0,0,0,0,0,0,0,0,
..\..\..\files\weather\hourly\Perugia.csv,2/18/2020 12:00:00 AM,13.1,1.2,0,1,80.8,36.7,-100.74883,-5.5462184,0.4037816,0,0,0,0,0,0,0,0,0,0,0,0,0,0,0,0,0,0,0,0,0,0,
..\..\..\files\weather\hourly\Perugia.csv,2/19/2020 12:00:00 AM,11.6,2.2,0,0,88.4,50.1,-100.61266,-4.5638294,0.13617027,0,0,0,0,0,0,0,0,0,0,0,0,0,0,0,0,0,0,0,0,0,0,
..\..\..\files\weather\hourly\Perugia.csv,2/20/2020 12:00:00 AM,8.1,0.6,2,10,96.5,66.2,-100.61266,-3.7500005,0,0,0,0,0,0,0,0,0,0,0,0,0,0,0,0,0,0,0,0,0,0,0,
..\..\..\files\weather\hourly\Perugia.csv,2/21/2020 12:00:00 AM,8.4,-1.4,0,5,95.4,27.8,-100.61266,-3.5999997,0,0,0,0,0,0,0,0,0,0,0,0,0,0,0,0,0,0,0,0,0,0,0,
..\..\..\files\weather\hourly\Perugia.csv,2/22/2020 12:00:00 AM,10.5,-1.4,0,0,79.8,30.9,-100.60216,-4.6428576,0.010504202,0,0,0,0,0,0,0,0,0,0,0,0,0,0,0,0,0,0,0,0,0,0,
..\..\..\files\weather\hourly\Perugia.csv,2/23/2020 12:00:00 AM,11.7,0.5,0,0,78,38.8,-100.47314,-5.470982,0.12901783,0,0,0,0,0,0,0,0,0,0,0,0,0,0,0,0,0,0,0,0,0,0,
..\..\..\files\weather\hourly\Perugia.csv,2/24/2020 12:00:00 AM,13.2,2.2,0,3,88,35.5,-100.00768,-5.0345454,0.4654545,0,0,0,0,0,0,0,0,0,0,0,0,0,0,0,0,0,0,0,0,0,0,
..\..\..\files\weather\hourly\Perugia.csv,2/25/2020 12:00:00 AM,16,5.3,0,10,94.7,50.2,-98.32544,-3.6677566,1.682243,0,0,0,0,0,0,0,0,0,0,0,0,0,0,0,0,0,0,0,0,0,0,
..\..\..\files\weather\hourly\Perugia.csv,2/26/2020 12:00:00 AM,11.2,6,0,1,93.2,53.4,-98.18698,-2.4615388,0.1384615,0,0,0,0,0,0,0,0,0,0,0,0,0,0,0,0,0,0,0,0,0,0,
..\..\..\files\weather\hourly\Perugia.csv,2/27/2020 12:00:00 AM,9,-1.2,10.5,19,98,68.8,-98.18698,-3.9705882,0,0,0,0,0,0,0,0,0,0,0,0,0,0,0,0,0,0,0,0,0,0,0,
..\..\..\files\weather\hourly\Perugia.csv,2/28/2020 12:00:00 AM,6,-4.9,5.1,10,96.5,27.2,-98.18698,-1.6513762,0,0,0,0,0,0,0,0,0,0,0,0,0,0,0,0,0,0,0,0,0,0,0,
..\..\..\files\weather\hourly\Perugia.csv,2/29/2020 12:00:00 AM,7.9,-1.8,2.4,5,99.6,19.7,-98.18698,-3.2170103,0,0,0,0,0,0,0,0,0,0,0,0,0,0,0,0,0,0,0,0,0,0,0,
..\..\..\files\weather\hourly\Perugia.csv,3/1/2020 12:00:00 AM,9.2,-2.6,0,0,71.2,42.2,-98.18698,-3.5864408,0,0,0,0,0,0,0,0,0,0,0,0,0,0,0,0,0,0,0,0,0,0,0,
..\..\..\files\weather\hourly\Perugia.csv,3/2/2020 12:00:00 AM,11,5.8,10.1,15,95.1,64.3,-98.09083,-2.5038457,0.09615385,0,0,0,0,0,0,0,0,0,0,0,0,0,0,0,0,0,0,0,0,0,0,
..\..\..\files\weather\hourly\Perugia.csv,3/3/2020 12:00:00 AM,11.1,4.7,21.6,14,89.5,57.8,-97.9963,-3.105469,0.09453131,0,0,0,0,0,0,0,0,0,0,0,0,0,0,0,0,0,0,0,0,0,0,
..\..\..\files\weather\hourly\Perugia.csv,3/4/2020 12:00:00 AM,6,1.2,5.4,24,95.9,84,-97.9963,-2.3999999,0,0,0,0,0,0,0,0,0,0,0,0,0,0,0,0,0,0,0,0,0,0,0,
..\..\..\files\weather\hourly\Perugia.csv,3/5/2020 12:00:00 AM,6.5,0,2.3000002,20,97,64.1,-97.9963,-3.25,0,0,0,0,0,0,0,0,0,0,0,0,0,0,0,0,0,0,0,0,0,0,0,
..\..\..\files\weather\hourly\Perugia.csv,3/6/2020 12:00:00 AM,9.9,-1.2,2,10,92.9,28.9,-97.9963,-4.414865,0,0,0,0,0,0,0,0,0,0,0,0,0,0,0,0,0,0,0,0,0,0,0,
..\..\..\files\weather\hourly\Perugia.csv,3/7/2020 12:00:00 AM,8.6,2.2,8,24,97.7,65.6,-97.9963,-3.2,0,0,0,0,0,0,0,0,0,0,0,0,0,0,0,0,0,0,0,0,0,0,0,
..\..\..\files\weather\hourly\Perugia.csv,3/8/2020 12:00:00 AM,7.8,0.5,4.1,20,95.6,64,-97.9963,-3.65,0,0,0,0,0,0,0,0,0,0,0,0,0,0,0,0,0,0,0,0,0,0,0,
..\..\..\files\weather\hourly\Perugia.csv,3/9/2020 12:00:00 AM,7.5,-1.9,0,5,93.3,41.3,-97.9963,-2.9920213,0,0,0,0,0,0,0,0,0,0,0,0,0,0,0,0,0,0,0,0,0,0,0,
..\..\..\files\weather\hourly\Perugia.csv,3/10/2020 12:00:00 AM,8.5,-2.7,0,0,81.4,43.3,-97.9963,-3.2254465,0,0,0,0,0,0,0,0,0,0,0,0,0,0,0,0,0,0,0,0,0,0,0,
..\..\..\files\weather\hourly\Perugia.csv,3/11/2020 12:00:00 AM,9.8,-0.2,0,3,92.2,45,-97.9963,-4.802,0,0,0,0,0,0,0,0,0,0,0,0,0,0,0,0,0,0,0,0,0,0,0,
..\..\..\files\weather\hourly\Perugia.csv,3/12/2020 12:00:00 AM,15.1,1.1,0,1,83.9,39.8,-97.06737,-6.0710716,0.92892873,0,0,0,0,0,0,0,0,0,0,0,0,0,0,0,0,0,0,0,0,0,0,
..\..\..\files\weather\hourly\Perugia.csv,3/13/2020 12:00:00 AM,14.5,4.3,0,4,90.8,53,-96.07472,-4.1073523,0.99264705,0,0,0,0,0,0,0,0,0,0,0,0,0,0,0,0,0,0,0,0,0,0,
..\..\..\files\weather\hourly\Perugia.csv,3/14/2020 12:00:00 AM,15.2,5.6,0,6,97.4,58.4,-94.66639,-3.3916664,1.4083332,0,0,0,0,0,0,0,0,0,0,0,0,0,0,0,0,0,0,0,0,0,0,
..\..\..\files\weather\hourly\Perugia.csv,3/15/2020 12:00:00 AM,12.3,5.5,0.1,8,96.3,66.8,-94.27742,-3.011029,0.38897064,0,0,0,0,0,0,0,0,0,0,0,0,0,0,0,0,0,0,0,0,0,0,
..\..\..\files\weather\hourly\Perugia.csv,3/16/2020 12:00:00 AM,9.8,1.3,0,4,91.8,43.2,-94.27742,-4.25,0,0,0,0,0,0,0,0,0,0,0,0,0,0,0,0,0,0,0,0,0,0,0,
..\..\..\files\weather\hourly\Perugia.csv,3/17/2020 12:00:00 AM,13,-0.1,0,3,78.6,35.4,-93.93391,-6.793893,0.34351143,0,0,0,0,0,0,0,0,0,0,0,0,0,0,0,0,0,0,0,0,0,0,
..\..\..\files\weather\hourly\Perugia.csv,3/18/2020 12:00:00 AM,13.3,2.6,0,9,88.7,45.8,-93.425026,-4.841121,0.5088785,0,0,0,0,0,0,0,0,0,0,0,0,0,0,0,0,0,0,0,0,0,0,
..\..\..\files\weather\hourly\Perugia.csv,3/19/2020 12:00:00 AM,13.3,0.5,0,3,94.5,29.2,-92.99963,-5.9746094,0.42539066,0,0,0,0,0,0,0,0,0,0,0,0,0,0,0,0,0,0,0,0,0,0,
..\..\..\files\weather\hourly\Perugia.csv,3/20/2020 12:00:00 AM,15.6,3.5,0,0,77.2,34.6,-91.703766,-4.7541323,1.2958679,0,0,0,0,0,0,0,0,0,0,0,0,0,0,0,0,0,0,0,0,0,0,
..\..\..\files\weather\hourly\Perugia.csv,3/21/2020 12:00:00 AM,14.6,4.1,0,1,83.4,49.1,-90.696144,-4.242381,1.0076193,0,0,0,0,0,0,0,0,0,0,0,0,0,0,0,0,0,0,0,0,0,0,
..\..\..\files\weather\hourly\Perugia.csv,3/22/2020 12:00:00 AM,13.1,3.5,0.6,4,92.5,53.5,-90.195625,-4.2994795,0.50052094,0,0,0,0,0,0,0,0,0,0,0,0,0,0,0,0,0,0,0,0,0,0,
..\..\..\files\weather\hourly\Perugia.csv,3/23/2020 12:00:00 AM,12.3,2.3,0,3,94.1,46.9,-89.93112,-4.7355,0.26450005,0,0,0,0,0,0,0,0,0,0,0,0,0,0,0,0,0,0,0,0,0,0,
..\..\..\files\weather\hourly\Perugia.csv,3/24/2020 12:00:00 AM,1.3,-3.2,0,0,74,42.7,-89.93112,-0.18777776,0,0,0,0,0,0,0,0,0,0,0,0,0,0,0,0,0,0,0,0,0,0,0,
..\..\..\files\weather\hourly\Perugia.csv,3/25/2020 12:00:00 AM,0.5,-4,7.9,23,88.8,68.3,-89.93112,-0.027777778,0,0,0,0,0,0,0,0,0,0,0,0,0,0,0,0,0,0,0,0,0,0,0,
..\..\..\files\weather\hourly\Perugia.csv,3/26/2020 12:00:00 AM,2.3,-5.2,8.2,23,90.5,62.2,-89.93112,-0.35266668,0,0,0,0,0,0,0,0,0,0,0,0,0,0,0,0,0,0,0,0,0,0,0,
..\..\..\files\weather\hourly\Perugia.csv,3/27/2020 12:00:00 AM,4.4,0.1,22.5,24,92.5,80.7,-89.93112,-2.15,0,0,0,0,0,0,0,0,0,0,0,0,0,0,0,0,0,0,0,0,0,0,0,
..\..\..\files\weather\hourly\Perugia.csv,3/28/2020 12:00:00 AM,6.9,2.7,7.5,21,93.4,76.7,-89.93112,-2.1000001,0,0,0,0,0,0,0,0,0,0,0,0,0,0,0,0,0,0,0,0,0,0,0,
..\..\..\files\weather\hourly\Perugia.csv,3/29/2020 12:00:00 AM,9.9,1.8,0.70000005,17,95.6,61.4,-89.93112,-4.05,0,0,0,0,0,0,0,0,0,0,0,0,0,0,0,0,0,0,0,0,0,0,0,
..\..\..\files\weather\hourly\Perugia.csv,3/30/2020 12:00:00 AM,12.1,1,0.5,11,96.8,42.8,-89.732475,-5.3513513,0.19864872,0,0,0,0,0,0,0,0,0,0,0,0,0,0,0,0,0,0,0,0,0,0,
..\..\..\files\weather\hourly\Perugia.csv,3/31/2020 12:00:00 AM,11.3,2.7,9.7,21,99.4,58.5,-89.63422,-4.2017446,0.09825584,0,0,0,0,0,0,0,0,0,0,0,0,0,0,0,0,0,0,0,0,0,0,
..\..\..\files\weather\hourly\Perugia.csv,4/1/2020 12:00:00 AM,5.8,-2.3,3.6000001,14,98.9,65.6,-89.63422,-2.0765433,0,0,0,0,0,0,0,0,0,0,0,0,0,0,0,0,0,0,0,0,0,0,0,
..\..\..\files\weather\hourly\Perugia.csv,4/2/2020 12:00:00 AM,3.4,-2.8,0,0,70.6,38.8,-89.63422,-0.9322581,0,0,0,0,0,0,0,0,0,0,0,0,0,0,0,0,0,0,0,0,0,0,0,
..\..\..\files\weather\hourly\Perugia.csv,4/3/2020 12:00:00 AM,9.1,-2.6,0,0,80.5,36.8,-89.63422,-3.538889,0,0,0,0,0,0,0,0,0,0,0,0,0,0,0,0,0,0,0,0,0,0,0,
..\..\..\files\weather\hourly\Perugia.csv,4/4/2020 12:00:00 AM,11,-0.7,0,0,82.3,35.2,-89.591484,-5.2136755,0.042735044,0,0,0,0,0,0,0,0,0,0,0,0,0,0,0,0,0,0,0,0,0,0,
..\..\..\files\weather\hourly\Perugia.csv,4/5/2020 12:00:00 AM,11.3,0.8,0,0,78.6,35.2,-89.51101,-5.1695237,0.08047622,0,0,0,0,0,0,0,0,0,0,0,0,0,0,0,0,0,0,0,0,0,0,
..\..\..\files\weather\hourly\Perugia.csv,4/6/2020 12:00:00 AM,12.1,1.5,0,0,80.3,40.4,-89.30299,-5.0919814,0.20801894,0,0,0,0,0,0,0,0,0,0,0,0,0,0,0,0,0,0,0,0,0,0,
..\..\..\files\weather\hourly\Perugia.csv,4/7/2020 12:00:00 AM,14.8,3.8,0,2,85.3,40,-88.25572,-4.4527273,1.0472728,0,0,0,0,0,0,0,0,0,0,0,0,0,0,0,0,0,0,0,0,0,0,
..\..\..\files\weather\hourly\Perugia.csv,4/8/2020 12:00:00 AM,15.8,3.4,0,6,87.5,31.7,-86.89927,-4.843549,1.3564517,0,0,0,0,0,0,0,0,0,0,0,0,0,0,0,0,0,0,0,0,0,0,
..\..\..\files\weather\hourly\Perugia.csv,4/9/2020 12:00:00 AM,15.2,4.2,0,3,79.9,23.3,-85.67018,-4.2709093,1.2290908,0,0,0,0,0,0,0,0,0,0,0,0,0,0,0,0,0,0,0,0,0,0,
..\..\..\files\weather\hourly\Perugia.csv,4/10/2020 12:00:00 AM,15.8,3.3,0,3,77.6,22.1,-84.324585,-4.9044,1.3456001,0,0,0,0,0,0,0,0,0,0,0,0,0,0,0,0,0,0,0,0,0,0,
..\..\..\files\weather\hourly\Perugia.csv,4/11/2020 12:00:00 AM,17.8,5.1,0,0,65.9,22.3,-81.929306,-3.9547246,2.3952754,0,0,0,0,0,0,0,0,0,0,0,0,0,0,0,0,0,0,0,0,0,0,
..\..\..\files\weather\hourly\Perugia.csv,4/12/2020 12:00:00 AM,18.2,6.8,0,0,60,22.5,-78.98019,-2.7508767,2.9491231,0,0,0,0,0,0,0,0,0,0,0,0,0,0,0,0,0,0,0,0,0,0,
..\..\..\files\weather\hourly\Perugia.csv,4/13/2020 12:00:00 AM,17.8,6.2,0,0,76.1,26.6,-76.35777,-3.1775868,2.6224134,0,0,0,0,0,0,0,0,0,0,0,0,0,0,0,0,0,0,0,0,0,0,
..\..\..\files\weather\hourly\Perugia.csv,4/14/2020 12:00:00 AM,16.2,5.6,1.5,8,91.7,32.3,-74.54456,-3.4867926,1.813208,0,0,0,0,0,0,0,0,0,0,0,0,0,0,0,0,0,0,0,0,0,0,
..\..\..\files\weather\hourly\Perugia.csv,4/15/2020 12:00:00 AM,9.1,1.7,5.7000003,21,93.2,76.4,-74.54456,-3.7,0,0,0,0,0,0,0,0,0,0,0,0,0,0,0,0,0,0,0,0,0,0,0,
..\..\..\files\weather\hourly\Perugia.csv,4/16/2020 12:00:00 AM,13.1,-0.1,0,2,89.2,30.8,-74.18055,-6.864394,0.36401522,0,0,0,0,0,0,0,0,0,0,0,0,0,0,0,0,0,0,0,0,0,0,
..\..\..\files\weather\hourly\Perugia.csv,4/17/2020 12:00:00 AM,16.3,2.2,0,0,83.9,34.4,-72.7731,-5.642554,1.4074465,0,0,0,0,0,0,0,0,0,0,0,0,0,0,0,0,0,0,0,0,0,0,
..\..\..\files\weather\hourly\Perugia.csv,4/18/2020 12:00:00 AM,18.3,3.2,0,2,91.1,34.9,-70.491974,-5.268875,2.2811253,0,0,0,0,0,0,0,0,0,0,0,0,0,0,0,0,0,0,0,0,0,0,
..\..\..\files\weather\hourly\Perugia.csv,4/19/2020 12:00:00 AM,19.4,6.1,0,5,93.4,49.6,-67.170166,-3.3281956,3.3218045,0,0,0,0,0,0,0,0,0,0,0,0,0,0,0,0,0,0,0,0,0,0,
..\..\..\files\weather\hourly\Perugia.csv,4/20/2020 12:00:00 AM,18.5,9.1,2.7,9,97.5,47.3,-63.32708,-0.8569145,3.8430853,0,0,0,0,0,0,0,0,0,0,0,0,0,0,0,0,0,0,0,0,0,0,
..\..\..\files\weather\hourly\Perugia.csv,4/21/2020 12:00:00 AM,13,10.1,17.5,24,97.7,89.4,-61.77708,0,1.5500002,0,0,0,0,0,0,1,0,0,0,0,0,0,0,1,0,0,0,0,0,0,0,
..\..\..\files\weather\hourly\Perugia.csv,4/22/2020 12:00:00 AM,10.3,8.1,3.9,18,98.2,88.7,-61.756626,-1.0795459,0.020454573,0,0,0,0,0,0,1,0,0,0,0,1,0,0,1,0,0,0,0,1,0,0,
..\..\..\files\weather\hourly\Perugia.csv,4/23/2020 12:00:00 AM,8.8,6.6,9.400001,23,96.6,91.6,-61.756626,-1.0999999,0,0,0,0,0,0,0,0,0,0,0,0,1,0,0,0,0,0,0,0,1,0,0,
..\..\..\files\weather\hourly\Perugia.csv,4/24/2020 12:00:00 AM,14.2,5.5,0,7,95.8,49.2,-60.742832,-3.3362074,1.013793,0,0,0,0,0,0,0,0,0,0,0,0,0,0,0,0,0,0,0,0,0,0,
..\..\..\files\weather\hourly\Perugia.csv,4/25/2020 12:00:00 AM,16.4,4.1,0,1,96.2,39.2,-59.077793,-4.4849596,1.6650406,0,0,0,0,0,0,0,0,0,0,0,0,0,0,0,0,0,0,0,0,0,0,
..\..\..\files\weather\hourly\Perugia.csv,4/26/2020 12:00:00 AM,16.2,5,0,0,96.3,41.1,-57.36172,-3.8839288,1.7160717,0,0,0,0,0,0,0,0,0,0,0,0,0,0,0,0,0,0,0,0,0,0,
..\..\..\files\weather\hourly\Perugia.csv,4/27/2020 12:00:00 AM,16.6,5,0,0,81.6,34,-55.484135,-3.9224138,1.8775864,0,0,0,0,0,0,0,0,0,0,0,0,0,0,0,0,0,0,0,0,0,0,
..\..\..\files\weather\hourly\Perugia.csv,4/28/2020 12:00:00 AM,16.4,6,0.2,3,96.5,55.1,-53.514904,-3.2307692,1.9692307,0,0,0,0,0,0,0,0,0,0,0,0,0,0,0,0,0,0,0,0,0,0,
..\..\..\files\weather\hourly\Perugia.csv,4/29/2020 12:00:00 AM,14.9,7.3,7.7,19,96.7,71.6,-51.9353,-2.220395,1.5796051,0,0,0,0,0,0,0,0,0,0,0,0,0,0,0,0,0,0,0,0,0,0,
..\..\..\files\weather\hourly\Perugia.csv,4/30/2020 12:00:00 AM,14.5,7.2,4.3,22,99.2,64.1,-50.548313,-2.2630143,1.3869863,0,0,0,0,0,0,0,0,0,0,0,0,0,0,0,0,0,0,0,0,0,0,
..\..\..\files\weather\hourly\Perugia.csv,5/1/2020 12:00:00 AM,15.2,6.7,0.3,5,94.9,50.3,-48.957726,-2.659412,1.5905881,0,0,0,0,0,0,0,0,0,0,0,0,0,0,0,0,0,0,0,0,0,0,
..\..\..\files\weather\hourly\Perugia.csv,5/2/2020 12:00:00 AM,14.7,9.7,2.2,10,89.3,59.3,-46.748726,-0.29100013,2.2089999,0,0,0,0,0,0,0,0,0,0,0,0,0,0,0,0,0,0,0,0,0,0,
..\..\..\files\weather\hourly\Perugia.csv,5/3/2020 12:00:00 AM,16.8,8.6,4.6,23,94.6,73.3,-43.929214,-1.2804875,2.819512,0,0,0,0,0,0,0,0,0,1,0,1,0,0,0,0,0,1,0,1,0,0,
..\..\..\files\weather\hourly\Perugia.csv,5/4/2020 12:00:00 AM,16,5.2,2.2,6,92.7,57.6,-42.262547,-3.733334,1.6666666,0,0,0,0,0,0,0,0,0,1,0,0,0,0,0,0,0,1,0,0,0,0,
..\..\..\files\weather\hourly\Perugia.csv,5/5/2020 12:00:00 AM,18.9,3.7,0,0,90,28,-39.656956,-4.9944086,2.6055918,0,0,0,0,0,0,0,0,0,0,0,0,0,0,0,0,0,0,0,0,0,0,
..\..\..\files\weather\hourly\Perugia.csv,5/6/2020 12:00:00 AM,17.9,7.1,0.1,1,89.9,55.5,-36.767605,-2.5106485,2.8893516,0,0,0,0,0,0,0,0,0,0,0,0,0,0,0,0,0,0,0,0,0,0,
..\..\..\files\weather\hourly\Perugia.csv,5/7/2020 12:00:00 AM,19.1,7.2,0.6,4,87.8,48.4,-33.288193,-2.470588,3.4794118,0,0,0,0,0,0,0,0,0,1,0,1,0,0,0,0,0,1,0,1,0,0,
..\..\..\files\weather\hourly\Perugia.csv,5/8/2020 12:00:00 AM,17,5.7,0,0,87.6,30.1,-31.12005,-3.481859,2.1681416,0,0,0,0,0,0,0,0,0,0,0,0,0,0,0,0,0,0,0,0,0,0,
..\..\..\files\weather\hourly\Perugia.csv,5/9/2020 12:00:00 AM,20.7,5.3,0,0,88.5,30.7,-27.402842,-3.9827917,3.7172081,0,0,0,0,0,0,0,0,0,0,0,0,0,0,0,0,0,0,0,0,0,0,
..\..\..\files\weather\hourly\Perugia.csv,5/10/2020 12:00:00 AM,20.3,7.4,0,1,87.8,31.5,-23.290827,-2.3379846,4.112015,0,0,0,0,0,0,0,0,0,0,0,0,0,0,0,0,0,0,0,0,0,0,
..\..\..\files\weather\hourly\Perugia.csv,5/11/2020 12:00:00 AM,20.2,10.6,0,0,81.6,37.9,-17.890827,0,5.4000006,0,0,0,0,0,0,0,0,0,0,0,0,0,0,0,0,0,0,0,0,0,0,
..\..\..\files\weather\hourly\Perugia.csv,5/12/2020 12:00:00 AM,17.4,10.6,0.90000004,5,86,49.7,-13.890827,0,4,0,0,0,0,0,0,0,0,0,1,0,0,0,0,0,0,0,1,0,0,0,0,
..\..\..\files\weather\hourly\Perugia.csv,5/13/2020 12:00:00 AM,17,9.8,4.2000003,12,94.3,73.5,-10.4880495,-0.19722152,3.402778,0,0,0,0,0,0,0,0,0,1,0,1,0,0,0,0,0,1,0,1,0,0,
..\..\..\files\weather\hourly\Perugia.csv,5/14/2020 12:00:00 AM,22.7,9.2,0.5,3,86.7,34.6,-4.514345,-0.7762966,5.9737043,0,0,0,0,0,0,0,0,0,1,0,1,0,0,0,0,0,1,0,1,0,0,
..\..\..\files\weather\hourly\Perugia.csv,5/15/2020 12:00:00 AM,24.3,14.4,1.1,4,76.4,40.2,0,0,9.349998,11.474101,11.474101,0.42496672,10.531208,10,2.1072307,0,0,0,1,0,1,0,0,0,0,0,1,0,1,0,0,
..\..\..\files\weather\hourly\Perugia.csv,5/16/2020 12:00:00 AM,18.7,11.2,0,0,90.8,47.9,0,0,4.950001,8.172577,19.646679,0.72765476,10.909569,10,2.422216,0,0,0,0,0,0,0,0,0,0,0,0,0,0,0,0,
..\..\..\files\weather\hourly\Perugia.csv,5/17/2020 12:00:00 AM,18.4,11.3,0.5,3,87.3,51,0,0,4.8500004,8.060055,27.706734,1.0261754,11.141359,11,2.6151817,0,0,0,1,0,0,0,0,0,0,0,1,0,0,0,0,
..\..\..\files\weather\hourly\Perugia.csv,5/18/2020 12:00:00 AM,22.9,13.2,0.4,3,77.4,47,0,0,8.049999,10.823297,38.53003,1.4270381,11.391899,11,2.823756,0,0,0,1,0,0,0,0,0,0,0,2,0,0,0,0,
..\..\..\files\weather\hourly\Perugia.csv,5/19/2020 12:00:00 AM,18.9,12.8,1.3000001,5,84.6,64.8,0,0,5.8500004,9.107166,47.637196,1.7643405,12.068475,12,3.482242,0,0,0,1,0,0,0,0,0,0,0,3,0,0,0,0,
..\..\..\files\weather\hourly\Perugia.csv,5/20/2020 12:00:00 AM,19,11,11,18,94.4,60.1,0,0,5,8.228178,55.86537,2.069088,12.195454,12,3.7645586,1,0,0,1,0,1,1,0,1,0,0,4,0,1,1,0,
..\..\..\files\weather\hourly\Perugia.csv,5/21/2020 12:00:00 AM,15,10.9,19.1,24,94,77.2,0,0,2.9499998,5.5739236,61.439297,2.2755294,12.28147,12,3.9558022,1,0,0,1,1,1,0,0,2,0,0,5,1,2,1,0,
..\..\..\files\weather\hourly\Perugia.csv,5/22/2020 12:00:00 AM,17.5,7.8,0,0,87.5,44.4,0,-1.9505148,2.8994846,5.117249,66.55655,2.4650574,13.02033,13,5.5985346,1,0,0,0,0,0,0,0,3,0,0,5,1,2,1,0,
..\..\..\files\weather\hourly\Perugia.csv,5/23/2020 12:00:00 AM,21.5,7.2,0,0,79.4,38.4,0,-2.5258746,4.624126,7.4707704,74.02732,2.7417526,13.106797,13,5.790779,0,0,0,0,0,0,0,0,3,0,0,5,1,2,1,0,
..\..\..\files\weather\hourly\Perugia.csv,5/24/2020 12:00:00 AM,22.4,10.9,0,0,82.3,41.6,0,0,6.6499996,9.822777,83.8501,3.105559,13.220488,13,6.0435505,0,0,0,0,0,0,0,0,3,0,0,5,1,2,1,0,
..\..\..\files\weather\hourly\Perugia.csv,5/25/2020 12:00:00 AM,21.7,11.9,0.1,1,87,46.9,0,0,6.799999,9.945159,93.79526,3.4738984,14.068475,14,7.928909,0,0,0,0,0,0,0,0,3,0,0,5,1,2,1,0,
..\..\..\files\weather\hourly\Perugia.csv,5/26/2020 12:00:00 AM,20.2,10.2,0,0,86.8,28.8,0,0,5.200001,8.446212,102.24147,3.786721,14.14668,14,8.102785,0,0,0,0,0,0,0,0,3,0,0,5,1,2,1,0,
..\..\..\files\weather\hourly\Perugia.csv,5/27/2020 12:00:00 AM,16.1,7.7,0,0,79.3,40.7,0,-1.9851189,2.214881,3.8903928,106.13187,3.9308097,14.182702,14,8.182875,0,0,0,0,0,0,0,0,3,0,0,5,1,2,1,0,
..\..\..\files\weather\hourly\Perugia.csv,5/28/2020 12:00:00 AM,14.9,6.4,0.4,6,85,45.8,0,-2.837647,1.4123527,1.5236104,107.65548,3.98724,14.19681,14,8.214241,0,0,0,0,0,0,0,0,3,0,0,5,1,2,1,0,
..\..\..\files\weather\hourly\Perugia.csv,5/29/2020 12:00:00 AM,17.3,6.6,0,0,74.1,36.7,0,-2.8598132,2.4901867,3.9761772,111.63165,4.1345057,20.000704,20,16.579874,0,0,0,0,0,0,0,0,3,0,0,5,1,2,1,0,
..\..\..\files\weather\hourly\Perugia.csv,5/30/2020 12:00:00 AM,11.8,7.3,15.900001,20,93.8,65.9,0,-1.8899999,0.36000007,0,111.63165,4.1345057,20.000704,20,16.579874,1,0,0,0,0,0,0,0,4,0,0,5,1,2,1,0,
..\..\..\files\weather\hourly\Perugia.csv,5/31/2020 12:00:00 AM,14,5.6,4.5,14,96.9,71.2,0,-3.2476192,0.952381,0,111.63165,4.1345057,20.000704,20,16.579874,0,0,0,0,0,0,0,0,4,0,0,5,1,2,1,0,
..\..\..\files\weather\hourly\Perugia.csv,6/1/2020 12:00:00 AM,16.2,5.5,2.7,9,95.1,49.6,0,-3.5537384,1.796262,1.9356912,113.567345,4.206198,22.005222,22,19.217398,0,0,0,1,0,0,0,0,4,0,0,6,1,2,1,0,
..\..\..\files\weather\hourly\Perugia.csv,6/2/2020 12:00:00 AM,16.9,7,0,3,95.1,50.2,0,-2.5454545,2.4045453,3.9761772,117.54352,4.3534636,28.0026,28,27.108685,0,0,0,0,0,0,0,0,4,0,0,6,1,2,1,0,
..\..\..\files\weather\hourly\Perugia.csv,6/3/2020 12:00:00 AM,19.3,7.7,1.8000001,3,92.3,40.8,0,-2.0719836,3.7280166,6.3639345,123.907455,4.589165,37.00222,37,38.950287,0,0,0,1,0,1,0,0,4,0,0,7,1,3,1,0,
..\..\..\files\weather\hourly\Perugia.csv,6/4/2020 12:00:00 AM,19.4,8.4,0.1,3,85.6,48.2,0,-1.4836369,4.016363,6.901621,130.80908,4.8447804,47.00055,47,52.105988,0,0,0,0,0,0,0,0,4,0,0,7,1,3,1,0,
..\..\..\files\weather\hourly\Perugia.csv,6/5/2020 12:00:00 AM,18.3,10.5,3.4,8,86.3,56.5,0,0,4.3999996,7.531719,138.3408,5.1237335,53.01856,53,60.092793,0,0,0,1,0,1,0,0,4,0,0,8,1,4,1,0,
..\..\..\files\weather\hourly\Perugia.csv,6/6/2020 12:00:00 AM,16,9.2,19.6,20,97.2,69.3,0,-0.75294185,2.6470587,5.039309,143.38011,5.3103743,53.046555,53,60.232773,1,0,0,1,0,1,1,0,5,0,0,9,1,5,2,0,
..\..\..\files\weather\hourly\Perugia.csv,6/7/2020 12:00:00 AM,21.3,8.4,0,5,96.2,47.2,0,-1.5007758,4.949224,8.060055,151.44017,5.608895,53.091335,53,60.456676,1,0,0,0,0,0,0,0,6,0,0,9,1,5,2,0,
..\..\..\files\weather\hourly\Perugia.csv,6/8/2020 12:00:00 AM,19.8,10.4,1,9,93.9,49.9,0,0,5.0999994,8.338066,159.77823,5.917712,53.137657,53,60.688286,0,0,0,1,0,1,0,0,6,0,0,10,1,6,2,0,
..\..\..\files\weather\hourly\Perugia.csv,6/9/2020 12:00:00 AM,18,11,11.1,23,97,76,0,0,4.5,7.652262,167.4305,6.2011294,53.18017,53,60.90084,1,0,1,1,0,1,1,1,7,0,1,11,1,7,3,1,
..\..\..\files\weather\hourly\Perugia.csv,6/10/2020 12:00:00 AM,17.1,9.6,7.6,9,94,62.7,0,-0.389333,3.360667,6.1543937,173.58488,6.4290695,53.21436,53,61.071796,1,0,1,1,1,1,1,0,8,0,2,12,2,8,4,1,
..\..\..\files\weather\hourly\Perugia.csv,6/11/2020 12:00:00 AM,15,10,5.8,18,90.2,63.1,0,-0,2.5,4.8818264,178.4667,6.609878,53.24148,53,61.20741,0,0,1,1,0,0,0,0,8,0,3,13,2,8,4,1,
..\..\..\files\weather\hourly\Perugia.csv,6/12/2020 12:00:00 AM,15,8,2.6,9,97.6,57,0,-1.7142857,1.7857143,3.181883,181.64859,6.727725,54.007328,54,65.03664,0,0,1,1,0,0,0,0,8,0,4,14,2,8,4,1,
..\..\..\files\weather\hourly\Perugia.csv,6/13/2020 12:00:00 AM,20.1,8.5,0,1,93.6,50.2,0,-1.403017,4.396983,7.409367,189.05795,7.0021467,54.040257,54,65.20128,0,0,0,0,0,0,0,0,8,0,4,14,2,8,4,1,
..\..\..\files\weather\hourly\Perugia.csv,6/14/2020 12:00:00 AM,21.5,10,2.1000001,10,94.9,50.9,0,-0,5.75,9.010175,198.06813,7.3358564,54.080303,54,65.40152,0,0,0,0,0,1,0,0,8,0,4,14,2,9,4,1,
..\..\..\files\weather\hourly\Perugia.csv,6/15/2020 12:00:00 AM,17.4,11.5,4,18,93,54.8,0,0,4.45,7.5922155,205.66034,7.6170497,54.114044,54,65.57022,0,0,1,1,0,1,0,0,8,0,5,15,2,10,4,1,
..\..\..\files\weather\hourly\Perugia.csv,6/16/2020 12:00:00 AM,18,10.9,11,20,100.1,67.3,0,0,4.45,7.5922155,213.25255,7.898243,54.14779,54,65.738945,1,0,1,1,0,1,1,0,9,0,6,16,2,11,5,1,
..\..\..\files\weather\hourly\Perugia.csv,6/17/2020 12:00:00 AM,19.1,10.9,12.1,18,97.7,70.6,0,0,5,8.228178,221.48073,8.202991,54.18436,54,65.9218,1,0,1,1,1,1,0,0,10,0,7,17,3,12,5,1,
..\..\..\files\weather\hourly\Perugia.csv,6/18/2020 12:00:00 AM,18.1,10.9,5.7,20,97.8,58.7,0,0,4.5,7.652262,229.133,8.486407,55.01531,55,70.07654,1,0,1,1,1,1,0,1,11,0,8,18,4,13,5,2,
..\..\..\files\weather\hourly\Perugia.csv,6/19/2020 12:00:00 AM,19.2,10.5,0.90000004,10,98.5,52.9,0,0,4.8500004,8.060055,237.19305,8.784928,55.04516,55,70.22579,0,0,0,1,0,1,0,0,11,0,8,19,4,14,5,2,
..\..\..\files\weather\hourly\Perugia.csv,6/20/2020 12:00:00 AM,19.5,10.8,0,3,92.8,54.8,0,0,5.1499996,8.392356,245.5854,9.095756,55.07624,55,70.3812,0,0,0,0,0,0,0,0,11,0,8,19,4,14,5,2,
..\..\..\files\weather\hourly\Perugia.csv,6/21/2020 12:00:00 AM,20.1,10.3,0.1,4,92.1,51.1,0,0,5.200001,8.446212,254.03162,9.408578,55.107525,55,70.53763,0,0,0,0,0,0,0,0,11,0,8,19,4,14,5,2,
..\..\..\files\weather\hourly\Perugia.csv,6/22/2020 12:00:00 AM,20,11.6,1.6,3,81,49.2,0,0,5.8,9.058882,263.09048,9.744092,55.141075,55,70.705376,0,0,0,1,0,0,0,0,11,0,8,20,4,14,5,2,
..\..\..\files\weather\hourly\Perugia.csv,6/23/2020 12:00:00 AM,21.9,12.9,0,0,77.5,46.7,0,0,7.3999996,10.398027,273.48853,10.129205,56.011074,56,75.055374,0,0,0,0,0,0,0,0,11,0,8,20,4,14,5,2,
..\..\..\files\weather\hourly\Perugia.csv,6/24/2020 12:00:00 AM,23.1,12.4,0,0,76.4,42,0,0,7.75,10.635394,284.12393,10.5231085,56.044838,56,75.22419,0,0,0,0,0,0,0,0,11,0,8,20,4,14,5,2,
..\..\..\files\weather\hourly\Perugia.csv,6/25/2020 12:00:00 AM,24.3,11.4,0,0,80.2,39.8,0,0,7.8499985,10.6996155,294.82355,10.919391,56.078804,56,75.39402,0,0,0,0,0,0,0,0,11,0,8,20,4,14,5,2,
..\..\..\files\weather\hourly\Perugia.csv,6/26/2020 12:00:00 AM,23.3,12.9,0.2,2,86.9,50,0,0,8.099998,10.853226,305.67676,11.321362,56.11326,56,75.56629,0,0,0,0,0,0,0,0,11,0,8,20,4,14,5,2,
..\..\..\files\weather\hourly\Perugia.csv,6/27/2020 12:00:00 AM,24.9,14,0,0,84.7,41.5,0,0,9.450001,11.513293,317.19006,11.747781,57.006084,57,80.030426,0,0,0,0,0,0,0,0,11,0,8,20,4,14,5,2,
..\..\..\files\weather\hourly\Perugia.csv,6/28/2020 12:00:00 AM,25.6,13.3,0,0,80.8,39.4,0,0,9.450001,11.513293,328.70337,12.174199,57.038067,57,80.19034,0,0,0,0,0,0,0,0,11,0,8,20,4,14,5,2,
..\..\..\files\weather\hourly\Perugia.csv,6/29/2020 12:00:00 AM,26.7,14.2,0.2,1,76.3,37.6,0,0,10.450001,11.821058,340.5244,12.612015,57.0709,57,80.3545,0,0,0,0,0,1,0,0,11,0,8,20,4,15,5,2,
..\..\..\files\weather\hourly\Perugia.csv,6/30/2020 12:00:00 AM,26.4,15.1,0,0,75.9,41.9,0,0,10.75,11.883785,352.4082,13.0521555,57.103912,57,80.51956,0,0,0,0,0,0,0,0,11,0,8,20,4,15,5,2,
..\..\..\files\weather\hourly\Perugia.csv,7/1/2020 12:00:00 AM,26.3,15.8,0,0,95.9,46.1,0,0,11.049999,11.932967,364.34116,13.494118,58.01072,58,85.0536,0,0,0,0,0,0,0,0,11,0,8,20,4,15,5,2,
..\..\..\files\weather\hourly\Perugia.csv,7/2/2020 12:00:00 AM,27.3,15.1,0.3,1,94.2,46.5,0,0,11.200001,11.9524975,376.29364,13.936801,58.04023,58,85.20115,0,0,0,1,0,0,0,0,11,0,8,21,4,15,5,2,
..\..\..\files\weather\hourly\Perugia.csv,7/3/2020 12:00:00 AM,28.1,16.3,0,0,85.5,39.9,0,0,12.200001,11.997045,388.29068,14.381136,58.069855,58,85.34927,0,0,0,0,0,0,0,0,11,0,8,21,4,15,5,2,
..\..\..\files\weather\hourly\Perugia.csv,7/4/2020 12:00:00 AM,26.8,15.5,1.6,4,89.8,40.1,0,0,11.15,11.94636,400.23703,14.823593,58.09935,58,85.49675,0,0,0,1,0,0,0,0,11,0,8,22,4,15,5,2,
..\..\..\files\weather\hourly\Perugia.csv,7/5/2020 12:00:00 AM,22,13.9,7.2,8,89.9,63,0,0,7.950001,10.762251,410.99927,15.222195,59.013332,59,90.066666,0,1,1,1,0,1,0,0,11,1,9,23,4,16,5,2,
..\..\..\files\weather\hourly\Perugia.csv,7/6/2020 12:00:00 AM,23.8,13.3,0,0,85.4,45.5,0,0,8.549999,11.104855,422.10413,15.633486,59.03801,59,90.19005,0,0,0,0,0,0,0,0,11,1,9,23,4,16,5,2,
..\..\..\files\weather\hourly\Perugia.csv,7/7/2020 12:00:00 AM,26.9,14.5,0,0,68.6,41.3,0,0,10.700001,11.874272,433.9784,16.073273,59.064396,59,90.321976,0,0,0,0,0,0,0,0,11,1,9,23,4,16,5,2,
..\..\..\files\weather\hourly\Perugia.csv,7/8/2020 12:00:00 AM,22.7,13.6,0,0,83.4,56.7,0,0,8.150002,10.882761,444.86115,16.47634,59.08858,59,90.4429,0,0,0,0,0,0,0,0,11,1,9,23,4,16,5,2,
..\..\..\files\weather\hourly\Perugia.csv,7/9/2020 12:00:00 AM,25.3,12.4,0,0,88.2,42.7,0,0,8.849998,11.254976,456.11612,16.89319,60.012356,60,95.06178,0,0,0,0,0,0,0,0,11,1,9,23,4,16,5,2,
..\..\..\files\weather\hourly\Perugia.csv,7/10/2020 12:00:00 AM,27.7,14.4,0,0,88.1,39.6,0,0,11.049999,11.932967,468.04907,17.335152,60.03646,60,95.182304,0,0,0,0,0,0,0,0,11,1,9,23,4,16,5,2,
..\..\..\files\weather\hourly\Perugia.csv,7/11/2020 12:00:00 AM,28.2,15.6,0,0,75.5,37,0,0,11.900002,11.99926,480.04834,17.779568,60.060703,60,95.30351,0,0,0,0,0,0,0,0,11,1,9,23,4,16,5,2,
..\..\..\files\weather\hourly\Perugia.csv,7/12/2020 12:00:00 AM,27,16.4,0.3,1,82.3,37.3,0,0,11.700001,11.993336,492.0417,18.223766,60.084934,60,95.42467,0,0,0,0,0,0,0,0,11,1,9,23,4,16,5,2,
..\..\..\files\weather\hourly\Perugia.csv,7/13/2020 12:00:00 AM,23.4,15.3,2.6000001,5,87.9,60.8,0,0,9.35,11.474102,503.51578,18.648733,61.01577,61,100,0,0,0,0,0,1,0,0,11,1,9,23,4,17,5,2,
..\..\..\files\weather\hourly\Perugia.csv,7/14/2020 12:00:00 AM,22.5,12.2,0,0,82.3,40.2,0,0,7.3500004,10.362514,513.8783,19.03253,61.03496,61,100,0,0,0,0,0,0,0,0,11,1,9,23,4,17,5,2,
..\..\..\files\weather\hourly\Perugia.csv,7/15/2020 12:00:00 AM,22.8,11.4,0,0,71.6,39.3,0,0,7.0999985,10.178892,524.0572,19.409525,61.05381,61,100,0,0,0,0,0,0,0,0,11,1,9,23,4,17,5,2,
..\..\..\files\weather\hourly\Perugia.csv,7/16/2020 12:00:00 AM,21.9,12.3,3,6,91.5,45.5,0,0,7.1000004,10.178894,534.2361,19.786522,61.07266,61,100,0,1,1,1,0,0,0,0,11,2,10,24,4,17,5,2,
..\..\..\files\weather\hourly\Perugia.csv,7/17/2020 12:00:00 AM,23,12,0,0,86.5,42.4,0,0,7.5,10.46785,544.7039,20.17422,71.00702,71,89.94736,0,0,0,0,0,0,0,0,11,2,10,24,4,17,5,2,
..\..\..\files\weather\hourly\Perugia.csv,7/18/2020 12:00:00 AM,20.9,13.2,5.5,5,92.6,56.1,0,0,7.049999,10.140954,554.84485,20.54981,71.02214,71,89.83395,0,1,1,1,0,0,0,0,11,3,11,25,4,17,5,2,
..\..\..\files\weather\hourly\Perugia.csv,7/19/2020 12:00:00 AM,20.1,11.9,0.8,2,91.7,41.9,0,0,6,9.249487,564.09436,20.892384,71.035934,71,89.73049,0,0,0,1,0,0,0,0,11,3,11,26,4,17,5,2,
..\..\..\files\weather\hourly\Perugia.csv,7/20/2020 12:00:00 AM,22.2,11.3,0,0,75.7,39.6,0,0,6.75,9.904776,573.99915,21.259228,71.050705,71,89.61971,0,0,0,0,0,0,0,0,11,3,11,26,4,17,5,2,
..\..\..\files\weather\hourly\Perugia.csv,7/21/2020 12:00:00 AM,25.9,14.6,0,0,69.7,35,0,0,10.25,11.771682,585.7708,21.695215,71.06826,71,89.48805,0,0,0,0,0,0,0,0,11,3,11,26,4,17,5,2,
..\..\..\files\weather\hourly\Perugia.csv,7/22/2020 12:00:00 AM,28.2,15.7,0,0,68.8,31.4,0,0,11.950001,11.999815,597.7706,22.139654,71.08616,71,89.353806,0,0,0,0,0,0,0,0,11,3,11,26,4,17,5,2,
..\..\..\files\weather\hourly\Perugia.csv,7/23/2020 12:00:00 AM,28.3,18.4,0,0,68.9,36.8,0,0,13.349998,11.865945,609.6366,22.579134,71.10386,71,89.221054,0,0,0,0,0,0,0,0,11,3,11,26,4,17,5,2,
..\..\..\files\weather\hourly\Perugia.csv,7/24/2020 12:00:00 AM,27.8,17.4,0.4,2,80.6,37.1,0,0,12.599998,11.97344,621.61005,23.022594,71.12171,71,89.08716,0,0,0,1,0,1,0,0,11,3,11,27,4,18,5,2,
..\..\..\files\weather\hourly\Perugia.csv,7/25/2020 12:00:00 AM,27,15.3,5.1,8,90.9,43.8,0,0,11.15,11.94636,633.5564,23.465052,71.139534,71,88.95349,0,1,1,0,0,0,0,0,11,4,12,27,4,18,5,2,
..\..\..\files\weather\hourly\Perugia.csv,7/26/2020 12:00:00 AM,23.1,14.8,0,1,88.7,46.6,0,0,8.950001,11.301901,644.8583,23.883638,71.15639,71,88.827095,0,0,0,0,0,0,0,0,11,4,12,27,4,18,5,2,
..\..\..\files\weather\hourly\Perugia.csv,7/27/2020 12:00:00 AM,27,14.5,0,0,70.2,30.5,0,0,10.75,11.883785,656.74207,24.32378,71.17411,71,88.69417,0,0,0,0,0,0,0,0,11,4,12,27,4,18,5,2,
..\..\..\files\weather\hourly\Perugia.csv,7/28/2020 12:00:00 AM,28.5,17.6,0,0,63.8,35.9,0,0,13.049999,11.918808,668.6609,24.765219,71.19189,71,88.56085,0,0,0,0,0,0,0,0,11,4,12,27,4,18,5,2,
..\..\..\files\weather\hourly\Perugia.csv,7/29/2020 12:00:00 AM,30.3,17.9,0,0,71.2,33.2,0,0,14.099998,11.676555,680.33746,25.197685,72.01228,72,82.407875,0,0,0,0,0,0,0,0,11,4,12,27,4,18,5,2,
..\..\..\files\weather\hourly\Perugia.csv,7/30/2020 12:00:00 AM,31.6,19.3,0,0,74.7,33.8,0,0,15.450001,11.131313,691.46875,25.609955,72.02618,72,82.30368,0,0,0,0,0,0,0,0,11,4,12,27,4,18,5,2,
..\..\..\files\weather\hourly\Perugia.csv,7/31/2020 12:00:00 AM,31.5,20.3,0.6,2,67.4,30,0,0,15.9,10.891657,702.3604,26.013348,72.03977,72,82.201706,0,0,0,1,0,1,0,0,11,4,12,28,4,19,5,2,
..\..\..\files\weather\hourly\Perugia.csv,8/1/2020 12:00:00 AM,32.3,20.9,1.3000001,3,51.5,23.7,0,0,16.599998,10.461731,712.82214,26.40082,72.05283,72,82.103745,0,0,0,1,0,0,0,0,11,4,12,29,4,19,5,2,
..\..\..\files\weather\hourly\Perugia.csv,8/2/2020 12:00:00 AM,30.6,20.5,0.8,2,70.4,36.4,0,0,15.549999,11.080546,723.9027,26.811213,72.06667,72,81.999954,0,0,0,1,0,0,0,0,11,4,12,30,4,19,5,2,
..\..\..\files\weather\hourly\Perugia.csv,8/3/2020 12:00:00 AM,30.3,19.4,0.2,2,77.6,33.7,0,0,14.849998,11.405919,735.30865,27.233654,72.08091,72,81.89317,0,0,0,0,0,0,0,0,11,4,12,30,4,19,5,2,
..\..\..\files\weather\hourly\Perugia.csv,8/4/2020 12:00:00 AM,29.2,16.7,1.8000001,4,86.8,38.1,0,0,12.950001,11.933511,747.2422,27.675638,72.09581,72,81.781425,0,0,0,1,0,0,0,0,11,4,12,31,4,19,5,2,
..\..\..\files\weather\hourly\Perugia.csv,8/5/2020 12:00:00 AM,22.2,13.1,2.2,6,84.1,45.1,0,0,7.6500015,10.569576,757.81177,28.067102,72.109,72,81.682495,0,0,0,1,0,0,0,0,11,4,12,32,4,19,5,2,
..\..\..\files\weather\hourly\Perugia.csv,8/6/2020 12:00:00 AM,20.3,12.4,5.2,10,95.4,66.9,0,0,6.3499985,9.5669,767.37866,28.421432,72.12095,72,81.59288,0,1,1,1,0,1,0,0,11,5,13,33,4,20,5,2,
..\..\..\files\weather\hourly\Perugia.csv,8/7/2020 12:00:00 AM,22.9,12.3,0.1,3,96.1,50.6,0,0,7.6000004,10.536068,777.91473,28.811657,72.1341,72,81.49423,0,0,0,0,0,0,0,0,11,5,13,33,4,20,5,2,
..\..\..\files\weather\hourly\Perugia.csv,8/8/2020 12:00:00 AM,24.9,15.1,0,2,92.7,46.5,0,0,10,11.701426,789.61615,29.245043,72.14871,72,81.38466,0,0,0,0,0,0,0,0,11,5,13,33,4,20,5,2,
..\..\..\files\weather\hourly\Perugia.csv,8/9/2020 12:00:00 AM,24.8,15.4,0.4,3,90.6,47.1,0,0,10.099998,11.730667,801.3468,29.67951,73.000374,73,74.99719,0,0,0,1,0,0,0,0,11,5,13,34,4,20,5,2,
..\..\..\files\weather\hourly\Perugia.csv,8/10/2020 12:00:00 AM,27.9,17.9,0,0,77,35.8,0,0,12.9,11.940311,813.2871,30.121744,77.003105,77,39.984474,0,0,0,0,0,0,0,0,11,5,13,34,4,20,5,2,
..\..\..\files\weather\hourly\Perugia.csv,8/11/2020 12:00:00 AM,28.5,17.4,0,0,68.7,31.6,0,0,12.950001,11.933511,825.22064,30.563726,77.014366,77,39.92817,0,0,0,0,0,0,0,0,11,5,13,34,4,20,5,2,
..\..\..\files\weather\hourly\Perugia.csv,8/12/2020 12:00:00 AM,29,17.1,0,0,68.7,29.6,0,0,13.049999,11.918808,837.13947,31.005165,77.02561,77,39.87194,0,0,0,0,0,0,0,0,11,5,13,34,4,20,5,2,
..\..\..\files\weather\hourly\Perugia.csv,8/13/2020 12:00:00 AM,29.6,17.9,0.1,1,57.2,31,0,0,13.75,11.775086,848.91455,31.44128,77.03672,77,39.8164,0,0,0,0,0,0,0,0,11,5,13,34,4,20,5,2,
..\..\..\files\weather\hourly\Perugia.csv,8/14/2020 12:00:00 AM,30.3,17.3,0,0,58.9,25.6,0,0,13.799999,11.762096,860.67664,31.876913,77.04782,77,39.760895,0,0,0,0,0,0,0,0,11,5,13,34,4,20,5,2,
..\..\..\files\weather\hourly\Perugia.csv,8/15/2020 12:00:00 AM,29.6,17.1,0,0,66.7,30.7,0,0,13.35,11.865945,872.5426,32.31639,77.05901,77,39.704933,0,0,0,0,0,0,0,0,11,5,13,34,4,20,5,2,
..\..\..\files\weather\hourly\Perugia.csv,8/16/2020 12:00:00 AM,28.6,17.5,0,0,72.1,33.6,0,0,13.049999,11.918808,884.4614,32.75783,77.07027,77,39.648666,0,0,0,0,0,0,0,0,11,5,13,34,4,20,5,2,
..\..\..\files\weather\hourly\Perugia.csv,8/17/2020 12:00:00 AM,29.3,17.9,0,0,61.8,26.3,0,0,13.599998,11.811881,896.2733,33.19531,77.081406,77,39.59297,0,0,0,0,0,0,0,0,11,5,13,34,4,20,5,2,
..\..\..\files\weather\hourly\Perugia.csv,8/18/2020 12:00:00 AM,27.5,16.9,0.2,1,74.5,35.9,0,0,12.200001,11.997045,908.2704,33.63964,77.09273,77,39.53636,0,0,0,0,0,0,0,0,11,5,13,34,4,20,5,2,
..\..\..\files\weather\hourly\Perugia.csv,8/19/2020 12:00:00 AM,25.1,16.6,0,0,81.8,31.1,0,0,10.85,11.901682,920.17206,34.080444,77.10396,77,39.48021,0,0,0,0,0,0,0,0,11,5,13,34,4,20,5,2,
..\..\..\files\weather\hourly\Perugia.csv,8/20/2020 12:00:00 AM,26.3,15.5,0,0,69.3,36.8,0,0,10.9,11.910067,932.08215,34.52156,77.1152,77,39.42402,0,0,0,0,0,0,0,0,11,5,13,34,4,20,5,2,
..\..\..\files\weather\hourly\Perugia.csv,8/21/2020 12:00:00 AM,29.3,17.4,0,0,61.9,29.1,0,0,13.349998,11.865945,943.9481,34.96104,77.126396,77,39.36802,0,0,0,0,0,0,0,0,11,5,13,34,4,20,5,2,
..\..\..\files\weather\hourly\Perugia.csv,8/22/2020 12:00:00 AM,31.3,17.5,0,0,64.8,26.1,0,0,14.4,11.578015,955.5261,35.389854,77.13732,77,39.313393,0,0,0,0,0,0,0,0,11,5,13,34,4,20,5,2,
..\..\..\files\weather\hourly\Perugia.csv,8/23/2020 12:00:00 AM,31.5,17.3,0,0,61.8,22,0,0,14.4,11.578015,967.1041,35.818672,77.14825,77,39.258766,0,0,0,0,0,0,0,0,11,5,13,34,4,20,5,2,
..\..\..\files\weather\hourly\Perugia.csv,8/24/2020 12:00:00 AM,30.1,18.6,0,0,78.4,29.6,0,0,14.35,11.59534,978.69946,36.24813,77.15919,77,39.204063,0,0,0,0,0,0,0,0,11,5,13,34,4,20,5,2,
..\..\..\files\weather\hourly\Perugia.csv,8/25/2020 12:00:00 AM,24.8,16.3,11.1,12,88.9,57.2,0,0,10.549999,11.843475,990.54297,36.68678,77.170364,77,39.14818,1,1,1,1,0,1,1,1,12,6,14,35,4,21,6,3,
..\..\..\files\weather\hourly\Perugia.csv,8/26/2020 12:00:00 AM,26.2,14.9,0.5,1,89.6,35.7,0,0,10.549999,11.843475,1002.3865,37.125423,77.18154,77,39.092293,1,0,0,0,0,0,0,0,13,6,14,35,4,21,6,3,
..\..\..\files\weather\hourly\Perugia.csv,8/27/2020 12:00:00 AM,27.8,16.9,0,0,74,36.5,0,0,12.349998,11.990954,1014.37744,37.569534,77.192856,77,39.03572,0,0,0,0,0,0,0,0,13,6,14,35,4,21,6,3,
..\..\..\files\weather\hourly\Perugia.csv,8/28/2020 12:00:00 AM,28.1,15.8,0,0,91.8,36.1,0,0,11.950001,11.999815,1026.3772,38.01397,77.20418,77,38.97911,0,0,0,0,0,0,0,0,13,6,14,35,4,21,6,3,
..\..\..\files\weather\hourly\Perugia.csv,8/29/2020 12:00:00 AM,28.1,16.1,0,0,90.9,36.1,0,0,12.1,11.99926,1038.3765,38.45839,77.2155,77,38.9225,0,0,0,0,0,0,0,0,13,6,14,35,4,21,6,3,
..\..\..\files\weather\hourly\Perugia.csv,8/30/2020 12:00:00 AM,28.8,17.8,0,0,67.6,25.4,0,0,13.299999,11.875666,1050.2521,38.898224,77.22671,77,38.866463,0,0,0,0,0,0,0,0,13,6,14,35,4,21,6,3,
..\..\..\files\weather\hourly\Perugia.csv,8/31/2020 12:00:00 AM,24.8,15.8,13.7,11,93.4,41.4,0,0,10.299999,11.784593,1062.0366,39.33469,78.00175,78,34.991264,1,1,1,0,0,1,0,1,14,7,15,35,4,22,6,4,
..\..\..\files\weather\hourly\Perugia.csv,9/1/2020 12:00:00 AM,16.4,8.8,35.4,18,99.2,83.1,0,-1.1052635,2.6947367,5.039309,1067.0759,39.52133,78.00559,78,34.97204,1,1,1,0,1,0,0,0,15,8,16,35,5,22,6,4,
..\..\..\files\weather\hourly\Perugia.csv,9/2/2020 12:00:00 AM,19.7,8.6,0,0,87.5,46.2,0,-1.3117113,4.238289,7.222418,1074.2983,39.788826,78.01111,78,34.944458,1,0,0,0,0,0,0,0,16,8,16,35,5,22,6,4,
..\..\..\files\weather\hourly\Perugia.csv,9/3/2020 12:00:00 AM,20.4,9.2,0,0,92.5,52.5,0,-0.7714286,4.828571,8.003132,1082.3015,40.08524,78.01722,78,34.913902,0,0,0,0,0,0,0,0,16,8,16,35,5,22,6,4,
..\..\..\files\weather\hourly\Perugia.csv,9/4/2020 12:00:00 AM,20.8,10.8,1.1,8,93.8,51.6,0,0,5.799999,9.058881,1091.3604,40.420753,78.02414,78,34.879303,0,0,0,1,0,0,0,0,16,8,16,36,5,22,6,4,
..\..\..\files\weather\hourly\Perugia.csv,9/5/2020 12:00:00 AM,23.2,11.8,0,0,94.2,35.7,0,0,7.5,10.46785,1101.8282,40.808453,78.032135,78,34.839325,0,0,0,0,0,0,0,0,16,8,16,36,5,22,6,4,
..\..\..\files\weather\hourly\Perugia.csv,9/6/2020 12:00:00 AM,24.7,12.8,0,0,81.3,38.1,0,0,8.75,11.206497,1113.0348,41.22351,78.04069,78,34.796562,0,0,0,0,0,0,0,0,16,8,16,36,5,22,6,4,
..\..\..\files\weather\hourly\Perugia.csv,9/7/2020 12:00:00 AM,24.4,12.9,0,0,83.8,43.5,0,0,8.65,11.156458,1124.1913,41.636715,78.04921,78,34.753952,0,0,0,0,0,0,0,0,16,8,16,36,5,22,6,4,
..\..\..\files\weather\hourly\Perugia.csv,9/8/2020 12:00:00 AM,24.6,13.1,0,0,90.8,36,0,0,8.85,11.254976,1135.4463,42.053566,78.05781,78,34.71096,0,0,0,0,0,0,0,0,16,8,16,36,5,22,6,4,
..\..\..\files\weather\hourly\Perugia.csv,9/9/2020 12:00:00 AM,24.9,14.8,0.1,1,90.7,49,0,0,9.85,11.654705,1147.101,42.485218,78.0667,78,34.66648,0,0,0,0,0,0,0,0,16,8,16,36,5,22,6,4,
..\..\..\files\weather\hourly\Perugia.csv,9/10/2020 12:00:00 AM,25.6,15.3,0,0,94,44.4,0,0,10.450001,11.821058,1158.922,42.923035,78.07573,78,34.621353,0,0,0,0,0,0,0,0,16,8,16,36,5,22,6,4,
..\..\..\files\weather\hourly\Perugia.csv,9/11/2020 12:00:00 AM,25,16.2,4.4,7,91.8,50.9,0,0,10.6,11.854118,1170.7761,43.36208,78.084785,78,34.576073,0,1,1,1,0,1,0,0,16,9,17,37,5,23,6,4,
..\..\..\files\weather\hourly\Perugia.csv,9/12/2020 12:00:00 AM,24.6,15.5,3.1000001,10,95.6,55,0,0,10.049999,11.716236,1182.4923,43.796013,78.093735,78,34.531326,0,1,1,1,0,0,0,0,16,10,18,38,5,23,6,4,
..\..\..\files\weather\hourly\Perugia.csv,9/13/2020 12:00:00 AM,24.6,14.3,0.1,1,90.4,45.3,0,0,9.450001,11.513293,1194.0056,44.22243,78.10252,78,34.48738,0,0,0,0,0,0,0,0,16,10,18,38,5,23,6,4,
..\..\..\files\weather\hourly\Perugia.csv,9/14/2020 12:00:00 AM,25,15.8,0,0,82.5,46.7,0,0,10.4,11.80928,1205.815,44.659813,78.11154,78,34.44229,0,0,0,0,0,0,0,0,16,10,18,38,5,23,6,4,
..\..\..\files\weather\hourly\Perugia.csv,9/15/2020 12:00:00 AM,25,15.8,0,0,79.5,47.3,0,0,10.4,11.80928,1217.6243,45.097195,78.12056,78,34.3972,0,0,0,0,0,0,0,0,16,10,18,38,5,23,6,4,
..\..\..\files\weather\hourly\Perugia.csv,9/16/2020 12:00:00 AM,25.3,14.6,3.7,8,92.3,47.4,0,0,9.950001,11.6862335,1229.3105,45.53002,78.129486,78,34.35257,0,1,1,1,0,0,0,0,16,11,19,39,5,23,6,4,
..\..\..\files\weather\hourly\Perugia.csv,9/17/2020 12:00:00 AM,23.7,14.2,5.1,9,92.4,49.2,0,0,8.950001,11.301901,1240.6124,45.94861,78.138115,78,34.309425,0,1,1,1,0,0,0,0,16,12,20,40,5,23,6,4,
..\..\..\files\weather\hourly\Perugia.csv,9/18/2020 12:00:00 AM,24.2,13.1,0.8,1,90,50.7,0,0,8.650002,11.156458,1251.7689,46.361813,78.14664,78,34.266815,0,0,0,1,0,0,0,0,16,12,20,41,5,23,6,4,
..\..\..\files\weather\hourly\Perugia.csv,9/19/2020 12:00:00 AM,22.9,13.9,0.3,3,93.9,61.1,0,0,8.4,11.024516,1262.7935,46.77013,78.15505,78,34.22474,0,0,0,1,0,0,0,0,16,12,20,42,5,23,6,4,
..\..\..\files\weather\hourly\Perugia.csv,9/20/2020 12:00:00 AM,23.4,13.4,0,0,94.5,50.9,0,0,8.4,11.024516,1273.818,47.178444,78.163475,78,34.182625,0,0,0,0,0,0,0,0,16,12,20,42,5,23,6,4,
..\..\..\files\weather\hourly\Perugia.csv,9/21/2020 12:00:00 AM,23.5,13.9,1.4,3,91,55.6,0,0,8.700001,11.181672,1284.9996,47.59258,78.17201,78,34.13994,0,0,0,1,0,0,0,0,16,12,20,43,5,23,6,4,
..\..\..\files\weather\hourly\Perugia.csv,9/22/2020 12:00:00 AM,21.3,13.1,11,13,96.7,64.5,0,0,7.200001,10.253555,1295.2532,47.97234,78.17984,78,34.1008,1,1,1,1,0,0,1,0,17,13,21,44,5,23,7,4,
..\..\..\files\weather\hourly\Perugia.csv,9/23/2020 12:00:00 AM,20.2,12.8,2,13,94,58.2,0,0,6.5,9.696697,1304.9498,48.331474,78.18725,78,34.06376,1,0,0,1,1,0,0,0,18,13,21,45,6,23,7,4,
..\..\..\files\weather\hourly\Perugia.csv,9/24/2020 12:00:00 AM,18.3,12.6,2.3,15,96.3,63.1,0,0,5.45,8.708992,1313.6588,48.65403,79.00267,79,29.986649,0,0,0,1,0,0,0,0,18,13,21,46,6,23,7,4,
..\..\..\files\weather\hourly\Perugia.csv,9/25/2020 12:00:00 AM,19.9,12.7,1.9000001,8,93.1,56.8,0,0,6.299999,9.522806,1323.1816,49.00673,79.00877,79,29.956131,0,0,0,1,0,0,0,0,18,13,21,47,6,23,7,4,
..\..\..\files\weather\hourly\Perugia.csv,9/26/2020 12:00:00 AM,18,6.6,31.4,23,94.4,74.3,0,-2.8929827,2.8070176,4.56036,1327.742,49.17563,79.011696,79,29.94152,1,1,1,1,0,0,1,1,19,14,22,48,6,23,8,5,
..\..\..\files\weather\hourly\Perugia.csv,9/27/2020 12:00:00 AM,12,5.2,2.2,10,99.1,53.4,0,-3.105883,0.29411763,0,1327.742,49.17563,79.011696,79,29.94152,1,0,0,0,0,0,0,0,20,14,22,48,6,23,8,5,
..\..\..\files\weather\hourly\Perugia.csv,9/28/2020 12:00:00 AM,7.7,4.4,31.2,19,99.5,80.4,0,-1.6500001,0,0,1327.742,49.17563,79.011696,79,29.94152,0,0,0,0,0,0,0,0,20,14,22,48,6,23,8,5,
..\..\..\files\weather\hourly\Perugia.csv,9/29/2020 12:00:00 AM,12,5,0.3,7,98.2,61.9,0,-3.2142856,0.2857143,0,1327.742,49.17563,79.011696,79,29.94152,0,0,0,0,0,0,0,0,20,14,22,48,6,23,8,5,
..\..\..\files\weather\hourly\Perugia.csv,9/30/2020 12:00:00 AM,16.1,4.5,0,1,92.7,50.6,0,-4.1961207,1.6038793,0.7570255,1328.499,49.203667,79.012184,79,29.93908,0,0,0,0,0,0,0,0,20,14,22,48,6,23,8,5,
..\..\..\files\weather\hourly\Perugia.csv,10/1/2020 12:00:00 AM,17,6.9,0,3,96,53.5,0,-2.6242573,2.4257424,3.9761772,1332.4752,49.350937,79.01473,79,29.926338,0,0,0,0,0,0,0,0,20,14,22,48,6,23,8,5,
..\..\..\files\weather\hourly\Perugia.csv,10/2/2020 12:00:00 AM,16.5,8.2,0,2,97.3,62.1,0,-1.60482,2.5451806,4.64155,1337.1168,49.522842,79.01771,79,29.91146,0,0,0,0,0,0,0,0,20,14,22,48,6,23,8,5,
..\..\..\files\weather\hourly\Perugia.csv,10/3/2020 12:00:00 AM,18,9.3,0,0,90.3,53.5,0,-0.6718385,3.678161,6.569133,1343.6859,49.766144,79.02193,79,29.890366,0,0,0,0,0,0,0,0,20,14,22,48,6,23,8,5,
..\..\..\files\weather\hourly\Perugia.csv,10/4/2020 12:00:00 AM,18.8,9.2,15.3,15,92.9,62.2,0,-0.76666737,4.033333,7.0313315,1350.7173,50.026566,79.026436,79,29.86782,1,0,1,1,0,0,1,0,21,14,23,49,6,23,9,5,
..\..\..\files\weather\hourly\Perugia.csv,10/5/2020 12:00:00 AM,14.6,8.6,1.3000001,8,86.1,70,0,-1.2366663,1.7633337,3.3628306,1354.0801,50.151115,79.02859,79,29.857063,1,0,0,1,0,0,0,0,22,14,23,50,6,23,9,5,
..\..\..\files\weather\hourly\Perugia.csv,10/6/2020 12:00:00 AM,15.1,8.2,6.1,12,98.5,63.4,0,-1.565217,1.8847828,3.4523258,1357.5323,50.278973,79.03081,79,29.845963,0,0,1,1,0,0,1,0,22,14,24,51,6,23,10,5,
..\..\..\files\weather\hourly\Perugia.csv,10/7/2020 12:00:00 AM,15.8,6.7,0,0,90.6,50.1,0,-2.7016485,1.8483517,2.7176254,1360.25,50.379627,79.03255,79,29.837265,0,0,0,0,0,0,0,0,22,14,24,51,6,23,10,5,
..\..\..\files\weather\hourly\Perugia.csv,10/8/2020 12:00:00 AM,14.6,7.6,13,24,98.6,82.2,0,-1.9885718,1.5114287,2.430397,1362.6804,50.469643,79.0341,79,29.829483,1,0,1,0,0,0,0,0,23,14,25,51,6,23,10,5,
..\..\..\files\weather\hourly\Perugia.csv,10/9/2020 12:00:00 AM,15.8,5.2,0,4,94.9,45,0,-3.7132077,1.5867926,1.2032692,1363.8837,50.51421,79.03488,79,29.825592,1,0,0,0,0,0,0,0,24,14,25,51,6,23,10,5,
..\..\..\files\weather\hourly\Perugia.csv,10/10/2020 12:00:00 AM,18.3,6.2,0,0,81.4,37.5,0,-3.2033064,2.8466938,4.478613,1368.3623,50.680084,79.03775,79,29.811249,0,0,0,0,0,0,0,0,24,14,25,51,6,23,10,5,
..\..\..\files\weather\hourly\Perugia.csv,10/11/2020 12:00:00 AM,17.2,8.9,0,0,87.5,48.8,0,-1.0271087,3.122892,5.7220435,1374.0844,50.892014,79.04142,79,29.7929,0,0,0,0,0,0,0,0,24,14,25,51,6,23,10,5,
..\..\..\files\weather\hourly\Perugia.csv,10/12/2020 12:00:00 AM,13.1,7.3,8.2,13,94.8,75.2,0,-2.071552,0.8284485,0.5227821,1374.6072,50.911377,79.041756,79,29.791222,0,0,0,0,0,0,0,0,24,14,25,51,6,23,10,5,
..\..\..\files\weather\hourly\Perugia.csv,10/13/2020 12:00:00 AM,10.8,5.7,8.9,21,97.5,73.4,0,-2.487255,0.062745124,0,1374.6072,50.911377,79.041756,79,29.791222,0,0,0,0,0,0,0,0,24,14,25,51,6,23,10,5,
..\..\..\files\weather\hourly\Perugia.csv,10/14/2020 12:00:00 AM,11.4,4.1,1.3000001,9,96.7,61.7,0,-3.5157535,0.13424651,0,1374.6072,50.911377,79.041756,79,29.791222,0,0,0,0,0,0,0,0,24,14,25,51,6,23,10,5,
..\..\..\files\weather\hourly\Perugia.csv,10/15/2020 12:00:00 AM,11.7,5.3,7.6,17,91.7,71.2,0,-2.9742186,0.22578122,0,1374.6072,50.911377,79.041756,79,29.791222,0,0,0,0,0,0,0,0,24,14,25,51,6,23,10,5,
..\..\..\files\weather\hourly\Perugia.csv,10/16/2020 12:00:00 AM,11.3,6.2,13.7,21,96.1,82,0,-2.3843138,0.16568631,0,1374.6072,50.911377,79.041756,79,29.791222,1,0,0,0,0,0,1,0,25,14,25,51,6,23,11,5,
..\..\..\files\weather\hourly\Perugia.csv,10/17/2020 12:00:00 AM,10.4,4.8,0.70000005,9,96,61.5,0,-2.785714,0.014285689,0,1374.6072,50.911377,79.041756,79,29.791222,0,0,0,0,0,0,0,0,25,14,25,51,6,23,11,5,
..\..\..\files\weather\hourly\Perugia.csv,10/18/2020 12:00:00 AM,11.4,3.3,1.2,8,98.6,66.9,0,-3.9290125,0.1209876,0,1374.6072,50.911377,79.041756,79,29.791222,0,0,0,0,0,0,0,0,25,14,25,51,6,23,11,5,
..\..\..\files\weather\hourly\Perugia.csv,10/19/2020 12:00:00 AM,13,2.3,0,3,97.6,56.7,0,-4.9294395,0.42056075,0,1374.6072,50.911377,79.041756,79,29.791222,0,0,0,0,0,0,0,0,25,14,25,51,6,23,11,5,
..\..\..\files\weather\hourly\Perugia.csv,10/20/2020 12:00:00 AM,14.4,4,0,3,95.7,53.9,0,-4.269231,0.9307691,0,1374.6072,50.911377,79.041756,79,29.791222,0,0,0,0,0,0,0,0,25,14,25,51,6,23,11,5,
..\..\..\files\weather\hourly\Perugia.csv,10/21/2020 12:00:00 AM,14.9,4,0,4,88.8,48.3,0,-4.3486238,1.101376,0,1374.6072,50.911377,79.041756,79,29.791222,0,0,0,0,0,0,0,0,25,14,25,51,6,23,11,5,
..\..\..\files\weather\hourly\Perugia.csv,10/22/2020 12:00:00 AM,16.1,4.2,0,2,86.2,43.7,0,-4.3865542,1.5634454,0.40166575,1375.0088,50.92625,79.042015,79,29.789925,0,0,0,0,0,0,0,0,25,14,25,51,6,23,11,5,
..\..\..\files\weather\hourly\Perugia.csv,10/23/2020 12:00:00 AM,16.8,5.8,0,9,90.5,47.6,0,-3.3981812,2.1018178,2.8118825,1377.8207,51.030396,79.043816,79,29.780922,0,0,0,0,0,0,0,0,25,14,25,51,6,23,11,5,
..\..\..\files\weather\hourly\Perugia.csv,10/24/2020 12:00:00 AM,16.8,8.6,0,5,91.3,57.2,0,-1.2804875,2.819512,5.194663,1383.0154,51.22279,79.04715,79,29.764252,0,0,0,0,0,0,0,0,25,14,25,51,6,23,11,5,
..\..\..\files\weather\hourly\Perugia.csv,10/25/2020 12:00:00 AM,12.4,7.4,9.8,22,98.1,86.3,0,-1.9239995,0.5759999,0,1383.0154,51.22279,79.04715,79,29.764252,0,0,0,0,0,0,0,0,25,14,25,51,6,23,11,5,
..\..\..\files\weather\hourly\Perugia.csv,10/26/2020 12:00:00 AM,13.1,7.3,0,8,96.1,67.2,-2.071552,-2.071552,0,0,0,0,0,0,0,0,0,0,0,0,0,0,0,0,0,0,0,0,0,0,0,
..\..\..\files\weather\hourly\Perugia.csv,10/27/2020 12:00:00 AM,15.4,6.9,2.5,3,91.2,58.9,-4.6062574,-2.5347056,0,0,0,0,0,0,0,0,0,0,0,0,0,0,0,0,0,0,0,0,0,0,0,
..\..\..\files\weather\hourly\Perugia.csv,10/28/2020 12:00:00 AM,12,5.2,1.4,7,92.3,57.5,-7.71214,-3.105883,0,0,0,0,0,0,0,0,0,0,0,0,0,0,0,0,0,0,0,0,0,0,0,
..\..\..\files\weather\hourly\Perugia.csv,10/29/2020 12:00:00 AM,12.9,4.4,0,5,89.8,55,-11.467434,-3.7552938,0,0,0,0,0,0,0,0,0,0,0,0,0,0,0,0,0,0,0,0,0,0,0,
..\..\..\files\weather\hourly\Perugia.csv,10/30/2020 12:00:00 AM,13.4,4.1,0,8,94,63.6,-15.495929,-4.028495,0,0,0,0,0,0,0,0,0,0,0,0,0,0,0,0,0,0,0,0,0,0,0,
..\..\..\files\weather\hourly\Perugia.csv,10/31/2020 12:00:00 AM,15.5,4.6,0,9,96.8,53.4,-19.558315,-4.0623856,0,0,0,0,0,0,0,0,0,0,0,0,0,0,0,0,0,0,0,0,0,0,0,
..\..\..\files\weather\hourly\Perugia.csv,11/1/2020 12:00:00 AM,16.6,7.9,0,10,83.6,53.9,-21.404867,-1.8465517,0,0,0,0,0,0,0,0,0,0,0,0,0,0,0,0,0,0,0,0,0,0,0,
..\..\..\files\weather\hourly\Perugia.csv,11/2/2020 12:00:00 AM,16,7.5,0,6,94.6,59,-23.53722,-2.1323528,0,0,0,0,0,0,0,0,0,0,0,0,0,0,0,0,0,0,0,0,0,0,0,
..\..\..\files\weather\hourly\Perugia.csv,11/3/2020 12:00:00 AM,15,7.1,0,0,95.5,52.1,-25.904942,-2.3677218,0,0,0,0,0,0,0,0,0,0,0,0,0,0,0,0,0,0,0,0,0,0,0,
..\..\..\files\weather\hourly\Perugia.csv,11/4/2020 12:00:00 AM,14.8,6.7,0,5,92.3,61.2,-28.532719,-2.627778,0,0,0,0,0,0,0,0,0,0,0,0,0,0,0,0,0,0,0,0,0,0,0,
..\..\..\files\weather\hourly\Perugia.csv,11/5/2020 12:00:00 AM,14.1,8,0,13,96.4,70.5,-30.20485,-1.6721312,0,0,0,0,0,0,0,0,0,0,0,0,0,0,0,0,0,0,0,0,0,0,0,
..\..\..\files\weather\hourly\Perugia.csv,11/6/2020 12:00:00 AM,13.1,9,0,7,96,73.9,-31.082897,-0.8780488,0,0,0,0,0,0,0,0,0,0,0,0,0,0,0,0,0,0,0,0,0,0,0,
..\..\..\files\weather\hourly\Perugia.csv,11/7/2020 12:00:00 AM,14.7,6.9,0,6,95.5,60.4,-33.56687,-2.4839745,0,0,0,0,0,0,0,0,0,0,0,0,0,0,0,0,0,0,0,0,0,0,0,
..\..\..\files\weather\hourly\Perugia.csv,11/8/2020 12:00:00 AM,16,5.4,0,8,95.6,52.9,-37.16876,-3.6018865,0,0,0,0,0,0,0,0,0,0,0,0,0,0,0,0,0,0,0,0,0,0,0,
..\..\..\files\weather\hourly\Perugia.csv,11/9/2020 12:00:00 AM,15.2,6.1,0,5,89,47.4,-40.233044,-3.0642858,0,0,0,0,0,0,0,0,0,0,0,0,0,0,0,0,0,0,0,0,0,0,0,
..\..\..\files\weather\hourly\Perugia.csv,11/10/2020 12:00:00 AM,16.5,6.1,0,3,83.4,45.1,-43.401794,-3.1687503,0,0,0,0,0,0,0,0,0,0,0,0,0,0,0,0,0,0,0,0,0,0,0,
..\..\..\files\weather\hourly\Perugia.csv,11/11/2020 12:00:00 AM,16,7,0,7,83.8,47,-45.901794,-2.5,0,0,0,0,0,0,0,0,0,0,0,0,0,0,0,0,0,0,0,0,0,0,0,
..\..\..\files\weather\hourly\Perugia.csv,11/12/2020 12:00:00 AM,14.8,7.2,0,8,94,51,-48.186005,-2.2842107,0,0,0,0,0,0,0,0,0,0,0,0,0,0,0,0,0,0,0,0,0,0,0,
..\..\..\files\weather\hourly\Perugia.csv,11/13/2020 12:00:00 AM,12.5,6.8,0,10,97,66,-50.48776,-2.3017538,0,0,0,0,0,0,0,0,0,0,0,0,0,0,0,0,0,0,0,0,0,0,0,
..\..\..\files\weather\hourly\Perugia.csv,11/14/2020 12:00:00 AM,12.7,5,0,5,95.9,61.5,-53.864384,-3.3766239,0,0,0,0,0,0,0,0,0,0,0,0,0,0,0,0,0,0,0,0,0,0,0,
..\..\..\files\weather\hourly\Perugia.csv,11/15/2020 12:00:00 AM,11.4,6.6,0.6,9,94.9,76.8,-56.06022,-2.1958334,0,0,0,0,0,0,0,0,0,0,0,0,0,0,0,0,0,0,0,0,0,0,0,
..\..\..\files\weather\hourly\Perugia.csv,11/16/2020 12:00:00 AM,13.4,7,0,6,95.7,68.8,-58.357094,-2.296875,0,0,0,0,0,0,0,0,0,0,0,0,0,0,0,0,0,0,0,0,0,0,0,
..\..\..\files\weather\hourly\Perugia.csv,11/17/2020 12:00:00 AM,12.1,8.2,17.1,23,98,87.2,-59.74171,-1.3846151,0,0,0,0,0,0,0,1,0,0,0,0,0,0,0,1,0,0,0,0,0,0,0,
..\..\..\files\weather\hourly\Perugia.csv,11/18/2020 12:00:00 AM,9.1,6.4,0.5,11,97.2,80.8,-61.09171,-1.3499999,0,0,0,0,0,0,0,1,0,0,0,0,0,0,0,1,0,0,0,0,0,0,0,
..\..\..\files\weather\hourly\Perugia.csv,11/19/2020 12:00:00 AM,14.3,4.5,0,11,98.3,63.7,-65.04834,-3.9566321,0,0,0,0,0,0,0,0,0,0,0,0,0,0,0,0,0,0,0,0,0,0,0,
..\..\..\files\weather\hourly\Perugia.csv,11/20/2020 12:00:00 AM,13.4,3.1,0,9,98.4,63.2,-69.63718,-4.5888352,0,0,0,0,0,0,0,0,0,0,0,0,0,0,0,0,0,0,0,0,0,0,0,
..\..\..\files\weather\hourly\Perugia.csv,11/21/2020 12:00:00 AM,7.5,3.7,28.9,24,96.8,81.3,-71.53718,-1.8999999,0,0,0,0,0,0,0,0,0,0,0,0,0,0,0,0,0,0,0,0,0,0,0,
..\..\..\files\weather\hourly\Perugia.csv,11/22/2020 12:00:00 AM,4.1,-0.6,0.90000004,6,81.2,59.8,-73.32548,-1.7882979,0,0,0,0,0,0,0,0,0,0,0,0,0,0,0,0,0,0,0,0,0,0,0,
..\..\..\files\weather\hourly\Perugia.csv,11/23/2020 12:00:00 AM,7,-1.6,0,0,86.4,48.4,-76.17432,-2.8488371,0,0,0,0,0,0,0,0,0,0,0,0,0,0,0,0,0,0,0,0,0,0,0,
..\..\..\files\weather\hourly\Perugia.csv,11/24/2020 12:00:00 AM,11.3,-1.1,0,10,97.8,60.8,-81.39125,-5.2169356,0,0,0,0,0,0,0,0,0,0,0,0,0,0,0,0,0,0,0,0,0,0,0,
..\..\..\files\weather\hourly\Perugia.csv,11/25/2020 12:00:00 AM,9.7,2.6,0.1,13,96.8,64.8,-84.94125,-3.5499997,0,0,0,0,0,0,0,0,0,0,0,0,0,0,0,0,0,0,0,0,0,0,0,
..\..\..\files\weather\hourly\Perugia.csv,11/26/2020 12:00:00 AM,10.6,2.3,0,7,94.9,57.8,-89.069565,-4.128314,0,0,0,0,0,0,0,0,0,0,0,0,0,0,0,0,0,0,0,0,0,0,0,
..\..\..\files\weather\hourly\Perugia.csv,11/27/2020 12:00:00 AM,10.1,1.4,0,8,96.1,61,-93.41899,-4.3494253,0,0,0,0,0,0,0,0,0,0,0,0,0,0,0,0,0,0,0,0,0,0,0,
..\..\..\files\weather\hourly\Perugia.csv,11/28/2020 12:00:00 AM,11.1,3.8,0,13,96.7,62.4,-96.986115,-3.5671237,0,0,0,0,0,0,0,0,0,0,0,0,0,0,0,0,0,0,0,0,0,0,0,
..\..\..\files\weather\hourly\Perugia.csv,11/29/2020 12:00:00 AM,9.1,5.2,1.9000001,16,94.9,70.6,-98.93611,-1.9500003,0,0,0,0,0,0,0,0,0,0,0,0,0,0,0,0,0,0,0,0,0,0,0,
..\..\..\files\weather\hourly\Perugia.csv,11/30/2020 12:00:00 AM,9.2,4.6,2.5,21,96.5,84.4,-101.236115,-2.2999997,0,0,0,0,0,0,0,0,0,0,0,0,0,0,0,0,0,0,0,0,0,0,0,
..\..\..\files\weather\hourly\Perugia.csv,12/1/2020 12:00:00 AM,9.6,1.7,0,7,94.9,55.9,-101.236115,-3.95,0,0,0,0,0,0,0,0,0,0,0,0,0,0,0,0,0,0,0,0,0,0,0,
..\..\..\files\weather\hourly\Perugia.csv,12/2/2020 12:00:00 AM,5.6,3.4,7.1,19,93.4,79,-101.236115,-1.0999999,0,0,0,0,0,0,0,0,0,0,0,0,0,0,0,0,0,0,0,0,0,0,0,
..\..\..\files\weather\hourly\Perugia.csv,12/3/2020 12:00:00 AM,5.8,1.4,25.5,23,98.3,82.1,-101.236115,-2.2000003,0,0,0,0,0,0,0,0,0,0,0,0,0,0,0,0,0,0,0,0,0,0,0,
..\..\..\files\weather\hourly\Perugia.csv,12/4/2020 12:00:00 AM,6.3,0.5,0.4,16,99.6,70.4,-101.236115,-2.9,0,0,0,0,0,0,0,0,0,0,0,0,0,0,0,0,0,0,0,0,0,0,0,
..\..\..\files\weather\hourly\Perugia.csv,12/5/2020 12:00:00 AM,7.1,-1,0.3,6,96.2,66.9,-101.236115,-3.1117282,0,0,0,0,0,0,0,0,0,0,0,0,0,0,0,0,0,0,0,0,0,0,0,
..\..\..\files\weather\hourly\Perugia.csv,12/6/2020 12:00:00 AM,11.4,7,5.7,17,87.6,69.7,-101.01339,-1.9772726,0.22272718,0,0,0,0,0,0,0,0,0,0,0,0,0,0,0,0,0,0,0,0,0,0,
..\..\..\files\weather\hourly\Perugia.csv,12/7/2020 12:00:00 AM,8.9,1.3,32.1,23,99.1,82.3,-101.01339,-3.8,0,0,0,0,0,0,0,0,0,0,0,0,0,0,0,0,0,0,0,0,0,0,0,
..\..\..\files\weather\hourly\Perugia.csv,12/8/2020 12:00:00 AM,6,1.3,1.1,7,88,64,-101.01339,-2.3500001,0,0,0,0,0,0,0,0,0,0,0,0,0,0,0,0,0,0,0,0,0,0,0,
..\..\..\files\weather\hourly\Perugia.csv,12/9/2020 12:00:00 AM,6.1,3,26.6,24,97.4,83.2,-101.01339,-1.5500002,0,0,0,0,0,0,0,0,0,0,0,0,0,0,0,0,0,0,0,0,0,0,0,
..\..\..\files\weather\hourly\Perugia.csv,12/10/2020 12:00:00 AM,6.1,2.4,0.7,14,95,71.7,-101.01339,-1.8499999,0,0,0,0,0,0,0,0,0,0,0,0,0,0,0,0,0,0,0,0,0,0,0,
..\..\..\files\weather\hourly\Perugia.csv,12/11/2020 12:00:00 AM,5.3,0.4,0.4,16,97.5,69.6,-101.01339,-2.45,0,0,0,0,0,0,0,0,0,0,0,0,0,0,0,0,0,0,0,0,0,0,0,
..\..\..\files\weather\hourly\Perugia.csv,12/12/2020 12:00:00 AM,6.2,0.3,0,15,95,72.8,-101.01339,-2.95,0,0,0,0,0,0,0,0,0,0,0,0,0,0,0,0,0,0,0,0,0,0,0,
..\..\..\files\weather\hourly\Perugia.csv,12/13/2020 12:00:00 AM,7.1,-1.2,0,16,97.6,57.1,-101.01339,-3.036747,0,0,0,0,0,0,0,0,0,0,0,0,0,0,0,0,0,0,0,0,0,0,0,
..\..\..\files\weather\hourly\Perugia.csv,12/14/2020 12:00:00 AM,6.1,0.2,0,14,96.6,65.2,-101.01339,-2.9499998,0,0,0,0,0,0,0,0,0,0,0,0,0,0,0,0,0,0,0,0,0,0,0,
..\..\..\files\weather\hourly\Perugia.csv,12/15/2020 12:00:00 AM,8.7,-0.7,0,5,94.5,46.2,-101.01339,-4.026064,0,0,0,0,0,0,0,0,0,0,0,0,0,0,0,0,0,0,0,0,0,0,0,
..\..\..\files\weather\hourly\Perugia.csv,12/16/2020 12:00:00 AM,6.7,-0.6,0,0,73.6,51.8,-101.01339,-3.0746574,0,0,0,0,0,0,0,0,0,0,0,0,0,0,0,0,0,0,0,0,0,0,0,
..\..\..\files\weather\hourly\Perugia.csv,12/17/2020 12:00:00 AM,9.2,0.7,0.3,12,93.7,60.6,-101.01339,-4.25,0,0,0,0,0,0,0,0,0,0,0,0,0,0,0,0,0,0,0,0,0,0,0,
..\..\..\files\weather\hourly\Perugia.csv,12/18/2020 12:00:00 AM,9.6,1.4,0,10,93.3,60.7,-101.01339,-4.1,0,0,0,0,0,0,0,0,0,0,0,0,0,0,0,0,0,0,0,0,0,0,0,
..\..\..\files\weather\hourly\Perugia.csv,12/19/2020 12:00:00 AM,9.7,0.4,0,13,96.9,55.2,-101.01339,-4.6499996,0,0,0,0,0,0,0,0,0,0,0,0,0,0,0,0,0,0,0,0,0,0,0,
..\..\..\files\weather\hourly\Perugia.csv,12/20/2020 12:00:00 AM,8.2,1.1,0,12,97.9,61.9,-101.01339,-3.5500002,0,0,0,0,0,0,0,0,0,0,0,0,0,0,0,0,0,0,0,0,0,0,0,
..\..\..\files\weather\hourly\Perugia.csv,12/21/2020 12:00:00 AM,9.2,1.7,0,13,92.4,54.1,-101.01339,-3.7499998,0,0,0,0,0,0,0,0,0,0,0,0,0,0,0,0,0,0,0,0,0,0,0,
..\..\..\files\weather\hourly\Perugia.csv,12/22/2020 12:00:00 AM,9,1.5,0,15,91.9,59.5,-101.01339,-3.75,0,0,0,0,0,0,0,0,0,0,0,0,0,0,0,0,0,0,0,0,0,0,0,
..\..\..\files\weather\hourly\Perugia.csv,12/23/2020 12:00:00 AM,8.9,3.3,0,15,96.2,72.3,-101.01339,-2.8,0,0,0,0,0,0,0,0,0,0,0,0,0,0,0,0,0,0,0,0,0,0,0,
..\..\..\files\weather\hourly\Perugia.csv,12/24/2020 12:00:00 AM,8.7,3.4,0,14,96,76.8,-101.01339,-2.65,0,0,0,0,0,0,0,0,0,0,0,0,0,0,0,0,0,0,0,0,0,0,0,
..\..\..\files\weather\hourly\Perugia.csv,12/25/2020 12:00:00 AM,9.8,6.8,3.3000002,16,96.4,74.7,-101.01339,-1.5,0,0,0,0,0,0,0,0,0,0,0,0,0,0,0,0,0,0,0,0,0,0,0,
..\..\..\files\weather\hourly\Perugia.csv,12/26/2020 12:00:00 AM,8.4,1.9,5.5,24,96.8,85.7,-101.01339,-3.2499995,0,0,0,0,0,0,0,0,0,0,0,0,0,0,0,0,0,0,0,0,0,0,0,
..\..\..\files\weather\hourly\Perugia.csv,12/27/2020 12:00:00 AM,1.3,-1,34.7,24,95.5,89.5,-101.01339,-0.36739126,0,0,0,0,0,0,0,0,0,0,0,0,0,0,0,0,0,0,0,0,0,0,0,
..\..\..\files\weather\hourly\Perugia.csv,12/28/2020 12:00:00 AM,1.8,-5.7,0,16,96.9,80.2,-101.01339,-0.21599999,0,0,0,0,0,0,0,0,0,0,0,0,0,0,0,0,0,0,0,0,0,0,0,
..\..\..\files\weather\hourly\Perugia.csv,12/29/2020 12:00:00 AM,4.2,-1.5,30.3,23,99.4,81.7,-101.01339,-1.5473683,0,0,0,0,0,0,0,0,0,0,0,0,0,0,0,0,0,0,0,0,0,0,0,
..\..\..\files\weather\hourly\Perugia.csv,12/30/2020 12:00:00 AM,5.4,2.2,3.2,23,93.2,79.5,-101.01339,-1.6000001,0,0,0,0,0,0,0,0,0,0,0,0,0,0,0,0,0,0,0,0,0,0,0,
..\..\..\files\weather\hourly\Perugia.csv,12/31/2020 12:00:00 AM,3.7,0,1.5,16,95.5,71.7,-101.01339,-1.85,0,0,0,0,0,0,0,0,0,0,0,0,0,0,0,0,0,0,0,0,0,0,0,
